skill_match_percentage,critical_skill_match_percentage,missing_skills_count,critical_missing_skills_count,optional_skill_match_percentage,project_relevance_score,certification_relevance_score,internship_relevance_score,resume_completeness_score,keyword_match_score,role_category_match_score,readiness_label
58,62,0,0,60,39,44,13,72,50,14,Needs Improvement
59,51,12,2,89,72,60,38,70,75,65,Moderately Ready
65,70,9,0,50,74,63,100,100,72,76,Highly Ready
78,71,16,12,7,43,35,81,62,87,54,Moderately Ready
50,44,0,12,48,72,59,65,85,76,41,Moderately Ready
27,45,15,0,82,28,49,27,59,28,68,Needs Improvement
66,92,3,0,100,87,44,85,78,98,75,Highly Ready
54,70,10,2,85,50,74,70,66,66,45,Moderately Ready
33,82,5,10,86,61,46,41,60,46,27,Needs Improvement
95,70,7,11,26,71,50,65,83,64,90,Highly Ready
79,51,16,7,86,51,63,43,66,43,60,Moderately Ready
65,56,7,4,100,59,52,43,55,28,15,Needs Improvement
72,55,12,9,72,80,69,33,100,84,48,Moderately Ready
41,56,20,2,60,36,28,44,43,44,46,Needs Improvement
61,70,16,0,46,43,34,69,82,83,57,Moderately Ready
18,40,12,7,79,48,44,28,77,55,68,Needs Improvement
100,62,13,0,33,87,86,74,89,96,92,Highly Ready
43,11,20,12,21,39,0,34,45,34,34,Not Ready Yet
23,48,9,12,29,37,54,40,32,50,37,Needs Improvement
20,51,20,0,16,36,2,45,19,19,20,Not Ready Yet
6,0,19,12,50,39,14,36,49,46,11,Not Ready Yet
77,95,4,5,86,73,100,55,84,79,60,Highly Ready
61,51,14,0,94,33,62,81,79,89,93,Moderately Ready
10,15,19,12,74,39,27,49,24,44,31,Not Ready Yet
30,66,20,12,20,42,48,89,78,87,57,Moderately Ready
25,11,5,6,63,24,31,52,47,22,34,Not Ready Yet
97,84,0,10,53,100,74,61,59,76,68,Highly Ready
44,49,20,9,80,39,12,28,13,29,35,Not Ready Yet
62,20,17,0,27,46,26,23,42,75,31,Needs Improvement
40,31,19,7,33,23,20,45,43,34,37,Not Ready Yet
71,73,0,0,64,92,68,65,66,76,52,Highly Ready
70,92,2,0,12,59,38,69,58,73,57,Moderately Ready
87,74,1,7,74,71,54,77,44,39,62,Moderately Ready
69,68,3,0,18,37,71,81,76,85,64,Moderately Ready
42,8,19,12,68,11,10,31,55,37,6,Not Ready Yet
68,78,0,1,74,76,58,41,44,83,100,Moderately Ready
54,52,1,7,9,52,31,27,50,33,53,Needs Improvement
80,82,11,0,81,93,81,88,100,72,94,Highly Ready
66,70,16,0,11,43,62,47,69,69,40,Moderately Ready
48,61,16,0,63,43,49,77,44,35,50,Needs Improvement
53,60,13,12,67,58,50,60,56,24,39,Needs Improvement
82,72,7,4,98,89,93,53,93,49,90,Highly Ready
17,16,20,9,31,36,37,29,31,32,32,Not Ready Yet
72,63,0,6,72,55,95,79,87,94,51,Highly Ready
37,30,7,0,19,0,19,21,41,23,23,Not Ready Yet
80,92,0,7,8,100,51,99,93,73,61,Highly Ready
48,42,6,5,46,66,76,59,75,76,78,Moderately Ready
44,85,0,0,50,82,71,32,90,79,45,Moderately Ready
72,94,7,7,41,73,84,55,82,97,100,Highly Ready
91,65,0,0,2,100,86,71,92,90,99,Highly Ready
66,40,0,0,0,88,45,68,74,60,83,Moderately Ready
16,30,13,5,39,49,34,25,9,48,52,Not Ready Yet
83,84,11,0,67,55,90,54,76,45,95,Moderately Ready
41,24,20,11,22,24,16,0,24,39,11,Not Ready Yet
76,54,8,12,9,60,59,51,71,75,62,Moderately Ready
30,73,15,12,70,47,61,42,49,60,27,Needs Improvement
82,61,20,3,43,53,67,59,95,39,71,Moderately Ready
34,11,20,7,33,33,25,43,29,33,21,Not Ready Yet
54,49,19,0,75,68,45,74,52,91,55,Moderately Ready
83,37,10,4,41,64,46,54,88,53,57,Moderately Ready
56,75,0,0,93,77,82,74,82,72,100,Highly Ready
57,30,7,0,22,28,20,64,78,23,49,Needs Improvement
44,61,7,4,1,55,38,60,22,53,66,Needs Improvement
79,99,1,6,42,95,80,47,91,71,69,Highly Ready
92,65,10,0,34,77,78,46,97,80,88,Highly Ready
4,37,20,0,53,23,34,4,20,27,21,Not Ready Yet
68,75,0,0,67,53,22,78,58,71,80,Moderately Ready
15,3,20,12,0,44,37,32,47,13,23,Not Ready Yet
32,28,12,10,96,29,33,40,55,27,46,Needs Improvement
50,31,13,10,75,59,48,90,53,74,85,Moderately Ready
79,38,1,12,81,51,71,67,81,68,65,Moderately Ready
91,67,13,1,58,94,40,75,95,93,71,Highly Ready
77,70,0,0,63,65,52,54,72,61,51,Moderately Ready
73,45,0,0,6,60,42,73,68,61,53,Moderately Ready
78,48,4,5,20,54,40,58,79,79,59,Moderately Ready
0,16,17,12,95,24,40,40,59,22,33,Not Ready Yet
79,73,1,1,74,81,94,72,71,91,53,Highly Ready
39,30,0,2,22,65,26,53,56,33,28,Needs Improvement
57,14,20,3,62,40,11,38,33,33,5,Not Ready Yet
92,70,2,0,100,93,60,55,96,100,82,Highly Ready
29,33,12,12,71,34,24,29,48,37,55,Not Ready Yet
57,81,3,0,13,93,83,59,74,55,57,Highly Ready
72,58,1,10,32,58,79,63,47,59,72,Moderately Ready
46,47,5,1,25,50,75,50,68,45,76,Moderately Ready
47,48,14,0,10,55,65,29,30,40,52,Needs Improvement
76,47,8,9,39,49,36,49,55,69,67,Moderately Ready
66,60,17,0,88,36,36,35,61,52,74,Moderately Ready
75,63,0,0,31,75,85,90,46,82,60,Moderately Ready
7,26,17,0,54,23,23,8,15,63,17,Not Ready Yet
34,51,6,11,0,29,32,40,52,58,27,Needs Improvement
34,31,15,12,68,42,8,27,58,53,52,Needs Improvement
54,39,19,2,45,64,37,59,73,38,33,Needs Improvement
23,33,4,12,14,21,5,8,10,31,50,Not Ready Yet
97,79,4,0,93,87,44,100,69,94,90,Highly Ready
78,65,6,9,48,48,62,61,63,100,61,Moderately Ready
53,55,8,0,28,57,46,82,63,74,93,Moderately Ready
17,22,5,12,34,29,30,0,36,19,20,Not Ready Yet
20,33,11,2,67,61,24,24,35,56,37,Needs Improvement
57,53,13,1,32,50,65,36,68,65,52,Needs Improvement
57,35,10,0,68,51,30,43,29,52,54,Needs Improvement
87,100,0,0,100,73,29,57,92,53,100,Highly Ready
35,63,2,0,67,69,40,88,79,82,64,Moderately Ready
33,81,10,4,32,80,82,56,87,68,66,Highly Ready
0,15,20,12,26,47,6,0,33,25,19,Not Ready Yet
49,32,0,0,93,59,43,70,68,48,23,Needs Improvement
77,66,0,7,16,78,80,47,95,86,57,Highly Ready
93,63,18,12,87,80,63,50,86,99,55,Highly Ready
63,42,0,12,7,42,16,53,49,51,15,Moderately Ready
34,46,16,12,94,20,24,5,21,40,34,Not Ready Yet
85,97,4,12,10,84,61,90,83,90,78,Highly Ready
27,73,20,5,61,28,60,41,68,74,66,Needs Improvement
36,29,0,0,11,29,49,21,50,50,29,Needs Improvement
63,54,17,2,69,70,60,55,67,75,79,Moderately Ready
82,76,0,0,100,100,80,63,71,75,87,Highly Ready
42,6,0,11,53,10,8,6,16,48,26,Not Ready Yet
93,67,13,12,57,76,78,44,87,59,68,Moderately Ready
29,73,0,1,12,50,48,7,59,13,56,Needs Improvement
84,85,0,0,28,78,68,89,64,89,92,Highly Ready
90,78,7,0,80,95,74,45,52,58,100,Highly Ready
65,53,8,8,46,62,43,36,80,73,74,Moderately Ready
32,38,10,0,28,48,6,48,75,38,14,Needs Improvement
54,68,0,8,56,50,49,65,50,59,84,Moderately Ready
71,34,1,8,54,55,60,65,70,69,37,Needs Improvement
69,34,11,10,21,69,29,39,62,18,25,Needs Improvement
84,64,9,7,10,53,31,54,68,79,69,Moderately Ready
64,61,0,3,78,67,72,89,62,72,64,Moderately Ready
57,77,17,0,52,88,73,100,91,66,71,Moderately Ready
92,67,10,1,95,64,31,65,70,84,45,Moderately Ready
24,20,20,11,52,46,16,22,29,9,35,Not Ready Yet
81,62,0,0,48,58,83,93,88,84,58,Highly Ready
37,49,14,11,57,34,33,35,59,66,29,Needs Improvement
63,43,0,12,68,84,52,50,55,60,84,Moderately Ready
88,78,0,6,69,65,68,68,60,78,85,Highly Ready
37,47,10,0,84,41,48,39,80,48,35,Needs Improvement
31,19,5,10,48,9,27,51,29,42,53,Not Ready Yet
3,21,20,6,54,15,36,25,20,12,20,Not Ready Yet
96,66,12,1,72,66,96,50,93,100,75,Highly Ready
47,1,11,3,24,46,14,42,50,21,25,Needs Improvement
75,100,17,5,88,100,68,69,65,79,74,Highly Ready
31,41,0,12,89,22,0,13,33,16,2,Not Ready Yet
84,97,5,0,99,72,72,46,100,80,100,Highly Ready
51,30,6,12,94,58,33,47,60,58,35,Needs Improvement
34,69,8,8,52,33,27,62,64,44,33,Needs Improvement
78,100,4,12,57,88,59,53,66,66,65,Highly Ready
37,70,0,0,35,38,49,44,62,56,70,Needs Improvement
41,26,9,12,35,25,43,12,50,47,25,Needs Improvement
38,52,0,0,69,83,92,83,87,80,46,Moderately Ready
82,88,7,1,61,89,70,100,80,93,82,Highly Ready
71,70,0,0,46,67,68,96,95,79,77,Highly Ready
53,80,7,0,38,74,67,82,77,62,77,Moderately Ready
39,19,0,6,23,41,57,50,64,22,52,Not Ready Yet
36,16,0,3,15,41,20,41,48,28,20,Needs Improvement
79,85,0,1,70,48,35,65,71,72,50,Moderately Ready
8,35,0,0,68,19,37,12,49,32,24,Not Ready Yet
80,51,0,0,39,48,27,62,63,48,84,Moderately Ready
53,62,0,0,68,41,31,56,54,81,33,Needs Improvement
69,82,3,11,61,67,33,46,73,68,59,Moderately Ready
70,66,0,0,99,78,89,99,78,64,69,Highly Ready
68,24,8,12,72,51,26,7,55,21,67,Needs Improvement
45,46,0,12,30,65,62,83,59,57,50,Moderately Ready
72,82,15,5,43,57,62,60,66,93,100,Highly Ready
62,51,20,4,29,60,27,26,47,76,60,Moderately Ready
54,43,7,10,64,27,78,0,75,57,50,Needs Improvement
96,79,0,0,27,97,69,86,76,70,100,Highly Ready
84,100,0,11,27,86,87,60,85,92,92,Highly Ready
65,75,0,4,4,60,100,87,62,74,100,Highly Ready
13,41,20,0,21,33,31,0,28,43,41,Not Ready Yet
11,11,18,4,55,43,26,19,26,42,42,Not Ready Yet
37,40,20,7,73,34,69,17,59,7,21,Not Ready Yet
83,93,5,0,90,99,98,81,84,87,51,Highly Ready
91,88,0,0,85,56,93,66,100,96,91,Highly Ready
23,23,20,3,52,25,17,9,33,35,35,Not Ready Yet
33,35,15,9,89,31,28,56,36,49,64,Needs Improvement
0,32,13,9,20,42,59,41,62,50,56,Needs Improvement
80,84,1,5,58,100,54,78,56,55,70,Highly Ready
75,94,14,7,27,85,68,94,79,93,77,Highly Ready
49,26,0,4,87,79,56,74,73,95,88,Moderately Ready
14,29,19,0,73,19,0,53,29,45,35,Not Ready Yet
61,72,16,8,32,73,67,32,72,78,48,Moderately Ready
68,58,0,4,100,35,13,69,57,36,64,Needs Improvement
14,43,13,8,81,4,36,42,14,15,13,Not Ready Yet
81,67,13,0,37,45,36,34,69,47,50,Moderately Ready
72,39,11,3,53,23,30,45,86,44,57,Needs Improvement
90,51,0,6,33,77,34,92,67,85,52,Moderately Ready
67,49,0,1,34,61,59,61,65,83,64,Moderately Ready
43,38,4,12,73,23,53,53,59,36,44,Not Ready Yet
78,71,14,2,95,91,75,83,93,99,68,Highly Ready
23,62,0,12,11,61,37,51,37,20,70,Needs Improvement
74,63,0,12,38,73,100,99,85,82,86,Highly Ready
67,83,12,3,95,84,100,96,93,97,58,Moderately Ready
36,8,6,2,13,28,5,21,15,57,23,Needs Improvement
85,44,5,4,15,61,70,72,92,56,71,Moderately Ready
38,69,0,12,77,78,75,63,50,52,59,Moderately Ready
69,83,7,0,75,48,96,24,96,41,65,Moderately Ready
27,10,20,12,43,34,37,16,24,60,6,Not Ready Yet
68,78,7,0,59,41,54,53,80,91,52,Moderately Ready
83,67,7,6,14,76,57,44,92,91,60,Highly Ready
76,68,6,0,39,74,31,64,69,54,74,Moderately Ready
95,81,7,0,38,79,79,100,100,80,85,Highly Ready
67,56,0,7,65,59,61,72,66,38,68,Moderately Ready
55,58,12,7,13,48,84,69,66,59,61,Moderately Ready
8,28,19,5,99,12,34,33,41,19,15,Not Ready Yet
99,86,10,1,51,94,66,83,93,82,75,Highly Ready
55,75,0,0,93,75,72,66,83,73,65,Moderately Ready
36,17,20,0,0,31,30,25,35,7,39,Not Ready Yet
78,88,2,2,34,75,87,55,71,50,86,Highly Ready
25,28,12,0,15,41,9,43,69,31,40,Needs Improvement
91,75,0,1,43,82,90,73,92,75,64,Highly Ready
8,29,5,0,52,22,41,29,21,66,19,Not Ready Yet
87,100,4,11,20,72,49,63,82,67,82,Highly Ready
66,56,0,12,0,60,30,41,76,59,56,Moderately Ready
34,36,0,0,76,49,57,54,83,66,58,Needs Improvement
56,62,0,0,39,32,27,50,51,22,36,Needs Improvement
42,14,12,12,45,30,1,35,52,56,11,Not Ready Yet
62,56,6,0,58,64,80,40,84,90,78,Moderately Ready
15,44,20,0,59,30,2,37,30,38,4,Not Ready Yet
63,22,3,6,98,43,42,61,41,38,61,Needs Improvement
71,64,19,5,48,25,58,20,82,22,40,Needs Improvement
56,53,0,12,76,52,57,16,25,43,53,Needs Improvement
94,69,0,0,55,52,32,57,65,86,76,Moderately Ready
62,64,11,4,30,49,41,37,47,46,32,Needs Improvement
38,65,15,4,32,36,25,68,78,40,58,Needs Improvement
21,12,14,0,51,40,15,14,19,1,25,Not Ready Yet
68,88,6,0,0,88,57,75,100,78,95,Highly Ready
18,15,15,0,62,37,4,50,55,32,21,Not Ready Yet
71,79,0,9,10,53,89,69,55,84,49,Moderately Ready
25,23,10,12,68,17,14,44,30,39,13,Not Ready Yet
40,48,6,5,27,30,37,45,49,33,68,Needs Improvement
63,68,0,6,0,64,42,66,69,75,86,Moderately Ready
44,70,6,1,90,64,64,49,81,44,50,Moderately Ready
58,48,2,0,83,74,87,99,72,58,92,Highly Ready
97,99,7,2,64,81,47,89,94,60,64,Highly Ready
31,39,11,0,54,47,22,38,36,46,36,Needs Improvement
30,38,9,3,74,56,60,43,50,16,54,Needs Improvement
68,44,4,8,3,86,18,47,61,41,64,Highly Ready
51,59,0,12,59,72,55,82,70,40,73,Moderately Ready
81,67,2,0,89,66,60,63,78,100,100,Highly Ready
59,40,8,7,91,59,71,40,88,60,36,Moderately Ready
49,49,11,0,44,61,43,42,48,51,66,Needs Improvement
34,27,20,4,33,0,45,11,53,51,23,Not Ready Yet
30,33,10,0,2,55,52,20,51,27,21,Needs Improvement
78,49,0,0,68,88,74,65,83,60,64,Needs Improvement
100,100,0,5,98,66,88,73,67,93,100,Highly Ready
49,84,12,12,26,80,25,33,62,66,52,Moderately Ready
93,73,9,10,59,61,59,96,66,90,83,Highly Ready
94,75,0,0,51,100,82,46,84,86,73,Highly Ready
50,28,14,12,45,53,38,61,36,55,49,Needs Improvement
65,60,15,0,100,80,71,42,85,67,49,Moderately Ready
75,62,7,0,17,67,72,45,63,56,66,Moderately Ready
98,77,0,0,75,50,70,35,47,74,68,Moderately Ready
38,24,8,1,16,60,18,72,36,52,59,Needs Improvement
88,71,8,0,19,52,72,63,82,53,93,Highly Ready
27,46,19,3,39,29,20,26,36,16,12,Not Ready Yet
29,62,7,12,11,39,63,55,40,60,34,Needs Improvement
70,50,11,2,80,66,39,24,77,71,78,Moderately Ready
42,47,10,1,34,78,34,49,86,27,56,Needs Improvement
79,77,7,3,55,71,33,72,80,55,85,Moderately Ready
13,5,0,6,38,19,9,35,30,23,16,Not Ready Yet
55,71,0,0,87,54,67,45,47,73,77,Moderately Ready
79,88,16,12,85,69,79,21,86,46,46,Highly Ready
90,54,6,1,17,71,69,91,58,86,51,Moderately Ready
49,60,2,0,39,37,41,49,46,30,49,Needs Improvement
8,16,20,8,0,32,10,10,50,41,12,Not Ready Yet
74,67,0,0,79,89,45,67,66,63,72,Highly Ready
92,80,10,0,89,75,80,38,79,88,59,Highly Ready
42,45,19,2,48,39,59,42,42,51,48,Needs Improvement
0,46,9,4,5,13,29,34,43,26,45,Not Ready Yet
47,84,15,8,100,81,24,97,51,71,87,Moderately Ready
50,64,18,0,56,49,81,50,50,66,73,Moderately Ready
62,73,20,0,33,100,73,59,88,64,89,Highly Ready
44,64,3,0,0,94,87,42,63,71,74,Moderately Ready
24,44,14,12,16,0,14,14,27,31,55,Not Ready Yet
21,25,6,9,47,17,22,36,26,49,42,Not Ready Yet
9,32,20,12,39,7,20,0,54,19,56,Not Ready Yet
69,64,0,12,10,76,65,53,74,95,69,Highly Ready
35,37,5,7,66,31,38,12,57,66,40,Needs Improvement
54,55,18,0,89,43,31,14,85,44,48,Needs Improvement
86,92,6,9,75,84,73,84,77,84,100,Highly Ready
56,24,12,5,19,24,68,16,66,67,42,Needs Improvement
62,49,20,0,53,80,54,50,84,55,56,Moderately Ready
27,52,6,6,18,69,56,18,65,47,56,Needs Improvement
81,76,4,0,100,86,50,87,69,82,70,Highly Ready
23,19,20,12,80,36,21,39,52,17,21,Not Ready Yet
0,34,6,0,98,20,42,43,34,30,30,Not Ready Yet
15,27,20,5,41,3,11,7,56,44,29,Not Ready Yet
24,47,0,0,54,43,34,40,52,73,43,Needs Improvement
59,64,9,6,46,89,66,53,85,73,57,Moderately Ready
79,96,0,0,53,92,59,78,80,86,100,Highly Ready
83,60,0,0,16,28,27,31,97,39,79,Moderately Ready
85,82,20,12,85,93,62,53,67,66,56,Moderately Ready
51,40,19,12,12,41,46,32,64,39,60,Needs Improvement
45,42,20,1,69,45,66,60,64,34,32,Needs Improvement
40,22,0,0,42,0,0,42,53,45,21,Not Ready Yet
96,74,13,6,21,62,77,85,69,100,100,Highly Ready
30,44,8,9,45,42,35,37,57,35,41,Needs Improvement
63,28,18,4,50,13,26,54,38,40,27,Needs Improvement
33,24,8,3,53,51,18,56,40,33,62,Needs Improvement
42,44,13,7,20,47,19,17,68,53,49,Needs Improvement
96,75,0,0,40,71,56,81,68,82,97,Highly Ready
57,59,20,7,52,29,56,24,53,34,45,Needs Improvement
62,33,20,3,86,55,55,8,66,28,24,Needs Improvement
83,63,5,0,14,100,52,98,81,97,82,Highly Ready
62,69,2,1,79,45,46,31,70,16,42,Needs Improvement
45,58,1,11,70,83,85,87,67,64,66,Moderately Ready
91,79,17,1,83,100,42,60,65,57,63,Highly Ready
53,24,20,0,18,46,12,28,60,62,37,Needs Improvement
22,21,11,9,0,26,44,48,43,19,15,Not Ready Yet
49,22,9,12,34,42,20,52,73,63,35,Needs Improvement
67,90,7,0,69,57,93,78,84,76,54,Highly Ready
52,35,14,0,99,71,26,17,59,65,33,Needs Improvement
14,19,20,12,53,11,7,28,8,18,23,Not Ready Yet
27,33,20,12,90,0,8,36,58,37,33,Not Ready Yet
37,27,14,12,57,0,42,2,50,8,36,Not Ready Yet
50,48,20,12,9,69,29,65,51,26,79,Needs Improvement
97,83,4,0,21,48,99,61,83,86,87,Highly Ready
62,24,6,5,90,47,51,20,35,36,61,Needs Improvement
74,67,6,0,79,44,77,75,58,60,50,Needs Improvement
81,49,1,3,34,48,43,26,62,42,54,Needs Improvement
38,38,18,0,20,57,40,51,43,45,52,Needs Improvement
49,44,9,7,88,52,48,48,39,65,51,Needs Improvement
29,20,3,0,37,58,64,63,61,80,43,Needs Improvement
49,89,20,0,19,49,74,53,84,77,89,Moderately Ready
28,39,20,1,60,19,63,43,44,37,39,Needs Improvement
51,2,13,6,97,30,6,42,34,22,23,Not Ready Yet
46,44,11,5,0,56,70,75,40,37,60,Needs Improvement
50,53,0,0,31,43,35,27,61,55,72,Needs Improvement
54,37,19,2,51,87,50,43,84,47,79,Moderately Ready
58,58,18,12,91,69,63,53,55,40,58,Needs Improvement
28,30,4,4,80,45,37,57,70,32,35,Needs Improvement
86,87,0,12,27,88,48,87,55,59,82,Moderately Ready
98,71,1,5,23,85,50,83,99,62,81,Highly Ready
38,85,19,12,36,76,60,54,75,61,56,Moderately Ready
90,89,0,0,15,88,100,53,64,100,95,Highly Ready
73,69,13,5,53,65,92,89,85,88,94,Highly Ready
6,14,20,5,38,19,40,0,31,21,9,Not Ready Yet
64,50,0,0,88,47,34,59,73,54,64,Moderately Ready
58,76,2,0,78,76,70,42,50,83,62,Moderately Ready
49,45,4,12,97,42,4,29,60,18,68,Needs Improvement
51,64,3,0,54,61,16,45,63,28,54,Needs Improvement
99,71,3,2,51,51,61,88,57,69,57,Moderately Ready
78,54,5,12,0,57,56,76,55,81,79,Moderately Ready
43,13,12,12,58,17,0,16,29,11,38,Not Ready Yet
54,83,17,0,24,77,32,58,53,53,73,Moderately Ready
50,65,8,12,50,61,49,84,63,19,44,Needs Improvement
14,38,0,8,36,18,10,47,34,25,0,Not Ready Yet
86,64,0,4,63,96,100,63,68,64,70,Highly Ready
77,48,6,0,73,49,26,33,79,38,48,Moderately Ready
24,33,12,8,20,13,0,41,25,33,37,Not Ready Yet
48,45,10,4,2,48,69,32,40,45,39,Needs Improvement
55,61,0,7,75,71,46,18,68,64,27,Needs Improvement
38,45,9,8,84,34,8,28,47,36,64,Needs Improvement
74,62,5,6,4,47,59,53,100,85,62,Moderately Ready
75,75,11,1,62,67,97,67,83,73,60,Highly Ready
81,82,8,8,88,79,55,95,92,82,97,Highly Ready
18,5,11,9,78,50,10,33,54,13,8,Not Ready Yet
61,36,0,0,27,80,59,40,78,78,67,Needs Improvement
26,37,0,0,82,59,56,11,50,49,54,Needs Improvement
62,74,4,0,58,70,72,37,65,76,47,Moderately Ready
17,47,16,6,18,6,14,37,39,52,29,Not Ready Yet
100,100,0,4,34,79,75,81,61,82,76,Highly Ready
63,52,2,0,17,81,23,49,72,65,68,Moderately Ready
55,55,0,4,18,78,50,53,66,52,77,Moderately Ready
71,51,0,10,43,48,57,55,71,85,40,Moderately Ready
61,37,16,5,44,45,43,63,73,47,54,Needs Improvement
67,67,0,2,18,84,66,54,57,73,88,Moderately Ready
43,28,20,9,39,53,24,50,39,54,39,Needs Improvement
56,28,6,2,47,38,15,39,48,43,59,Needs Improvement
25,17,20,12,5,37,0,17,2,34,47,Not Ready Yet
69,69,0,0,11,81,69,54,64,68,65,Needs Improvement
60,99,17,0,35,95,83,90,61,86,98,Highly Ready
80,75,10,0,62,67,68,56,74,56,66,Moderately Ready
39,33,10,12,32,50,7,48,73,34,33,Needs Improvement
98,62,3,6,88,55,66,75,51,64,68,Moderately Ready
82,98,4,0,91,78,90,97,100,71,62,Highly Ready
67,88,17,3,100,48,63,61,70,51,43,Moderately Ready
24,40,16,2,61,42,20,45,31,18,18,Not Ready Yet
43,38,12,0,6,59,44,31,53,35,49,Needs Improvement
69,34,0,1,64,75,36,76,62,81,66,Moderately Ready
59,94,0,0,6,85,99,100,98,65,64,Highly Ready
79,80,0,12,91,84,57,74,54,65,68,Highly Ready
58,28,0,1,65,19,56,78,67,47,49,Needs Improvement
64,38,0,0,44,49,16,35,49,43,36,Needs Improvement
79,92,18,0,26,89,68,47,76,100,61,Highly Ready
70,78,20,6,67,50,78,55,59,46,56,Moderately Ready
96,47,0,9,99,84,54,75,95,59,83,Highly Ready
37,28,14,0,92,57,24,59,75,58,47,Needs Improvement
41,32,20,0,90,13,18,31,21,12,0,Not Ready Yet
68,42,2,3,33,68,48,66,55,71,73,Moderately Ready
85,85,0,0,84,70,28,47,75,62,85,Moderately Ready
60,46,9,5,34,81,70,81,83,63,72,Moderately Ready
70,61,20,0,80,39,46,0,65,31,63,Needs Improvement
9,29,12,0,5,7,15,17,15,22,6,Not Ready Yet
66,64,0,4,43,83,61,42,92,87,96,Highly Ready
46,79,1,0,8,68,40,60,78,46,45,Moderately Ready
86,36,7,2,11,77,44,37,64,51,73,Moderately Ready
81,12,18,1,94,26,45,61,50,61,32,Needs Improvement
36,46,5,12,89,25,16,66,30,76,46,Needs Improvement
84,70,0,3,25,77,82,62,88,100,96,Highly Ready
61,67,0,8,0,95,56,59,89,100,75,Highly Ready
94,82,7,8,32,75,100,90,98,96,73,Highly Ready
47,57,7,3,88,82,30,65,78,57,78,Moderately Ready
65,41,0,7,17,46,60,47,40,60,25,Needs Improvement
37,17,11,12,49,25,25,48,37,24,48,Not Ready Yet
33,13,19,12,81,29,53,4,41,30,57,Not Ready Yet
58,94,6,11,37,66,44,38,50,51,77,Moderately Ready
83,89,8,1,63,83,80,62,83,72,68,Highly Ready
83,51,1,2,77,71,33,48,54,70,55,Highly Ready
50,50,9,0,98,36,32,44,67,72,29,Needs Improvement
74,68,19,12,94,64,58,36,74,49,75,Moderately Ready
97,81,0,2,39,93,43,53,84,57,96,Highly Ready
52,42,3,3,32,56,51,71,40,49,68,Needs Improvement
41,63,8,12,41,46,39,72,86,71,59,Moderately Ready
70,64,13,0,31,73,62,44,59,65,73,Moderately Ready
51,43,20,5,45,59,65,14,56,23,60,Needs Improvement
33,33,15,9,59,18,30,12,21,36,41,Not Ready Yet
25,40,0,8,88,23,31,35,42,16,34,Not Ready Yet
83,67,8,4,33,97,80,100,74,96,85,Highly Ready
62,51,1,9,59,52,64,42,56,52,59,Moderately Ready
13,30,17,12,59,21,13,16,55,30,20,Not Ready Yet
14,18,20,12,51,23,25,42,41,37,41,Not Ready Yet
46,58,6,12,88,63,43,69,36,54,50,Needs Improvement
79,82,0,0,100,68,95,66,81,72,89,Highly Ready
42,80,0,12,37,38,46,45,67,74,44,Moderately Ready
28,45,6,10,60,65,49,53,77,36,45,Needs Improvement
40,23,17,8,37,10,30,26,35,8,34,Not Ready Yet
44,31,0,12,35,22,47,15,46,38,31,Not Ready Yet
55,53,13,12,30,62,32,58,38,75,57,Needs Improvement
77,83,8,0,65,61,64,75,81,72,44,Highly Ready
21,9,14,3,96,29,51,21,52,36,22,Not Ready Yet
11,8,20,8,81,24,16,18,35,25,36,Not Ready Yet
91,74,15,0,27,75,30,51,79,98,52,Moderately Ready
57,43,3,0,67,53,32,49,60,72,45,Moderately Ready
73,79,0,12,32,68,100,78,95,97,79,Highly Ready
76,48,10,10,66,73,60,46,59,53,53,Moderately Ready
19,9,20,12,49,11,21,43,47,23,49,Needs Improvement
68,64,13,0,40,76,68,52,73,62,71,Moderately Ready
58,29,6,12,47,21,17,27,46,66,33,Needs Improvement
78,69,0,0,21,74,63,24,69,81,51,Moderately Ready
82,73,5,0,27,81,89,80,97,58,73,Highly Ready
54,37,6,5,0,41,24,43,72,29,21,Needs Improvement
68,50,2,10,38,78,69,57,52,37,60,Moderately Ready
66,57,20,4,12,43,53,40,47,63,38,Needs Improvement
41,44,12,0,39,14,0,23,30,36,51,Not Ready Yet
94,88,0,0,55,78,96,51,90,71,90,Highly Ready
83,58,0,12,0,80,94,86,80,79,72,Highly Ready
51,41,14,0,43,17,19,26,44,42,47,Needs Improvement
56,19,5,2,93,23,23,56,46,28,62,Needs Improvement
90,58,15,1,12,53,75,25,68,70,45,Moderately Ready
75,72,0,0,75,97,86,53,86,81,70,Highly Ready
78,82,9,0,60,83,53,56,57,51,50,Moderately Ready
90,60,11,0,36,87,90,86,100,68,88,Highly Ready
4,34,8,4,90,31,53,33,55,38,49,Not Ready Yet
64,84,15,0,21,71,43,90,50,67,77,Highly Ready
30,42,5,0,67,48,51,41,35,67,68,Needs Improvement
97,89,0,0,95,82,100,37,91,76,61,Highly Ready
64,100,0,0,69,67,46,74,97,77,88,Highly Ready
73,67,0,0,0,86,72,77,62,74,68,Moderately Ready
23,54,9,6,13,64,22,32,48,49,51,Needs Improvement
80,79,0,0,2,99,87,40,75,89,61,Highly Ready
89,76,0,2,97,59,69,100,60,100,89,Highly Ready
30,60,14,10,80,44,67,40,53,29,52,Needs Improvement
34,31,20,12,54,10,0,27,38,44,22,Not Ready Yet
86,48,0,0,38,68,100,45,74,66,80,Highly Ready
53,58,20,10,91,69,21,49,57,42,31,Needs Improvement
25,21,20,5,78,0,37,20,35,44,56,Not Ready Yet
37,16,12,10,8,35,5,37,61,57,24,Not Ready Yet
14,34,0,0,60,41,30,9,31,33,46,Not Ready Yet
78,100,0,12,11,70,100,70,74,74,84,Highly Ready
69,61,16,0,66,53,67,51,64,72,70,Moderately Ready
65,77,0,9,86,79,41,45,97,94,76,Highly Ready
99,72,0,0,24,56,87,82,73,79,78,Highly Ready
80,92,12,1,98,78,89,50,78,91,85,Highly Ready
69,65,13,0,48,82,58,89,79,47,86,Needs Improvement
27,28,17,0,100,38,41,24,26,7,55,Not Ready Yet
83,90,9,0,91,50,50,28,95,68,84,Highly Ready
60,79,8,0,6,77,83,53,51,34,69,Moderately Ready
35,40,11,12,30,38,23,39,37,35,61,Needs Improvement
15,8,20,12,23,27,29,23,21,22,33,Not Ready Yet
74,57,18,12,45,56,59,60,84,59,65,Moderately Ready
41,34,10,7,29,52,17,12,69,19,78,Needs Improvement
57,25,0,12,35,69,67,79,98,55,99,Moderately Ready
71,70,2,9,50,100,99,70,84,76,77,Highly Ready
76,91,0,3,20,100,73,60,71,80,84,Highly Ready
61,64,0,12,40,53,34,84,71,69,44,Moderately Ready
89,83,6,0,82,99,69,100,72,63,99,Highly Ready
51,66,20,6,59,43,39,57,55,37,69,Needs Improvement
32,58,16,9,52,42,27,34,37,29,41,Needs Improvement
96,71,10,0,18,72,39,89,100,64,100,Highly Ready
75,76,0,0,46,75,89,42,66,80,80,Highly Ready
80,84,0,7,93,50,70,85,100,100,100,Highly Ready
65,95,9,10,9,83,60,57,95,87,65,Highly Ready
26,30,17,0,34,23,22,0,37,46,43,Not Ready Yet
23,41,4,7,58,44,4,11,20,42,19,Not Ready Yet
7,26,20,0,100,15,6,20,33,55,37,Not Ready Yet
82,75,0,12,83,88,60,57,82,55,70,Highly Ready
58,81,0,11,34,67,72,46,62,71,59,Moderately Ready
47,29,11,0,86,40,61,54,44,53,58,Needs Improvement
69,59,0,4,74,55,54,65,59,38,85,Needs Improvement
71,82,6,3,66,83,52,44,74,59,65,Highly Ready
36,35,6,10,47,22,36,63,77,38,53,Needs Improvement
31,42,5,0,57,77,43,43,65,33,13,Needs Improvement
62,45,0,12,37,46,12,41,44,55,41,Needs Improvement
17,62,15,12,80,52,54,25,59,24,25,Needs Improvement
7,54,0,0,100,61,44,58,70,57,30,Needs Improvement
68,100,0,0,8,82,88,42,100,100,75,Highly Ready
65,98,5,2,80,100,76,89,59,100,88,Highly Ready
41,44,13,12,77,63,12,17,25,41,35,Needs Improvement
11,48,17,0,42,39,19,4,44,43,29,Not Ready Yet
93,83,0,1,43,75,83,72,84,84,87,Highly Ready
80,85,0,0,91,75,60,63,69,73,75,Highly Ready
60,79,4,5,0,60,62,36,100,69,59,Moderately Ready
73,66,11,7,20,65,27,79,98,82,98,Moderately Ready
26,26,20,5,58,0,30,47,35,45,29,Not Ready Yet
70,25,5,0,93,48,51,32,66,63,52,Needs Improvement
37,67,3,7,48,50,47,60,49,79,46,Needs Improvement
61,69,7,0,24,45,34,47,87,70,84,Moderately Ready
74,74,0,0,30,98,40,57,91,48,69,Moderately Ready
65,72,0,0,35,66,63,71,65,74,73,Moderately Ready
67,64,11,6,42,79,39,47,74,56,84,Moderately Ready
26,29,20,12,51,47,41,21,42,44,37,Needs Improvement
54,55,20,6,97,34,36,61,77,38,43,Needs Improvement
47,56,0,0,66,63,50,61,44,70,63,Moderately Ready
71,84,6,5,83,96,100,60,82,69,50,Highly Ready
45,63,3,0,25,56,74,68,52,57,84,Moderately Ready
51,77,3,0,47,53,93,73,73,72,65,Moderately Ready
60,58,12,0,80,79,49,60,88,49,70,Moderately Ready
48,71,6,5,72,39,53,80,59,54,59,Moderately Ready
46,54,12,12,89,56,43,15,79,51,54,Needs Improvement
77,79,12,8,46,67,82,52,78,76,86,Highly Ready
49,51,11,8,7,51,73,39,64,77,72,Moderately Ready
75,68,1,12,0,80,78,71,71,87,61,Needs Improvement
53,48,20,8,28,43,38,22,53,18,23,Needs Improvement
72,97,0,12,68,96,94,78,95,84,100,Highly Ready
40,20,20,3,31,19,43,16,33,0,45,Not Ready Yet
47,61,9,0,20,39,80,43,66,41,50,Moderately Ready
51,15,0,0,8,24,44,40,25,40,45,Not Ready Yet
40,0,11,10,52,19,3,31,56,40,24,Not Ready Yet
94,95,13,2,78,84,54,60,74,60,65,Highly Ready
83,63,3,9,52,69,52,56,58,90,71,Highly Ready
25,24,4,0,45,43,2,43,57,23,15,Not Ready Yet
0,24,0,2,7,11,9,25,45,21,27,Not Ready Yet
40,46,7,0,30,58,53,70,70,74,53,Moderately Ready
45,20,20,7,36,8,0,37,42,41,34,Not Ready Yet
61,85,6,8,16,70,90,28,74,38,56,Moderately Ready
60,27,20,8,93,62,20,45,52,34,45,Needs Improvement
12,35,20,4,21,15,0,42,18,35,26,Not Ready Yet
60,69,0,11,87,56,88,39,44,57,67,Needs Improvement
52,19,20,3,19,45,33,49,23,40,46,Not Ready Yet
35,6,20,7,81,7,46,41,11,30,45,Not Ready Yet
78,97,7,0,10,69,49,68,100,100,100,Highly Ready
49,33,17,0,59,81,46,33,50,46,58,Moderately Ready
6,16,20,8,53,20,27,24,48,26,18,Not Ready Yet
55,68,3,8,64,91,72,50,72,61,85,Highly Ready
52,45,1,12,21,48,50,59,63,65,92,Moderately Ready
42,23,18,8,62,28,39,8,17,43,45,Not Ready Yet
33,36,5,0,68,57,29,42,55,26,64,Needs Improvement
93,84,0,12,33,54,62,32,82,51,45,Moderately Ready
45,15,3,12,8,40,41,4,38,27,30,Not Ready Yet
14,30,20,4,0,26,19,14,43,23,47,Not Ready Yet
37,79,0,0,57,57,14,37,72,71,63,Moderately Ready
33,47,9,7,70,20,31,0,31,9,13,Not Ready Yet
56,45,17,6,73,24,30,39,48,56,63,Needs Improvement
56,81,15,6,48,66,41,22,52,53,64,Moderately Ready
21,4,5,0,8,46,20,36,30,27,32,Needs Improvement
41,32,20,7,61,29,51,50,49,30,35,Not Ready Yet
86,63,3,0,81,80,90,64,100,73,84,Highly Ready
76,92,11,0,44,72,59,55,87,79,90,Moderately Ready
40,40,14,10,71,55,36,56,56,43,23,Not Ready Yet
65,74,0,12,61,87,74,58,87,78,85,Highly Ready
70,100,0,0,0,100,100,65,90,47,65,Highly Ready
71,53,13,0,43,68,49,86,58,47,75,Moderately Ready
30,20,20,8,64,36,46,30,25,26,11,Not Ready Yet
17,7,20,12,24,45,23,31,34,36,16,Not Ready Yet
81,62,0,8,52,74,29,40,61,76,94,Moderately Ready
15,8,18,6,48,42,19,39,34,18,41,Not Ready Yet
41,10,10,2,46,24,47,24,41,26,55,Needs Improvement
39,10,7,9,52,9,33,11,49,24,53,Not Ready Yet
6,16,16,1,35,13,50,1,73,46,41,Not Ready Yet
47,68,20,12,93,40,31,12,58,34,11,Needs Improvement
27,26,13,12,63,20,16,19,20,24,21,Not Ready Yet
41,25,20,3,13,65,17,45,68,38,48,Needs Improvement
73,82,0,8,62,72,49,62,64,82,84,Moderately Ready
35,16,20,2,46,59,17,67,67,63,46,Needs Improvement
51,59,14,0,5,58,88,73,76,56,96,Moderately Ready
77,64,0,12,30,89,50,59,69,76,89,Highly Ready
52,80,12,0,65,79,77,24,60,64,40,Moderately Ready
48,60,6,5,62,29,22,29,59,48,68,Needs Improvement
51,95,20,6,62,71,67,24,63,74,71,Moderately Ready
56,65,20,3,18,79,29,35,88,68,63,Moderately Ready
47,99,8,6,7,100,87,78,72,59,87,Highly Ready
81,68,4,0,48,91,61,77,81,75,80,Highly Ready
43,37,7,1,71,57,54,28,49,57,54,Moderately Ready
37,38,9,8,55,32,16,36,42,27,59,Needs Improvement
7,27,9,8,47,24,15,42,43,36,39,Not Ready Yet
61,47,19,1,16,83,63,43,69,75,48,Moderately Ready
20,44,4,8,70,14,0,27,37,12,65,Not Ready Yet
86,70,10,0,95,39,67,47,63,58,70,Moderately Ready
85,95,0,6,87,80,85,74,95,76,74,Highly Ready
57,85,0,7,98,100,63,88,71,79,59,Highly Ready
100,69,0,0,43,57,100,48,91,49,65,Highly Ready
75,75,0,8,73,100,62,46,54,88,89,Highly Ready
14,36,15,12,93,62,28,34,83,38,68,Needs Improvement
1,0,20,2,83,28,12,28,22,11,7,Not Ready Yet
55,48,7,0,28,72,63,32,47,27,51,Moderately Ready
38,63,0,0,14,66,66,71,61,63,60,Moderately Ready
87,74,0,4,16,85,40,45,94,100,82,Highly Ready
27,64,12,10,100,52,35,53,83,44,50,Moderately Ready
61,54,20,12,63,49,20,47,66,47,27,Needs Improvement
40,29,16,0,22,35,31,38,23,18,50,Not Ready Yet
68,58,11,9,48,42,30,41,42,70,54,Needs Improvement
58,55,1,12,54,72,39,19,41,30,35,Needs Improvement
59,75,12,1,35,58,55,39,66,71,66,Moderately Ready
89,69,1,0,17,58,48,69,63,100,72,Highly Ready
56,68,0,2,6,78,34,52,89,63,77,Needs Improvement
85,66,0,0,36,67,91,100,91,76,87,Highly Ready
63,51,20,12,32,45,19,50,44,56,31,Needs Improvement
73,68,3,0,74,60,57,38,67,62,59,Highly Ready
44,95,11,3,53,66,65,81,79,82,89,Moderately Ready
36,69,11,5,72,42,32,30,53,24,53,Needs Improvement
91,81,0,0,54,65,66,84,85,82,78,Highly Ready
66,57,19,8,20,60,66,67,93,60,48,Moderately Ready
85,89,11,12,24,79,60,74,81,79,62,Highly Ready
19,25,20,12,26,3,5,1,20,31,35,Not Ready Yet
77,64,7,12,73,62,76,65,74,55,69,Moderately Ready
69,100,7,12,100,97,76,85,60,73,91,Highly Ready
27,33,17,12,37,19,39,11,29,17,28,Not Ready Yet
66,35,20,0,25,68,58,35,80,72,49,Moderately Ready
51,39,1,5,40,47,30,39,75,60,60,Moderately Ready
56,51,7,0,44,75,71,24,38,69,57,Needs Improvement
68,38,10,3,74,43,54,45,67,28,65,Needs Improvement
84,65,0,3,35,75,92,95,72,63,65,Highly Ready
75,62,12,10,39,74,100,86,97,94,64,Highly Ready
57,37,0,0,16,28,63,22,65,43,18,Needs Improvement
73,80,1,1,21,73,46,30,76,71,53,Moderately Ready
55,5,20,10,50,31,24,38,54,21,35,Not Ready Yet
45,40,12,12,56,22,27,9,18,29,49,Not Ready Yet
63,65,0,0,58,69,44,62,48,52,75,Moderately Ready
74,41,17,7,53,60,72,76,72,43,82,Moderately Ready
34,50,5,5,55,51,44,39,54,50,79,Needs Improvement
64,95,6,0,43,66,61,91,72,89,79,Highly Ready
100,96,9,0,62,64,87,84,87,84,50,Highly Ready
66,97,0,12,45,80,84,36,72,39,83,Moderately Ready
27,40,20,12,23,6,20,37,26,8,44,Not Ready Yet
77,60,11,7,24,69,53,76,67,52,61,Moderately Ready
85,64,11,2,81,92,61,91,80,100,65,Highly Ready
57,50,6,0,77,39,41,21,29,29,71,Needs Improvement
47,45,20,12,100,28,0,40,46,33,50,Not Ready Yet
53,49,16,0,76,69,97,41,52,81,64,Moderately Ready
92,62,0,8,87,72,52,69,78,62,77,Moderately Ready
44,55,20,0,69,53,79,49,65,45,51,Moderately Ready
76,85,3,0,30,100,78,66,100,93,100,Highly Ready
26,21,17,12,30,44,50,0,19,19,20,Not Ready Yet
94,94,11,12,70,100,91,98,77,100,81,Highly Ready
100,97,0,0,34,85,81,61,80,99,75,Highly Ready
31,13,20,12,69,11,32,32,22,31,17,Not Ready Yet
47,6,1,0,56,30,23,51,23,29,26,Not Ready Yet
76,83,0,0,50,62,88,60,81,92,83,Highly Ready
38,39,20,12,25,34,13,4,18,15,0,Not Ready Yet
71,61,5,11,75,55,34,47,50,44,27,Needs Improvement
68,57,2,12,28,96,56,98,63,87,95,Highly Ready
86,85,14,0,98,81,95,44,62,82,84,Highly Ready
27,43,17,10,53,33,21,65,76,48,56,Needs Improvement
78,90,18,0,28,100,84,70,89,87,91,Highly Ready
86,89,0,0,4,96,54,69,70,72,71,Highly Ready
56,64,2,0,87,73,65,85,90,52,50,Moderately Ready
92,91,0,1,56,92,77,60,78,67,88,Highly Ready
21,56,1,0,31,59,43,54,77,36,50,Needs Improvement
96,100,0,2,84,63,93,100,75,92,91,Highly Ready
100,81,0,9,5,66,78,69,70,71,82,Highly Ready
40,39,0,0,99,13,27,16,63,44,66,Needs Improvement
8,15,20,6,68,12,10,22,17,28,1,Not Ready Yet
10,47,11,12,43,49,37,48,25,54,59,Not Ready Yet
30,27,13,12,51,66,78,44,60,54,51,Needs Improvement
39,79,20,9,34,68,40,57,71,65,39,Needs Improvement
16,30,0,12,60,8,15,26,57,42,36,Not Ready Yet
39,28,9,11,23,31,17,10,61,44,40,Not Ready Yet
70,63,0,12,99,83,68,69,87,72,89,Highly Ready
89,58,8,9,37,60,82,53,70,34,81,Moderately Ready
81,84,12,2,60,55,86,64,75,74,76,Moderately Ready
79,23,12,12,53,49,65,87,83,72,66,Moderately Ready
70,68,3,1,98,91,68,85,100,91,100,Highly Ready
94,100,2,7,62,82,64,71,83,61,100,Highly Ready
36,46,4,6,100,52,42,72,66,55,64,Needs Improvement
37,56,12,0,0,33,31,38,79,61,54,Needs Improvement
61,34,20,12,0,65,48,35,81,82,58,Moderately Ready
21,30,20,12,20,25,34,13,6,37,31,Not Ready Yet
38,59,7,12,91,56,35,45,63,13,73,Needs Improvement
84,91,14,2,13,66,67,52,78,82,63,Highly Ready
8,18,14,0,61,10,13,52,55,24,29,Not Ready Yet
100,95,3,12,59,77,50,74,57,94,91,Highly Ready
30,15,20,12,59,8,5,31,22,29,13,Not Ready Yet
69,85,9,12,23,67,80,56,72,69,59,Moderately Ready
78,76,0,2,56,90,78,99,89,82,88,Highly Ready
59,28,18,2,85,30,37,32,71,40,50,Needs Improvement
20,26,20,4,60,32,0,21,22,28,39,Not Ready Yet
45,52,20,12,2,89,48,43,81,91,70,Moderately Ready
44,63,0,0,68,57,65,71,67,76,69,Moderately Ready
49,63,6,0,12,69,58,35,76,66,42,Highly Ready
19,0,20,4,42,20,41,50,46,12,24,Not Ready Yet
82,97,2,1,100,52,60,47,79,64,91,Highly Ready
62,44,11,12,46,43,34,28,39,39,43,Needs Improvement
27,24,11,12,20,37,37,0,16,24,18,Not Ready Yet
29,72,0,10,100,31,46,30,52,36,55,Needs Improvement
40,22,20,0,47,28,20,0,37,35,37,Not Ready Yet
49,51,0,5,73,76,39,60,79,73,50,Moderately Ready
6,8,20,6,57,26,39,22,48,16,4,Not Ready Yet
43,52,0,7,38,65,41,23,50,71,40,Needs Improvement
44,19,0,12,61,56,35,63,47,46,13,Needs Improvement
87,75,14,8,54,78,48,72,91,79,59,Highly Ready
30,61,0,11,51,65,30,43,64,21,58,Needs Improvement
27,6,20,0,100,8,29,35,20,18,20,Not Ready Yet
99,67,0,0,77,76,69,100,81,100,72,Highly Ready
63,63,17,0,61,55,29,54,70,54,71,Needs Improvement
73,83,5,1,95,100,57,68,84,73,90,Highly Ready
44,36,11,0,37,70,15,54,65,49,59,Needs Improvement
23,56,20,0,100,32,22,27,52,57,53,Needs Improvement
53,66,9,7,90,33,29,92,62,56,93,Moderately Ready
60,38,12,0,44,27,42,57,52,50,38,Needs Improvement
24,23,17,12,64,31,26,16,56,74,59,Needs Improvement
22,18,9,2,31,9,14,39,47,0,31,Not Ready Yet
32,4,14,12,13,32,27,29,46,17,39,Not Ready Yet
56,56,9,12,74,54,60,28,65,62,47,Needs Improvement
55,15,9,4,79,54,49,41,41,57,65,Needs Improvement
84,80,0,12,73,70,47,74,75,68,82,Highly Ready
24,19,18,0,82,39,22,22,19,43,31,Not Ready Yet
67,70,0,1,68,76,28,57,65,52,53,Moderately Ready
39,36,20,2,51,48,39,44,39,38,40,Needs Improvement
66,78,7,4,85,76,24,56,86,85,74,Moderately Ready
72,60,6,0,61,71,30,69,73,86,60,Moderately Ready
63,78,0,0,77,63,53,72,57,47,75,Moderately Ready
37,29,6,9,91,28,39,12,28,55,38,Not Ready Yet
55,52,13,0,13,32,56,17,55,60,22,Needs Improvement
73,89,0,10,51,77,93,69,70,84,95,Highly Ready
12,12,18,12,35,23,5,26,61,8,32,Not Ready Yet
63,87,18,0,39,36,62,77,92,47,62,Moderately Ready
85,77,0,0,35,84,46,69,84,73,65,Highly Ready
82,82,7,4,33,59,82,77,100,78,76,Highly Ready
78,73,20,9,78,79,81,64,84,54,60,Moderately Ready
44,79,20,11,94,37,28,53,78,85,49,Highly Ready
32,25,17,0,47,30,15,38,45,47,36,Not Ready Yet
50,71,11,0,89,56,60,68,51,51,26,Needs Improvement
86,90,0,0,0,77,81,54,70,84,77,Highly Ready
81,94,14,0,30,97,94,71,77,100,80,Highly Ready
72,89,2,0,86,74,38,55,88,49,54,Moderately Ready
100,99,4,4,55,100,52,99,87,100,77,Highly Ready
82,81,0,0,5,100,69,48,97,61,74,Highly Ready
71,43,12,12,80,81,45,90,73,52,97,Moderately Ready
92,43,0,6,82,51,78,71,58,69,78,Moderately Ready
85,66,6,0,21,87,46,30,66,86,86,Moderately Ready
40,26,20,0,100,1,18,37,20,15,51,Not Ready Yet
21,38,19,12,62,26,32,23,34,0,21,Not Ready Yet
70,87,0,0,80,100,85,55,82,66,72,Highly Ready
40,22,11,12,96,35,77,60,62,42,50,Needs Improvement
26,8,19,9,88,41,37,9,53,33,33,Not Ready Yet
65,57,11,3,11,87,73,36,51,61,52,Moderately Ready
46,67,13,12,23,48,56,39,42,50,54,Needs Improvement
93,91,0,1,72,60,63,79,94,85,77,Highly Ready
41,38,20,0,68,37,19,21,36,40,56,Needs Improvement
76,86,0,12,47,92,55,94,100,100,82,Highly Ready
32,31,3,3,0,22,19,0,56,22,38,Not Ready Yet
77,36,15,0,50,53,51,66,85,91,56,Moderately Ready
39,59,6,12,15,45,37,26,85,74,48,Moderately Ready
67,87,18,0,46,74,69,57,76,68,48,Moderately Ready
74,44,4,10,30,71,76,51,80,38,66,Needs Improvement
72,76,3,12,94,89,97,74,100,67,80,Highly Ready
7,48,3,12,43,12,5,10,18,31,39,Not Ready Yet
89,65,9,1,49,56,63,98,72,58,100,Highly Ready
33,41,3,12,41,55,63,25,69,47,50,Not Ready Yet
76,57,7,11,8,53,53,47,61,77,56,Highly Ready
72,93,0,0,7,71,35,22,84,67,81,Moderately Ready
29,3,7,12,24,9,42,32,45,33,51,Not Ready Yet
65,84,8,7,63,53,55,81,91,73,84,Moderately Ready
11,25,19,0,22,9,32,1,42,27,20,Not Ready Yet
96,78,7,6,13,91,87,75,81,64,78,Highly Ready
75,57,5,12,20,74,88,42,55,57,44,Moderately Ready
71,40,17,9,68,49,51,19,36,33,40,Needs Improvement
45,42,4,0,54,71,46,46,78,62,73,Moderately Ready
94,74,20,0,36,85,58,56,54,70,72,Moderately Ready
8,40,12,1,79,49,25,50,39,43,33,Not Ready Yet
18,51,6,7,45,43,49,39,30,49,72,Needs Improvement
53,63,0,1,100,60,77,39,85,70,67,Needs Improvement
42,44,19,0,0,52,18,28,47,59,35,Needs Improvement
30,1,10,7,25,41,5,47,10,14,25,Not Ready Yet
55,57,7,0,72,39,36,66,49,63,67,Needs Improvement
32,6,15,11,93,15,17,10,29,26,37,Not Ready Yet
60,41,17,1,45,36,0,54,67,72,27,Needs Improvement
7,11,20,0,97,19,33,39,57,53,21,Not Ready Yet
49,55,6,1,78,43,29,38,62,40,49,Needs Improvement
70,91,0,0,49,69,87,60,76,82,88,Highly Ready
48,85,3,4,91,51,36,40,79,64,70,Moderately Ready
22,36,14,5,58,40,45,64,44,29,69,Needs Improvement
30,38,19,7,62,36,23,35,30,54,11,Not Ready Yet
11,21,17,12,45,29,29,30,28,40,28,Not Ready Yet
78,81,0,4,95,71,52,96,69,84,75,Highly Ready
79,87,10,0,75,72,100,67,66,89,88,Highly Ready
44,85,13,0,28,58,53,64,67,56,63,Moderately Ready
60,31,10,0,46,34,66,60,51,43,60,Needs Improvement
34,2,20,12,99,6,0,2,35,34,26,Not Ready Yet
75,83,0,2,46,91,62,92,79,72,53,Highly Ready
81,66,20,0,32,95,100,41,80,94,100,Highly Ready
34,28,0,12,99,33,46,61,60,75,69,Moderately Ready
23,38,13,0,97,25,0,43,51,47,55,Not Ready Yet
68,22,6,0,61,26,40,16,59,56,41,Needs Improvement
40,98,3,0,23,76,88,100,85,74,89,Moderately Ready
74,67,17,6,10,44,75,84,97,40,59,Moderately Ready
47,50,7,0,38,59,86,57,75,70,41,Moderately Ready
67,72,12,1,46,84,62,93,100,63,46,Moderately Ready
57,31,19,11,67,54,40,37,62,36,40,Needs Improvement
40,30,16,0,100,43,51,52,52,58,50,Not Ready Yet
87,76,17,2,69,85,71,100,67,100,81,Highly Ready
69,75,0,0,10,58,72,52,72,71,80,Highly Ready
100,86,0,4,76,95,89,90,69,100,80,Highly Ready
86,100,0,12,66,88,82,94,77,68,90,Highly Ready
18,37,8,0,24,25,31,0,39,24,35,Not Ready Yet
18,27,20,0,58,2,30,46,44,27,22,Not Ready Yet
88,82,8,0,28,79,48,54,79,65,70,Highly Ready
53,60,20,10,74,38,54,65,38,50,32,Needs Improvement
30,36,7,12,53,55,10,31,56,18,33,Needs Improvement
26,17,11,12,59,13,0,12,56,20,21,Not Ready Yet
55,63,4,0,52,98,94,91,94,75,100,Highly Ready
100,97,6,0,76,88,62,60,89,60,100,Highly Ready
43,37,13,0,46,19,47,35,73,56,58,Needs Improvement
19,37,19,4,23,32,20,37,26,25,15,Not Ready Yet
84,87,11,11,0,60,32,39,48,70,81,Highly Ready
32,37,2,1,57,53,58,43,69,54,71,Needs Improvement
16,12,9,12,100,46,11,35,19,0,32,Not Ready Yet
43,44,9,10,43,53,49,67,61,41,42,Needs Improvement
45,22,0,0,31,47,56,24,76,27,61,Needs Improvement
77,72,0,12,69,84,65,64,68,65,63,Highly Ready
24,19,12,2,64,40,19,0,22,49,36,Not Ready Yet
25,56,15,0,28,45,35,32,70,51,77,Needs Improvement
76,84,5,0,21,97,100,70,96,97,78,Highly Ready
48,62,7,0,76,22,70,24,53,41,40,Needs Improvement
69,79,0,9,58,47,47,51,95,71,45,Moderately Ready
84,78,9,0,47,73,65,21,55,75,60,Moderately Ready
80,82,2,12,61,75,45,42,59,77,73,Moderately Ready
65,26,8,12,9,33,34,34,41,20,38,Needs Improvement
31,63,10,8,72,35,22,51,53,57,46,Needs Improvement
34,30,15,10,95,27,33,26,49,14,20,Not Ready Yet
39,53,20,0,83,64,33,42,49,45,36,Needs Improvement
27,40,3,12,100,41,32,16,17,18,40,Not Ready Yet
20,44,7,7,16,62,73,12,63,49,37,Needs Improvement
46,17,5,9,41,51,73,39,69,67,27,Needs Improvement
76,78,0,10,83,68,76,57,67,65,69,Highly Ready
30,38,0,5,100,34,40,31,14,56,52,Not Ready Yet
7,12,17,0,43,42,41,29,54,41,54,Not Ready Yet
61,80,0,6,62,50,33,42,70,60,62,Moderately Ready
7,36,16,5,96,51,7,22,42,5,29,Not Ready Yet
30,12,20,12,32,29,25,5,43,26,14,Not Ready Yet
43,41,10,0,64,52,62,55,35,53,21,Needs Improvement
65,56,20,9,68,55,61,64,53,60,39,Highly Ready
26,33,0,12,44,42,32,55,46,30,53,Needs Improvement
65,56,0,8,91,81,98,76,100,94,44,Highly Ready
81,52,1,0,37,98,75,74,63,91,71,Highly Ready
49,57,7,12,98,57,65,56,80,63,59,Not Ready Yet
77,65,12,9,33,68,54,100,100,100,69,Highly Ready
75,100,4,9,98,87,97,100,97,70,83,Highly Ready
37,27,2,0,95,60,26,31,66,41,5,Needs Improvement
78,71,0,0,4,86,51,49,82,75,98,Highly Ready
74,54,16,10,33,44,66,48,58,71,49,Moderately Ready
49,22,6,4,18,5,0,9,46,38,33,Not Ready Yet
80,98,0,7,69,80,100,59,76,91,89,Highly Ready
30,37,7,0,100,16,16,43,20,29,12,Not Ready Yet
37,24,20,8,25,42,29,43,27,39,51,Needs Improvement
61,64,0,0,14,68,72,39,78,83,81,Moderately Ready
47,62,13,4,88,77,41,55,46,47,71,Moderately Ready
42,26,20,4,13,39,12,31,67,46,36,Not Ready Yet
80,83,8,1,21,58,100,59,75,98,66,Highly Ready
99,62,0,0,10,98,91,83,100,87,97,Highly Ready
40,41,0,0,100,80,54,40,76,76,55,Moderately Ready
3,8,8,0,10,49,0,1,53,46,30,Not Ready Yet
71,76,9,11,38,74,93,51,99,69,72,Highly Ready
75,100,0,2,40,82,76,40,77,70,93,Highly Ready
28,43,5,12,71,64,17,15,72,55,61,Needs Improvement
40,38,8,8,42,30,19,36,43,26,34,Not Ready Yet
49,27,12,0,41,62,40,34,40,24,61,Needs Improvement
87,85,1,0,63,90,63,67,70,88,86,Highly Ready
46,45,0,0,62,36,53,26,73,33,71,Needs Improvement
39,49,1,7,57,22,23,16,10,31,30,Not Ready Yet
97,98,0,0,44,56,83,76,72,100,63,Highly Ready
67,62,3,2,89,38,26,51,60,77,61,Moderately Ready
47,51,15,6,28,42,37,27,87,47,45,Needs Improvement
78,92,9,0,54,83,91,60,90,84,78,Highly Ready
88,72,2,0,68,74,48,45,69,69,77,Highly Ready
53,58,2,0,47,76,43,60,66,74,72,Moderately Ready
61,77,8,4,66,46,37,18,34,45,61,Needs Improvement
32,20,12,11,46,34,25,41,48,71,58,Needs Improvement
68,81,14,0,100,67,60,43,59,64,100,Highly Ready
85,100,20,8,50,100,51,80,58,93,83,Highly Ready
62,40,10,11,34,65,79,34,59,96,63,Needs Improvement
26,61,20,6,55,59,12,22,44,68,38,Needs Improvement
62,37,5,12,4,57,96,37,99,72,71,Moderately Ready
10,10,20,12,78,39,20,30,52,31,8,Not Ready Yet
85,65,12,12,60,84,48,100,84,96,92,Highly Ready
17,10,17,6,6,53,16,47,43,53,62,Needs Improvement
10,10,7,12,6,33,0,48,31,0,62,Not Ready Yet
95,81,0,0,16,70,63,89,85,34,85,Moderately Ready
90,55,0,0,1,63,95,100,94,61,65,Highly Ready
94,69,9,0,67,73,86,60,61,77,92,Highly Ready
97,64,0,0,31,83,78,83,99,79,82,Highly Ready
70,47,14,0,1,38,29,44,77,84,70,Moderately Ready
98,90,11,0,18,78,62,72,90,88,70,Highly Ready
76,73,9,5,86,95,78,68,87,93,90,Highly Ready
70,65,0,1,20,98,71,89,99,56,100,Highly Ready
40,47,16,0,66,44,30,14,80,41,47,Needs Improvement
80,44,0,10,96,60,44,85,68,61,71,Moderately Ready
38,33,20,12,53,27,59,66,37,31,56,Needs Improvement
72,53,20,0,26,57,83,23,79,49,71,Moderately Ready
66,95,5,0,84,61,54,76,98,100,96,Highly Ready
73,90,0,12,77,99,59,57,72,72,100,Highly Ready
35,35,18,11,81,39,25,30,36,16,13,Not Ready Yet
26,32,11,4,26,38,55,40,55,56,36,Not Ready Yet
47,52,4,0,25,58,38,49,73,62,46,Needs Improvement
36,7,15,4,59,13,35,31,52,49,34,Not Ready Yet
82,100,13,12,97,65,55,86,86,75,94,Highly Ready
59,69,3,0,76,92,69,63,68,48,94,Highly Ready
90,75,6,0,0,96,82,45,100,94,84,Highly Ready
62,56,19,5,35,48,40,46,72,37,72,Needs Improvement
88,80,0,8,7,69,59,58,48,84,68,Highly Ready
59,85,13,12,8,37,18,40,82,38,21,Needs Improvement
79,66,0,0,0,82,49,93,73,85,98,Moderately Ready
70,90,0,0,97,65,43,97,96,100,94,Highly Ready
97,72,0,3,5,94,90,61,100,86,69,Highly Ready
2,18,13,0,63,7,20,19,12,39,26,Not Ready Yet
25,35,6,0,19,64,31,19,54,50,47,Moderately Ready
73,69,4,4,68,68,38,63,61,62,70,Moderately Ready
85,75,6,2,50,60,87,50,81,78,73,Highly Ready
57,60,0,0,14,60,62,37,95,64,40,Moderately Ready
51,55,0,12,11,39,42,54,61,59,53,Needs Improvement
66,65,2,2,2,78,77,91,59,72,85,Moderately Ready
23,13,19,0,28,23,46,6,48,34,41,Not Ready Yet
61,87,10,0,99,54,32,86,69,62,61,Moderately Ready
18,16,11,10,48,27,12,11,35,43,46,Not Ready Yet
61,86,16,0,92,47,68,53,88,97,94,Highly Ready
56,48,20,3,0,38,55,39,46,45,53,Not Ready Yet
18,3,12,4,25,29,28,25,44,22,47,Not Ready Yet
39,42,20,0,73,75,53,32,68,42,63,Needs Improvement
99,55,0,1,15,89,67,100,65,69,63,Highly Ready
17,58,19,2,0,42,41,69,65,55,31,Needs Improvement
66,48,0,12,100,78,27,41,60,52,74,Moderately Ready
72,81,2,0,50,53,93,47,72,71,78,Moderately Ready
55,100,12,2,10,81,60,98,75,83,81,Highly Ready
42,84,7,9,97,37,43,100,59,56,61,Moderately Ready
70,100,10,6,88,65,53,45,100,92,81,Highly Ready
65,19,15,0,16,78,43,53,64,55,53,Moderately Ready
73,54,4,9,13,44,59,80,87,29,69,Highly Ready
98,80,6,8,75,90,78,85,66,96,80,Highly Ready
30,28,13,12,85,66,52,46,60,51,53,Needs Improvement
30,31,15,2,31,53,43,37,35,40,51,Needs Improvement
44,78,12,10,0,60,54,92,55,47,69,Moderately Ready
19,34,20,12,48,13,31,28,17,29,6,Not Ready Yet
91,95,11,0,4,65,95,61,100,81,98,Highly Ready
86,79,0,0,40,71,55,94,73,96,68,Highly Ready
60,67,15,11,32,48,29,79,75,69,40,Moderately Ready
100,79,0,0,62,72,98,50,61,58,58,Highly Ready
61,30,18,12,87,51,36,52,53,49,36,Needs Improvement
95,92,4,0,37,63,79,62,88,59,63,Highly Ready
30,61,2,0,8,31,46,60,53,24,33,Needs Improvement
65,87,17,1,8,89,74,93,80,99,66,Highly Ready
95,82,4,0,19,82,99,79,69,80,64,Highly Ready
91,79,0,6,69,99,48,64,60,75,96,Highly Ready
73,38,9,0,78,58,45,71,75,54,60,Moderately Ready
80,79,3,3,0,89,51,78,71,70,85,Highly Ready
31,59,10,11,29,64,42,29,24,59,59,Needs Improvement
16,39,17,11,63,6,37,49,36,43,33,Not Ready Yet
47,26,14,12,20,52,25,59,45,44,35,Needs Improvement
60,54,5,10,33,76,64,27,92,71,58,Moderately Ready
34,61,9,5,56,46,58,46,66,31,19,Needs Improvement
29,1,20,9,57,35,0,34,41,9,45,Needs Improvement
63,31,5,3,9,46,7,47,52,44,42,Needs Improvement
20,26,20,12,5,23,16,0,10,28,14,Not Ready Yet
10,19,20,0,67,15,1,41,19,22,48,Not Ready Yet
52,87,0,10,52,94,49,100,100,91,82,Highly Ready
78,76,9,4,41,78,89,100,99,100,90,Highly Ready
58,22,16,0,85,33,0,33,45,25,15,Not Ready Yet
98,90,2,10,0,91,69,95,81,93,79,Highly Ready
78,87,7,12,64,67,34,48,88,94,93,Highly Ready
67,46,6,5,11,77,57,58,61,43,76,Moderately Ready
78,26,4,8,89,53,38,34,61,81,79,Moderately Ready
75,78,16,0,57,89,90,71,72,88,58,Highly Ready
55,31,13,0,60,36,36,42,53,62,45,Needs Improvement
94,75,1,6,0,80,51,47,85,54,76,Moderately Ready
27,19,19,5,55,15,30,15,50,44,25,Not Ready Yet
25,26,15,10,66,43,11,1,38,22,39,Not Ready Yet
8,36,17,5,75,15,58,31,29,51,46,Not Ready Yet
85,86,17,0,99,82,74,89,73,74,82,Highly Ready
37,40,13,12,12,35,44,22,38,43,14,Not Ready Yet
82,69,10,2,50,96,96,87,78,57,100,Highly Ready
75,52,0,8,67,82,88,59,89,66,63,Highly Ready
20,16,14,12,53,13,34,0,18,24,22,Not Ready Yet
18,19,9,8,78,5,4,28,55,42,16,Not Ready Yet
28,23,13,0,49,30,27,41,24,30,17,Not Ready Yet
71,66,5,3,95,66,24,36,39,63,45,Needs Improvement
73,79,0,6,29,77,83,97,89,81,86,Highly Ready
54,89,0,0,14,75,88,54,61,54,82,Moderately Ready
63,83,2,8,0,73,36,53,66,45,45,Moderately Ready
31,44,20,0,50,30,54,29,77,62,29,Needs Improvement
100,46,14,0,42,59,52,62,64,64,57,Moderately Ready
78,90,0,0,69,94,100,99,79,86,80,Moderately Ready
59,30,15,0,57,45,19,42,64,71,60,Needs Improvement
36,85,19,0,60,63,73,48,77,67,62,Moderately Ready
77,71,9,10,13,65,64,60,57,55,52,Moderately Ready
97,76,0,0,27,87,100,69,98,99,76,Highly Ready
78,74,4,2,87,50,62,64,62,90,74,Highly Ready
31,17,3,12,20,26,45,37,16,50,35,Not Ready Yet
15,41,20,12,78,31,19,36,26,38,22,Not Ready Yet
32,57,5,6,71,40,56,35,69,28,43,Needs Improvement
58,28,0,6,72,42,39,52,46,36,20,Needs Improvement
55,65,11,0,27,80,84,65,76,67,46,Moderately Ready
51,17,9,9,88,36,63,62,49,54,64,Needs Improvement
71,91,9,9,9,85,78,80,66,59,63,Highly Ready
90,68,19,0,94,79,59,56,80,63,51,Moderately Ready
81,66,0,0,58,82,35,19,94,88,46,Moderately Ready
100,95,1,0,8,66,71,60,79,80,82,Highly Ready
75,68,16,0,77,59,44,55,73,67,67,Moderately Ready
5,36,17,9,0,31,8,9,39,35,10,Not Ready Yet
75,100,0,12,0,79,63,100,72,100,95,Highly Ready
55,74,3,2,85,63,79,77,67,61,88,Moderately Ready
56,78,17,0,48,56,45,76,67,44,66,Moderately Ready
100,61,7,0,64,91,61,89,87,66,90,Moderately Ready
41,52,12,0,70,49,23,72,70,33,49,Needs Improvement
46,44,7,0,58,7,18,21,57,47,40,Not Ready Yet
81,86,18,8,53,83,72,42,88,65,79,Highly Ready
82,82,10,8,15,90,54,78,100,99,100,Highly Ready
32,19,13,12,34,55,0,3,48,23,32,Not Ready Yet
34,20,14,4,38,63,15,2,31,56,19,Not Ready Yet
40,43,15,0,52,27,48,35,43,42,54,Needs Improvement
54,32,20,3,97,51,29,27,50,38,43,Needs Improvement
95,58,6,0,7,100,42,90,77,67,93,Highly Ready
73,67,0,6,46,55,100,48,84,54,78,Moderately Ready
56,51,7,0,100,82,48,35,54,70,67,Moderately Ready
62,81,10,0,0,59,52,59,100,82,68,Highly Ready
70,52,2,0,50,59,52,85,62,85,81,Moderately Ready
67,79,10,2,12,65,76,67,78,85,76,Moderately Ready
35,20,11,0,59,9,17,42,41,30,20,Not Ready Yet
62,59,11,12,66,70,37,29,81,58,74,Moderately Ready
54,59,7,0,37,50,59,78,75,70,73,Moderately Ready
69,90,4,0,20,56,66,93,66,70,66,Highly Ready
69,86,10,10,23,77,34,53,79,92,100,Highly Ready
25,36,12,1,63,35,47,41,41,21,4,Not Ready Yet
67,72,12,12,100,92,57,87,100,59,64,Highly Ready
16,18,9,12,87,8,69,35,77,33,54,Needs Improvement
33,33,20,4,6,44,28,50,30,43,42,Needs Improvement
23,43,19,9,20,16,45,16,41,40,17,Not Ready Yet
89,89,0,0,51,62,76,51,87,64,100,Highly Ready
65,64,7,2,32,69,55,54,67,84,43,Moderately Ready
80,79,0,0,84,75,69,51,70,80,72,Moderately Ready
54,27,12,6,23,28,60,30,60,60,60,Needs Improvement
70,60,11,0,69,64,53,70,70,77,73,Highly Ready
85,51,10,8,50,52,42,73,40,78,64,Needs Improvement
30,56,0,3,13,44,26,33,46,32,13,Needs Improvement
75,77,0,1,57,84,62,74,71,82,38,Moderately Ready
79,100,5,1,100,93,88,72,88,73,92,Highly Ready
69,85,18,8,27,75,73,75,74,68,77,Highly Ready
100,63,1,12,91,76,100,48,61,65,74,Highly Ready
66,100,4,0,24,95,58,93,52,76,76,Highly Ready
52,33,0,0,75,63,57,25,54,72,73,Moderately Ready
39,35,9,4,37,64,53,54,40,60,50,Needs Improvement
65,33,7,12,41,56,22,25,57,19,52,Needs Improvement
30,28,17,0,15,44,38,45,44,30,29,Not Ready Yet
87,80,0,12,0,100,53,56,76,68,100,Highly Ready
84,71,20,2,6,88,65,58,68,83,86,Moderately Ready
66,83,0,0,14,53,71,72,68,63,79,Moderately Ready
49,5,0,7,17,32,15,3,30,16,34,Not Ready Yet
74,93,12,0,50,93,93,69,92,66,85,Highly Ready
58,80,0,11,74,53,51,29,81,77,95,Moderately Ready
67,100,9,0,1,68,92,52,84,97,81,Highly Ready
18,30,11,11,69,44,33,39,62,22,53,Needs Improvement
38,35,10,0,69,67,80,29,64,43,61,Moderately Ready
24,27,20,9,95,55,53,68,35,59,64,Needs Improvement
85,80,14,3,21,94,44,84,76,96,79,Highly Ready
74,50,11,0,92,87,72,41,73,42,61,Moderately Ready
27,40,14,0,45,37,53,0,16,23,25,Not Ready Yet
71,44,17,8,12,70,29,63,57,69,81,Moderately Ready
63,46,0,3,61,55,90,87,85,84,48,Moderately Ready
99,77,1,1,82,64,92,68,85,67,66,Highly Ready
43,8,9,12,71,23,37,39,0,43,23,Not Ready Yet
40,98,0,2,48,38,62,63,49,63,84,Moderately Ready
62,21,19,10,26,49,54,15,48,56,41,Needs Improvement
79,52,0,8,50,72,49,66,75,64,83,Moderately Ready
68,70,5,0,82,68,74,70,80,69,57,Moderately Ready
53,78,5,0,19,59,50,69,86,60,37,Moderately Ready
90,65,0,0,50,82,92,85,63,87,74,Highly Ready
41,30,15,0,66,33,15,45,36,66,58,Needs Improvement
70,39,14,0,87,45,50,21,55,54,50,Needs Improvement
55,56,4,12,80,46,13,59,42,54,60,Needs Improvement
69,86,6,2,61,59,79,31,68,66,43,Moderately Ready
51,51,11,5,14,58,39,46,42,29,56,Needs Improvement
83,51,3,0,89,63,93,41,95,63,57,Moderately Ready
85,63,1,12,76,87,37,88,85,100,92,Highly Ready
48,21,12,12,77,60,38,59,61,42,55,Needs Improvement
89,90,2,11,4,100,79,53,73,54,81,Highly Ready
98,56,13,8,65,68,33,92,81,100,85,Highly Ready
29,0,20,6,57,0,44,33,28,4,62,Not Ready Yet
8,27,11,0,13,13,0,16,40,27,54,Not Ready Yet
55,78,2,12,95,47,37,87,65,66,64,Moderately Ready
29,18,18,1,81,29,24,38,60,7,49,Not Ready Yet
32,53,1,0,97,30,65,100,60,79,68,Moderately Ready
62,36,1,4,87,74,77,33,89,100,60,Moderately Ready
84,93,12,5,68,89,63,90,82,85,78,Moderately Ready
51,46,1,0,96,38,86,79,61,75,67,Moderately Ready
80,82,5,5,77,43,59,66,94,43,52,Moderately Ready
52,37,0,0,29,20,49,47,59,36,50,Needs Improvement
49,32,10,6,78,39,62,20,49,30,13,Needs Improvement
79,39,12,0,93,58,39,31,85,62,70,Moderately Ready
71,51,8,4,18,60,41,34,81,71,78,Moderately Ready
69,82,0,0,57,83,35,45,66,59,64,Moderately Ready
58,35,11,0,65,71,53,35,70,55,81,Needs Improvement
33,23,4,12,50,51,19,43,53,62,67,Needs Improvement
33,50,20,5,42,54,47,51,73,64,45,Needs Improvement
69,57,0,12,26,47,83,42,50,65,82,Moderately Ready
39,61,7,12,52,57,34,32,55,62,46,Moderately Ready
46,29,20,0,44,32,0,42,44,52,42,Not Ready Yet
70,41,0,0,74,90,73,24,87,83,48,Moderately Ready
92,73,0,10,75,97,88,88,85,95,75,Highly Ready
61,39,3,9,0,77,50,75,68,68,64,Moderately Ready
21,25,0,12,45,27,6,15,25,22,5,Not Ready Yet
94,72,0,10,74,83,74,23,59,87,81,Moderately Ready
12,16,20,0,16,30,31,5,42,40,30,Not Ready Yet
67,53,5,0,0,57,62,34,91,94,69,Moderately Ready
59,22,0,8,49,65,51,34,60,52,43,Needs Improvement
73,44,14,0,60,67,63,44,69,63,63,Moderately Ready
68,37,0,12,71,21,23,19,50,31,61,Needs Improvement
69,74,0,8,0,66,51,46,93,59,79,Moderately Ready
50,44,14,0,19,62,58,69,19,48,28,Needs Improvement
47,75,0,2,40,44,25,36,59,30,48,Needs Improvement
67,30,2,3,11,38,49,78,44,33,37,Needs Improvement
97,100,16,12,0,77,70,54,72,69,89,Highly Ready
76,44,0,12,26,57,72,80,87,51,50,Moderately Ready
57,45,18,4,57,41,41,14,45,42,31,Not Ready Yet
54,38,6,0,58,84,52,90,64,74,62,Moderately Ready
50,76,17,3,68,72,92,72,59,56,54,Moderately Ready
29,73,0,12,100,43,75,40,34,58,37,Needs Improvement
36,12,0,6,65,40,5,18,22,49,46,Not Ready Yet
72,67,2,3,72,81,72,75,67,48,48,Moderately Ready
79,41,8,2,78,60,24,58,86,75,40,Moderately Ready
57,52,14,3,77,39,58,17,66,68,44,Moderately Ready
58,33,7,5,61,64,33,56,74,84,80,Moderately Ready
58,31,1,0,30,35,46,64,50,52,44,Needs Improvement
35,62,20,6,65,42,50,40,81,51,49,Needs Improvement
31,16,15,12,57,26,25,17,39,21,26,Not Ready Yet
75,66,11,0,58,90,73,68,70,67,51,Moderately Ready
42,23,0,9,87,46,54,44,54,60,44,Needs Improvement
55,63,6,12,30,48,39,45,51,44,13,Needs Improvement
96,53,7,1,2,61,57,82,63,68,66,Moderately Ready
82,49,5,0,19,62,27,58,92,58,83,Moderately Ready
76,84,5,0,26,83,71,95,90,91,88,Highly Ready
23,10,6,0,7,44,34,0,12,42,16,Not Ready Yet
35,36,20,9,44,41,13,49,44,58,58,Not Ready Yet
56,11,11,7,60,51,33,30,49,56,48,Needs Improvement
62,100,0,0,91,72,83,72,63,92,68,Highly Ready
34,54,6,0,8,36,34,41,68,50,39,Needs Improvement
88,94,0,0,65,66,95,61,76,62,74,Highly Ready
64,84,6,0,10,50,38,36,79,67,82,Moderately Ready
58,19,20,0,70,18,39,17,43,39,30,Not Ready Yet
60,69,5,0,15,89,77,75,94,100,64,Moderately Ready
71,59,0,5,79,67,30,21,67,52,59,Moderately Ready
26,56,3,1,2,23,17,48,41,35,21,Not Ready Yet
33,56,7,0,76,61,49,36,51,14,47,Needs Improvement
55,77,0,7,100,88,37,64,51,89,73,Moderately Ready
88,88,2,0,56,60,56,50,82,54,97,Highly Ready
84,81,0,0,52,64,81,85,63,93,80,Highly Ready
12,31,13,1,55,27,11,0,38,2,5,Not Ready Yet
66,69,0,7,78,74,69,70,69,58,48,Moderately Ready
82,57,2,3,34,87,82,45,98,78,67,Highly Ready
13,16,14,5,51,10,0,0,44,35,19,Not Ready Yet
75,76,10,10,65,83,63,48,67,76,61,Moderately Ready
70,79,0,0,60,99,73,97,95,91,74,Highly Ready
20,10,3,12,25,29,37,0,24,8,28,Not Ready Yet
80,73,3,3,37,87,57,86,85,65,97,Highly Ready
48,39,0,8,35,46,74,44,60,77,74,Moderately Ready
48,35,19,0,39,27,51,26,37,36,49,Needs Improvement
1,18,20,10,78,29,36,44,49,42,29,Not Ready Yet
88,62,4,2,91,66,68,63,76,76,94,Moderately Ready
39,46,0,0,55,82,37,45,66,64,57,Moderately Ready
50,68,16,12,50,44,64,42,80,76,65,Moderately Ready
45,63,19,12,59,62,74,61,65,88,82,Moderately Ready
40,24,0,0,55,22,30,4,51,57,28,Not Ready Yet
21,21,20,12,55,15,41,18,63,32,39,Not Ready Yet
76,71,18,0,100,44,23,80,85,65,70,Moderately Ready
55,43,20,0,57,80,64,79,54,70,64,Moderately Ready
100,70,0,0,67,73,95,86,53,80,94,Highly Ready
14,35,20,11,52,10,36,4,20,54,38,Not Ready Yet
22,21,16,0,77,60,52,62,48,56,15,Needs Improvement
51,74,1,1,36,54,89,40,96,62,66,Moderately Ready
93,81,3,0,68,100,85,38,87,86,90,Highly Ready
73,77,0,10,55,88,86,95,73,89,84,Highly Ready
69,80,6,2,0,55,44,58,88,66,77,Highly Ready
73,79,15,0,8,51,41,50,72,71,71,Moderately Ready
48,24,12,0,63,2,3,29,43,27,43,Not Ready Yet
46,59,20,0,52,49,63,16,32,66,61,Needs Improvement
60,37,11,5,23,65,77,32,88,74,73,Moderately Ready
19,41,0,2,26,10,28,17,32,17,48,Not Ready Yet
98,100,4,1,33,66,54,57,93,74,87,Highly Ready
28,23,17,12,22,24,30,62,70,59,80,Needs Improvement
76,86,4,11,24,82,83,71,94,73,71,Highly Ready
58,66,3,5,50,63,82,78,72,74,82,Highly Ready
78,82,3,0,50,100,57,55,76,86,97,Highly Ready
23,30,20,12,88,25,20,24,28,64,60,Needs Improvement
49,41,20,12,43,66,44,59,86,17,31,Needs Improvement
87,94,12,0,11,79,66,100,94,63,67,Highly Ready
91,99,17,0,83,82,87,59,100,94,86,Highly Ready
87,69,7,5,35,72,91,67,75,95,88,Highly Ready
27,19,14,12,8,20,13,18,69,79,52,Needs Improvement
62,96,10,0,81,51,27,44,100,60,44,Moderately Ready
37,39,10,0,43,78,21,83,49,32,47,Needs Improvement
47,46,1,6,86,34,43,40,18,39,39,Not Ready Yet
53,89,0,0,70,60,50,68,70,80,87,Moderately Ready
60,57,19,6,77,51,30,63,86,63,63,Moderately Ready
56,100,5,8,100,62,53,70,82,89,64,Highly Ready
32,24,14,12,26,17,51,41,27,31,35,Not Ready Yet
62,65,7,0,15,33,60,11,38,56,58,Needs Improvement
51,42,5,0,26,32,60,40,45,27,35,Needs Improvement
100,53,0,0,57,72,85,98,87,76,100,Highly Ready
97,63,14,1,42,46,42,65,67,74,74,Moderately Ready
71,79,4,0,100,97,60,94,96,79,98,Highly Ready
41,47,7,8,65,26,66,48,41,55,72,Not Ready Yet
29,3,9,5,90,10,48,26,10,22,32,Not Ready Yet
93,79,6,10,39,57,95,60,70,83,87,Highly Ready
28,76,20,0,28,39,23,43,78,61,64,Needs Improvement
26,17,20,8,100,14,24,33,25,57,23,Not Ready Yet
4,37,1,8,58,36,8,47,35,42,44,Not Ready Yet
60,74,5,0,23,78,73,41,80,55,83,Highly Ready
95,100,1,1,100,77,83,83,75,88,73,Highly Ready
64,80,20,3,73,79,44,57,64,83,57,Needs Improvement
89,100,0,1,53,95,66,96,67,97,98,Highly Ready
21,30,20,12,2,7,38,33,50,20,36,Not Ready Yet
50,18,8,12,0,52,21,72,66,33,53,Not Ready Yet
57,54,14,0,97,86,64,40,73,49,79,Moderately Ready
55,60,2,1,89,21,46,62,70,41,26,Needs Improvement
64,67,7,8,56,66,42,63,67,59,39,Moderately Ready
36,44,3,5,38,51,57,58,52,38,47,Needs Improvement
36,12,15,8,31,13,36,26,45,7,23,Not Ready Yet
82,71,14,1,100,82,97,98,84,100,97,Highly Ready
36,38,20,8,0,45,21,40,55,22,23,Not Ready Yet
92,68,20,4,63,72,31,57,92,73,73,Highly Ready
88,65,0,0,3,92,33,74,61,89,90,Highly Ready
9,29,18,6,62,20,10,35,54,19,7,Not Ready Yet
47,25,9,6,33,47,23,39,74,57,24,Needs Improvement
25,61,19,12,50,51,47,25,37,43,52,Needs Improvement
71,91,0,9,40,64,36,61,81,100,94,Highly Ready
32,34,0,11,28,52,81,29,70,58,76,Moderately Ready
19,20,14,12,1,19,16,32,40,0,42,Not Ready Yet
36,22,6,5,75,22,25,20,60,44,38,Needs Improvement
62,37,0,0,23,61,72,48,68,58,30,Not Ready Yet
63,86,4,0,13,56,70,41,99,72,77,Moderately Ready
38,33,17,7,85,40,50,53,48,57,55,Needs Improvement
74,79,2,12,4,67,40,58,93,74,54,Moderately Ready
28,0,12,0,28,48,50,45,42,27,1,Not Ready Yet
91,95,0,0,76,100,60,91,100,73,94,Highly Ready
75,67,0,12,87,100,79,85,72,76,99,Highly Ready
49,67,11,2,72,36,47,63,73,78,75,Moderately Ready
63,42,0,5,39,70,30,36,52,44,28,Needs Improvement
57,80,0,2,20,81,42,50,73,82,45,Moderately Ready
19,23,15,0,29,39,33,22,31,37,12,Not Ready Yet
81,61,4,12,36,69,56,100,99,85,83,Highly Ready
63,30,2,0,30,43,68,7,56,28,41,Needs Improvement
15,13,9,2,2,42,55,30,22,59,38,Not Ready Yet
52,49,20,12,23,65,80,29,60,54,75,Moderately Ready
61,64,7,0,80,71,73,74,73,36,74,Moderately Ready
49,55,20,7,80,65,74,87,62,90,64,Moderately Ready
69,71,0,0,19,90,61,91,81,74,99,Highly Ready
41,59,20,4,57,45,45,52,49,48,33,Needs Improvement
80,37,0,0,87,63,77,68,49,31,46,Moderately Ready
65,83,3,0,27,69,50,63,73,59,54,Moderately Ready
65,67,7,2,53,72,62,45,74,63,56,Moderately Ready
94,80,0,0,76,55,74,72,75,84,80,Highly Ready
38,51,14,3,94,70,59,41,33,64,54,Needs Improvement
19,39,14,12,57,32,3,37,25,30,57,Not Ready Yet
22,17,6,0,53,22,37,23,48,34,62,Not Ready Yet
59,59,10,0,100,81,74,70,51,69,81,Moderately Ready
75,100,0,7,64,64,55,85,85,86,86,Highly Ready
61,57,10,0,26,65,74,50,44,66,52,Moderately Ready
50,52,15,6,77,43,26,34,35,27,60,Needs Improvement
15,25,19,7,100,0,51,47,18,32,55,Not Ready Yet
72,88,3,0,88,87,69,89,100,93,100,Highly Ready
47,63,10,5,28,64,64,51,85,54,60,Moderately Ready
59,73,3,0,57,59,72,33,50,89,62,Moderately Ready
65,91,8,0,20,85,39,91,76,59,96,Highly Ready
54,48,1,3,98,45,65,66,67,10,62,Needs Improvement
93,86,9,0,52,70,100,88,70,77,96,Highly Ready
89,96,0,12,85,93,81,97,91,85,90,Highly Ready
64,43,18,4,100,35,25,19,47,36,46,Needs Improvement
39,21,2,7,89,42,36,28,47,63,47,Needs Improvement
40,56,9,5,35,39,52,66,39,63,54,Needs Improvement
55,72,1,2,46,74,70,18,52,61,76,Moderately Ready
73,72,15,5,89,97,100,74,99,88,96,Highly Ready
78,29,20,5,84,35,37,36,54,42,43,Needs Improvement
91,76,4,5,69,97,54,65,99,73,60,Highly Ready
71,67,7,7,100,64,33,76,81,59,69,Moderately Ready
47,79,0,10,10,77,64,67,83,50,55,Moderately Ready
15,3,20,10,24,28,10,47,23,40,23,Not Ready Yet
83,60,20,11,48,56,60,42,88,82,56,Moderately Ready
62,90,11,0,26,90,60,100,76,97,53,Highly Ready
74,53,0,0,32,70,87,89,83,52,80,Highly Ready
44,88,7,7,37,77,23,58,54,81,51,Moderately Ready
26,41,20,11,27,10,24,8,37,19,41,Not Ready Yet
53,35,13,12,52,27,59,71,72,69,41,Needs Improvement
25,22,14,5,72,38,54,69,85,64,42,Needs Improvement
36,55,0,5,100,43,29,30,57,45,31,Needs Improvement
73,72,17,2,19,44,60,96,50,46,69,Needs Improvement
44,37,2,4,33,70,49,32,61,65,56,Moderately Ready
44,20,11,12,42,30,12,3,39,36,30,Not Ready Yet
78,76,11,12,12,82,64,51,47,62,44,Moderately Ready
38,46,5,12,31,50,64,34,60,49,46,Needs Improvement
72,67,20,10,4,80,60,80,95,100,72,Moderately Ready
60,64,17,0,86,58,55,46,47,63,92,Moderately Ready
89,72,16,7,82,89,83,93,82,74,51,Highly Ready
58,52,3,1,19,45,50,71,91,47,96,Needs Improvement
59,58,11,5,70,74,69,48,71,87,56,Moderately Ready
70,100,15,0,67,66,100,42,76,55,51,Highly Ready
38,24,18,1,16,40,22,66,40,45,45,Needs Improvement
78,54,11,0,20,53,69,43,70,62,24,Needs Improvement
56,79,20,0,95,55,40,39,54,79,44,Moderately Ready
93,95,19,4,8,77,83,73,68,61,91,Highly Ready
43,61,18,2,65,28,30,36,31,46,46,Needs Improvement
0,10,6,11,80,5,0,27,46,35,33,Not Ready Yet
65,60,13,0,4,78,82,81,84,67,68,Moderately Ready
38,46,12,5,41,35,42,55,41,31,44,Needs Improvement
88,84,7,0,80,99,83,51,70,61,84,Highly Ready
74,87,4,3,73,69,75,48,73,54,34,Moderately Ready
51,25,0,2,82,42,27,25,46,41,47,Needs Improvement
97,92,12,12,53,89,87,100,65,84,85,Highly Ready
34,26,20,12,83,47,48,46,68,48,35,Needs Improvement
67,76,12,2,10,77,86,100,74,76,92,Highly Ready
100,78,5,0,91,64,80,34,94,88,86,Highly Ready
9,29,20,10,0,18,21,35,42,54,34,Not Ready Yet
54,60,10,0,58,38,30,52,50,39,33,Needs Improvement
100,57,0,0,78,67,90,90,86,68,87,Highly Ready
31,17,16,11,85,53,38,32,44,38,6,Not Ready Yet
36,34,7,12,54,15,39,37,37,57,31,Needs Improvement
69,67,20,11,3,67,73,53,67,62,77,Moderately Ready
67,59,6,12,33,86,43,41,70,66,57,Moderately Ready
98,93,7,4,100,76,48,64,82,90,97,Highly Ready
73,50,0,2,29,99,56,81,85,88,82,Highly Ready
54,85,20,3,0,69,51,84,71,66,68,Moderately Ready
39,71,15,12,16,33,30,55,75,62,26,Needs Improvement
26,35,10,0,82,52,44,50,69,20,38,Needs Improvement
48,33,10,1,32,43,38,12,21,30,41,Not Ready Yet
57,26,0,0,13,34,62,46,61,55,40,Needs Improvement
64,25,3,0,84,49,30,53,38,33,42,Needs Improvement
54,25,10,11,77,44,21,23,61,55,48,Needs Improvement
47,59,16,0,37,45,50,65,34,47,44,Needs Improvement
60,69,5,6,27,96,30,40,60,44,51,Moderately Ready
59,39,3,2,44,54,35,78,78,77,57,Moderately Ready
64,66,12,12,29,38,39,20,37,65,24,Needs Improvement
86,73,17,12,5,68,82,68,60,45,57,Moderately Ready
80,79,10,12,84,75,92,57,90,69,68,Highly Ready
63,41,12,2,46,42,69,48,64,41,34,Needs Improvement
35,24,18,12,6,34,22,19,50,43,17,Not Ready Yet
48,33,17,10,27,39,40,37,32,21,30,Not Ready Yet
18,37,3,12,100,12,41,52,56,36,39,Not Ready Yet
100,100,0,3,57,75,61,95,97,62,89,Highly Ready
31,18,20,12,50,18,22,30,46,24,39,Not Ready Yet
94,90,0,0,14,75,57,86,94,64,62,Highly Ready
15,33,11,12,0,42,29,30,36,36,18,Not Ready Yet
58,49,20,12,71,28,58,38,33,58,53,Needs Improvement
71,33,0,0,73,95,94,53,81,66,59,Moderately Ready
58,59,17,10,72,96,80,70,84,72,92,Highly Ready
67,70,5,0,66,56,95,56,62,48,54,Moderately Ready
65,64,13,10,4,63,63,45,82,64,29,Moderately Ready
56,79,4,0,86,85,35,57,76,69,59,Moderately Ready
13,16,9,12,10,17,23,29,55,41,34,Not Ready Yet
18,34,10,12,91,42,11,16,23,9,8,Not Ready Yet
35,50,14,11,75,74,48,31,61,48,74,Needs Improvement
72,97,1,10,15,70,87,62,57,67,76,Highly Ready
43,18,20,2,76,34,36,29,53,29,24,Not Ready Yet
52,24,2,0,85,23,26,52,45,28,69,Needs Improvement
76,67,0,8,42,74,93,34,63,73,83,Highly Ready
97,82,3,0,62,63,48,66,68,80,83,Highly Ready
70,56,20,0,82,53,31,80,63,50,58,Moderately Ready
37,52,0,12,59,25,60,42,43,41,52,Needs Improvement
74,75,3,10,78,75,35,58,68,74,79,Moderately Ready
100,71,18,3,12,92,70,75,77,75,93,Highly Ready
6,18,11,0,65,29,36,33,56,0,38,Not Ready Yet
78,63,0,7,56,94,93,69,83,77,57,Highly Ready
32,67,0,7,32,91,32,67,72,62,67,Moderately Ready
56,25,8,3,94,41,21,69,32,24,44,Needs Improvement
74,69,0,0,84,64,87,69,61,68,80,Highly Ready
31,57,20,12,32,61,39,57,53,46,59,Needs Improvement
55,34,11,5,62,68,65,68,70,33,26,Needs Improvement
58,51,13,0,15,26,10,64,51,47,34,Needs Improvement
64,95,10,0,100,72,74,45,75,69,85,Highly Ready
65,88,0,3,41,100,86,61,100,100,49,Highly Ready
68,23,17,0,59,51,22,21,33,59,47,Not Ready Yet
39,46,15,12,56,41,35,62,63,50,62,Needs Improvement
48,89,4,0,5,65,73,34,76,71,55,Moderately Ready
45,14,3,0,79,28,41,7,51,31,26,Not Ready Yet
74,69,0,0,0,98,85,61,88,61,84,Highly Ready
45,86,7,0,37,55,74,35,49,63,49,Highly Ready
83,69,7,0,99,49,51,57,85,61,82,Moderately Ready
16,14,20,12,79,22,17,23,45,28,25,Not Ready Yet
73,91,10,12,39,84,84,69,75,93,100,Moderately Ready
63,60,7,12,35,48,27,26,43,36,55,Needs Improvement
75,81,0,0,62,72,62,78,66,58,70,Highly Ready
54,40,20,6,23,21,26,34,13,53,18,Not Ready Yet
92,58,0,12,59,93,79,38,82,59,88,Highly Ready
64,67,5,0,75,58,78,72,67,83,59,Moderately Ready
68,55,9,0,45,69,38,29,100,84,72,Needs Improvement
62,57,18,2,26,42,40,14,71,21,29,Needs Improvement
28,21,14,9,18,10,19,13,47,46,46,Not Ready Yet
22,35,6,12,0,56,50,64,56,57,26,Needs Improvement
81,100,0,0,82,99,82,35,100,92,92,Highly Ready
96,85,3,8,6,81,74,72,77,94,89,Highly Ready
45,57,0,0,3,75,26,57,77,78,57,Needs Improvement
95,94,18,8,59,78,69,41,100,87,91,Highly Ready
99,41,13,1,61,88,31,64,70,76,78,Moderately Ready
61,58,11,0,77,48,30,29,68,48,68,Moderately Ready
89,98,4,0,12,76,65,52,96,99,99,Highly Ready
64,51,17,0,99,54,44,34,53,25,59,Needs Improvement
5,24,11,12,59,37,18,0,51,0,14,Needs Improvement
48,73,5,0,0,31,58,49,77,46,59,Needs Improvement
58,50,3,9,62,67,4,56,56,65,26,Needs Improvement
89,87,0,5,71,78,85,89,68,64,82,Highly Ready
60,72,0,0,99,56,92,78,70,81,47,Moderately Ready
11,17,10,2,40,10,0,37,43,27,9,Not Ready Yet
46,26,11,2,97,21,0,3,42,59,32,Not Ready Yet
95,79,0,5,14,60,82,39,80,58,77,Moderately Ready
85,100,0,7,19,69,69,56,94,91,63,Highly Ready
59,62,13,1,18,68,22,60,70,71,46,Needs Improvement
97,100,14,0,64,97,76,70,80,48,87,Highly Ready
47,37,13,11,71,16,44,63,44,48,67,Needs Improvement
74,62,6,0,99,87,61,59,72,84,68,Moderately Ready
75,76,3,0,27,78,59,64,60,67,74,Moderately Ready
40,39,3,7,66,54,9,19,44,40,54,Needs Improvement
100,73,1,0,49,93,71,57,66,56,70,Highly Ready
99,74,0,0,47,90,82,77,98,74,69,Highly Ready
72,40,7,0,49,60,34,46,64,61,55,Moderately Ready
30,35,6,4,56,65,48,61,44,39,60,Needs Improvement
65,16,16,0,30,34,22,59,38,41,35,Needs Improvement
40,16,6,0,44,78,56,29,58,47,51,Needs Improvement
19,31,20,0,36,37,39,28,44,32,32,Not Ready Yet
45,29,20,11,12,28,26,36,53,39,42,Not Ready Yet
27,36,12,4,100,43,37,56,65,36,39,Needs Improvement
42,0,20,12,53,36,0,13,12,40,49,Not Ready Yet
0,43,8,7,26,51,42,5,29,17,35,Not Ready Yet
64,56,2,11,99,80,77,54,58,73,82,Moderately Ready
35,61,20,12,66,41,45,32,79,58,66,Needs Improvement
62,35,15,0,63,73,76,73,90,50,95,Moderately Ready
69,38,11,9,89,58,78,71,71,81,63,Moderately Ready
60,46,10,0,72,75,67,57,69,31,61,Needs Improvement
50,63,0,0,97,51,73,57,55,40,30,Needs Improvement
84,82,3,4,84,75,78,76,81,89,99,Highly Ready
84,79,0,1,0,82,67,74,100,79,84,Highly Ready
79,56,10,0,53,95,56,27,59,83,92,Highly Ready
21,5,0,9,8,4,12,16,30,20,42,Not Ready Yet
52,69,0,1,35,58,35,62,66,49,62,Moderately Ready
33,34,11,5,28,54,24,35,42,55,36,Not Ready Yet
53,62,9,0,35,29,26,61,81,41,51,Needs Improvement
13,30,3,8,20,24,29,35,50,22,15,Not Ready Yet
49,47,13,12,53,47,67,94,89,48,43,Moderately Ready
56,47,20,0,4,66,77,82,86,46,71,Moderately Ready
61,68,1,12,88,76,61,87,91,49,73,Moderately Ready
71,80,0,3,23,51,44,84,51,53,69,Moderately Ready
88,49,10,0,99,62,45,58,54,53,81,Moderately Ready
36,62,11,9,9,46,42,50,73,44,19,Needs Improvement
34,39,17,12,60,27,36,54,65,22,19,Needs Improvement
75,55,0,2,82,62,59,50,79,50,87,Moderately Ready
100,85,9,2,58,70,84,56,55,72,100,Highly Ready
16,19,0,12,100,24,0,33,31,6,42,Not Ready Yet
76,94,0,8,0,88,83,100,100,100,77,Highly Ready
55,48,10,3,100,78,29,28,64,55,54,Moderately Ready
35,46,7,0,70,21,21,50,51,60,49,Needs Improvement
24,18,12,12,60,8,11,45,45,0,9,Not Ready Yet
70,74,18,0,71,53,88,72,78,75,89,Highly Ready
17,24,19,0,31,1,37,54,55,28,37,Not Ready Yet
43,36,9,12,27,23,11,0,26,43,38,Not Ready Yet
88,84,0,0,66,65,60,40,74,76,56,Highly Ready
54,63,0,11,35,58,35,38,80,49,64,Moderately Ready
23,25,12,2,50,14,6,13,25,28,42,Not Ready Yet
46,94,9,0,0,59,80,68,59,75,68,Moderately Ready
80,68,3,1,89,100,61,100,87,100,88,Highly Ready
100,67,8,0,4,61,53,99,97,85,94,Highly Ready
63,85,9,0,0,81,79,82,100,78,96,Highly Ready
18,45,9,0,84,3,27,41,12,50,16,Not Ready Yet
70,75,13,12,50,38,15,31,62,75,50,Moderately Ready
40,61,20,10,56,70,59,51,44,15,29,Needs Improvement
50,51,7,12,91,63,67,88,68,55,87,Moderately Ready
42,54,11,0,68,37,41,95,96,40,65,Moderately Ready
20,24,12,4,63,31,9,24,35,40,26,Not Ready Yet
27,81,9,12,13,70,82,68,98,81,65,Moderately Ready
48,71,0,11,90,47,94,89,47,88,57,Needs Improvement
52,35,4,0,33,31,50,46,63,60,78,Needs Improvement
93,99,10,4,91,91,84,52,79,74,84,Highly Ready
89,75,12,7,54,53,67,89,84,64,52,Moderately Ready
13,9,20,6,63,11,23,33,38,58,12,Not Ready Yet
0,38,15,0,27,22,36,21,12,35,51,Not Ready Yet
85,78,11,0,41,95,81,62,82,75,73,Highly Ready
23,6,2,5,74,7,12,6,46,12,21,Not Ready Yet
61,68,14,8,82,90,56,44,47,66,60,Moderately Ready
70,100,1,0,84,70,97,68,88,96,90,Highly Ready
58,35,12,12,28,43,59,58,49,37,56,Needs Improvement
93,69,7,0,44,73,71,56,100,87,74,Highly Ready
45,54,0,0,33,59,66,32,46,63,72,Moderately Ready
10,2,15,12,86,31,30,46,63,8,13,Not Ready Yet
100,100,6,0,23,100,56,83,85,89,59,Highly Ready
61,15,3,6,55,56,50,52,29,33,42,Needs Improvement
54,43,20,12,50,29,72,65,33,66,45,Needs Improvement
58,59,1,1,11,45,24,45,57,72,43,Needs Improvement
57,66,0,0,52,58,68,92,65,69,56,Moderately Ready
15,28,15,5,65,14,2,25,61,18,6,Not Ready Yet
56,74,15,6,18,54,69,65,76,44,71,Moderately Ready
6,14,17,10,2,20,0,10,42,41,22,Not Ready Yet
20,61,13,12,70,61,41,47,37,24,65,Needs Improvement
91,91,1,4,39,77,85,58,71,62,90,Highly Ready
30,26,20,10,41,7,0,0,19,24,28,Not Ready Yet
48,77,15,12,24,31,40,30,47,60,37,Needs Improvement
74,67,3,0,49,60,28,49,59,54,93,Moderately Ready
15,16,4,5,61,11,9,0,59,29,41,Not Ready Yet
26,63,20,12,31,32,31,34,56,35,23,Needs Improvement
93,65,0,1,27,77,84,89,100,81,60,Moderately Ready
15,50,3,11,54,39,56,46,46,34,31,Needs Improvement
56,19,0,0,44,33,32,46,53,30,53,Needs Improvement
100,69,0,8,38,76,46,47,83,58,67,Highly Ready
59,90,9,0,49,89,47,85,88,100,60,Highly Ready
75,38,8,6,68,46,51,36,64,65,61,Moderately Ready
50,14,3,0,0,30,22,44,26,44,9,Not Ready Yet
87,65,14,0,57,88,83,93,98,100,85,Highly Ready
68,79,10,0,1,77,52,68,75,86,49,Moderately Ready
17,23,20,12,40,33,18,0,48,21,25,Not Ready Yet
75,52,16,0,48,55,3,29,38,54,51,Needs Improvement
94,67,16,0,14,58,50,100,83,96,100,Highly Ready
69,45,8,0,76,42,17,41,58,65,62,Needs Improvement
79,37,3,0,84,59,28,68,45,63,83,Moderately Ready
61,60,17,10,28,71,38,94,100,77,80,Highly Ready
61,51,19,3,97,71,56,42,91,87,62,Highly Ready
30,14,0,12,76,51,23,48,43,24,47,Not Ready Yet
28,0,8,6,23,45,27,0,31,17,33,Not Ready Yet
62,67,5,4,45,49,54,18,45,54,69,Needs Improvement
44,17,20,0,33,44,37,6,20,40,28,Not Ready Yet
85,69,10,11,20,79,70,90,52,73,55,Highly Ready
95,76,5,0,21,93,100,66,77,85,89,Highly Ready
45,75,7,12,63,68,87,48,62,73,46,Moderately Ready
49,90,8,3,80,74,48,46,100,90,67,Highly Ready
53,69,1,0,90,52,60,87,85,65,80,Moderately Ready
36,36,19,12,71,41,28,43,64,60,18,Needs Improvement
100,100,2,8,19,77,43,50,97,91,71,Highly Ready
59,56,8,0,19,69,65,27,83,72,51,Moderately Ready
83,65,1,3,36,91,76,68,79,68,87,Highly Ready
67,90,0,0,72,91,37,52,53,66,83,Moderately Ready
79,77,11,12,5,100,78,82,90,93,82,Highly Ready
74,87,8,0,10,77,67,85,66,62,100,Highly Ready
64,84,11,0,36,68,40,39,58,37,86,Moderately Ready
62,44,20,4,54,56,46,19,70,16,30,Needs Improvement
30,32,1,0,41,57,38,68,51,44,45,Needs Improvement
73,56,15,0,77,85,29,57,56,52,68,Moderately Ready
71,80,2,0,22,50,26,63,69,65,66,Moderately Ready
51,32,20,2,5,61,64,13,59,37,56,Needs Improvement
74,92,0,0,40,86,68,54,67,84,55,Highly Ready
72,46,14,12,87,73,74,63,44,60,53,Moderately Ready
70,65,9,0,63,62,44,61,81,73,54,Moderately Ready
35,55,10,11,43,78,24,40,71,70,40,Needs Improvement
97,57,0,12,28,76,57,64,87,91,96,Moderately Ready
64,47,0,0,51,56,68,48,89,48,34,Moderately Ready
72,68,0,12,60,69,34,47,58,68,55,Moderately Ready
38,22,5,0,38,33,18,36,48,50,31,Not Ready Yet
12,34,18,0,14,31,28,22,33,7,32,Not Ready Yet
77,41,8,4,89,81,84,85,80,72,44,Moderately Ready
68,49,2,0,44,58,65,31,55,100,66,Moderately Ready
60,40,7,5,30,40,30,59,88,57,53,Highly Ready
65,87,0,11,50,86,78,62,75,100,80,Highly Ready
86,47,6,0,72,60,60,61,81,48,93,Moderately Ready
34,72,0,0,91,61,52,31,65,42,36,Needs Improvement
38,24,17,12,92,68,56,25,58,45,44,Needs Improvement
76,59,11,10,0,39,100,47,86,62,53,Moderately Ready
100,85,11,0,14,94,55,37,100,93,85,Highly Ready
78,71,3,7,75,79,54,73,61,79,76,Moderately Ready
49,72,8,12,57,46,51,48,55,81,65,Moderately Ready
38,62,4,0,25,63,77,89,89,68,56,Moderately Ready
46,27,19,6,1,10,43,8,54,20,33,Not Ready Yet
67,52,14,8,98,50,50,85,66,58,68,Moderately Ready
100,86,0,3,2,69,44,90,93,69,53,Highly Ready
7,45,18,12,28,27,5,20,0,6,22,Not Ready Yet
47,47,20,1,0,47,79,27,79,80,62,Moderately Ready
43,68,20,3,19,13,37,25,43,46,44,Needs Improvement
35,25,18,12,70,47,14,40,34,20,18,Not Ready Yet
19,48,5,12,52,42,43,38,43,41,31,Needs Improvement
22,41,18,3,35,15,38,13,27,52,36,Not Ready Yet
37,38,20,10,17,12,11,14,35,41,42,Not Ready Yet
49,46,16,0,70,37,15,73,33,45,49,Needs Improvement
96,76,5,0,92,65,99,71,98,100,74,Highly Ready
9,18,20,12,0,20,28,31,41,25,13,Not Ready Yet
87,94,0,0,100,59,50,58,87,87,90,Highly Ready
74,74,0,5,100,85,75,57,88,78,80,Highly Ready
82,66,6,0,74,82,68,58,53,93,51,Moderately Ready
54,58,12,4,81,29,23,42,47,42,36,Needs Improvement
95,95,0,0,0,90,50,56,63,75,89,Highly Ready
10,9,20,12,54,34,47,3,28,45,26,Not Ready Yet
46,62,13,5,74,58,21,43,41,37,32,Needs Improvement
66,41,20,11,24,74,77,82,51,47,87,Highly Ready
49,32,20,5,23,20,35,24,34,17,25,Not Ready Yet
81,92,7,12,60,89,55,96,76,88,59,Highly Ready
83,78,10,7,70,89,74,53,41,69,91,Moderately Ready
83,63,0,0,100,63,75,60,64,44,78,Moderately Ready
71,68,14,0,60,43,63,68,53,69,47,Moderately Ready
52,67,14,0,64,69,30,86,71,55,68,Moderately Ready
78,82,0,0,22,73,100,62,80,95,69,Highly Ready
40,23,0,0,57,66,44,41,77,54,46,Moderately Ready
49,78,3,2,42,57,48,52,66,39,68,Moderately Ready
92,79,7,5,48,47,56,43,89,71,44,Moderately Ready
91,82,0,1,17,63,99,77,69,85,74,Highly Ready
73,73,14,8,70,98,66,75,49,75,52,Moderately Ready
78,88,8,0,31,74,48,74,72,50,88,Moderately Ready
73,79,0,0,77,99,74,53,93,60,99,Highly Ready
84,61,6,0,75,60,54,23,78,59,62,Moderately Ready
88,76,20,0,6,74,37,41,80,75,82,Moderately Ready
65,26,20,0,45,51,68,74,84,65,41,Moderately Ready
43,11,12,0,66,57,62,15,52,36,23,Needs Improvement
75,53,11,11,24,72,68,49,77,59,83,Moderately Ready
74,55,0,7,56,49,30,74,55,62,48,Moderately Ready
52,48,3,12,89,46,59,19,57,52,55,Needs Improvement
87,49,8,0,38,56,49,48,77,71,73,Moderately Ready
85,48,0,12,38,58,63,54,59,78,71,Moderately Ready
73,63,11,12,81,36,60,54,50,18,41,Needs Improvement
23,17,14,5,0,49,31,67,53,30,39,Needs Improvement
84,100,0,0,87,63,97,58,63,58,71,Highly Ready
24,72,0,12,79,38,66,38,30,42,17,Needs Improvement
60,54,16,10,49,58,18,46,69,58,48,Needs Improvement
50,59,20,0,5,63,74,40,79,58,65,Needs Improvement
29,42,9,4,1,27,42,43,71,37,50,Needs Improvement
51,9,20,7,11,32,5,13,38,30,25,Not Ready Yet
0,10,20,10,4,40,2,30,42,9,52,Not Ready Yet
49,82,0,12,76,64,44,59,46,54,32,Moderately Ready
37,57,2,5,18,54,21,28,70,46,29,Needs Improvement
76,86,20,0,84,51,63,63,73,48,75,Needs Improvement
74,94,0,0,95,87,89,46,83,89,70,Highly Ready
90,85,6,12,77,65,61,68,77,59,90,Highly Ready
58,55,20,0,84,53,50,16,41,68,40,Needs Improvement
3,13,20,9,0,17,34,37,50,30,42,Not Ready Yet
92,90,0,0,62,95,69,95,82,72,81,Highly Ready
74,66,17,10,0,56,73,62,69,77,54,Needs Improvement
100,100,0,0,8,93,98,95,100,80,75,Highly Ready
76,87,0,0,54,57,44,46,73,76,58,Moderately Ready
83,54,4,9,47,67,65,38,78,90,59,Highly Ready
74,84,0,12,75,93,54,47,100,59,44,Highly Ready
98,88,9,0,44,86,70,88,70,98,100,Highly Ready
55,62,9,6,98,57,55,46,75,56,61,Needs Improvement
43,27,13,7,11,54,16,32,54,41,60,Needs Improvement
66,57,11,5,83,42,64,51,80,82,55,Moderately Ready
82,100,0,0,84,98,100,43,58,62,84,Highly Ready
71,84,0,0,10,100,80,95,69,86,93,Highly Ready
42,40,16,0,24,39,9,13,79,55,33,Needs Improvement
44,60,13,12,98,59,53,19,45,64,19,Needs Improvement
76,79,0,0,63,99,81,72,88,100,63,Highly Ready
72,67,0,5,0,82,87,42,55,97,96,Highly Ready
55,90,0,8,48,78,68,78,85,46,68,Moderately Ready
8,41,11,4,60,32,34,23,25,26,14,Not Ready Yet
32,11,12,0,63,21,12,34,20,20,49,Not Ready Yet
77,81,4,0,51,72,70,88,56,56,65,Highly Ready
67,35,9,12,32,60,44,28,41,45,36,Needs Improvement
63,87,0,0,92,86,69,46,74,90,69,Highly Ready
41,55,3,12,35,26,42,39,54,46,32,Needs Improvement
51,60,15,0,61,51,33,21,74,65,51,Needs Improvement
27,38,20,2,25,61,32,38,78,65,77,Not Ready Yet
66,79,13,12,89,74,59,56,65,62,81,Moderately Ready
59,69,12,12,60,70,54,31,51,57,46,Moderately Ready
72,69,9,1,34,49,79,71,83,67,53,Highly Ready
81,67,11,12,100,55,51,50,75,79,65,Moderately Ready
74,46,0,0,48,50,65,51,66,65,43,Moderately Ready
94,72,0,5,14,83,65,79,96,85,62,Highly Ready
41,26,8,12,15,66,47,56,44,27,47,Needs Improvement
20,68,15,7,85,53,36,25,46,42,29,Needs Improvement
43,55,13,7,24,41,31,8,51,11,77,Needs Improvement
100,100,7,11,66,79,63,83,82,100,56,Highly Ready
71,56,15,12,51,41,29,71,54,71,48,Moderately Ready
18,41,20,7,44,8,27,28,21,27,32,Not Ready Yet
74,49,17,0,60,81,78,62,56,60,54,Moderately Ready
74,64,0,0,72,100,66,71,85,85,94,Highly Ready
91,69,7,10,57,82,65,100,52,61,81,Highly Ready
18,22,20,4,100,1,37,34,7,33,44,Not Ready Yet
32,25,2,1,49,25,55,46,83,40,28,Needs Improvement
84,100,0,0,98,76,77,61,86,73,67,Highly Ready
41,36,5,12,85,62,18,12,31,48,43,Needs Improvement
30,19,19,12,70,17,30,22,43,16,43,Not Ready Yet
16,51,15,12,90,6,49,23,40,24,31,Not Ready Yet
62,18,20,6,12,62,23,42,46,60,47,Needs Improvement
20,14,9,12,0,2,28,8,16,36,50,Not Ready Yet
33,42,17,6,89,13,14,42,23,34,16,Not Ready Yet
3,28,20,12,30,22,5,0,55,30,31,Not Ready Yet
50,48,0,12,73,52,54,25,38,57,44,Needs Improvement
100,100,0,0,0,83,50,69,92,95,83,Highly Ready
60,70,11,1,80,55,37,39,92,61,69,Moderately Ready
48,22,19,9,39,34,3,58,60,39,12,Needs Improvement
68,91,5,8,19,86,60,100,100,86,65,Highly Ready
73,27,17,6,69,59,30,68,68,57,40,Needs Improvement
73,82,0,11,15,100,72,31,94,88,80,Highly Ready
58,51,0,2,10,59,81,38,58,63,89,Moderately Ready
37,26,20,3,33,8,40,23,18,41,42,Not Ready Yet
100,59,0,3,32,96,33,88,52,100,62,Highly Ready
84,67,0,2,15,92,32,68,75,61,65,Moderately Ready
53,66,20,12,49,37,52,64,45,49,48,Needs Improvement
64,85,0,12,9,95,61,35,79,71,96,Highly Ready
46,90,8,5,65,81,64,48,76,78,75,Moderately Ready
34,35,0,9,0,66,42,38,87,44,63,Needs Improvement
12,21,10,6,56,50,20,7,45,20,18,Not Ready Yet
7,27,20,12,14,10,9,9,12,26,56,Not Ready Yet
31,60,0,12,100,38,62,39,55,22,44,Needs Improvement
67,33,0,1,31,30,31,34,47,61,28,Needs Improvement
85,68,14,8,41,78,75,93,97,97,58,Highly Ready
88,57,2,4,66,63,57,60,95,93,74,Highly Ready
58,65,9,6,17,52,29,43,85,57,76,Moderately Ready
38,30,20,12,30,7,42,11,35,38,31,Not Ready Yet
12,11,10,6,22,28,14,11,16,26,16,Not Ready Yet
34,43,0,0,97,10,19,6,26,22,36,Not Ready Yet
79,48,0,4,63,70,57,53,68,80,52,Moderately Ready
54,51,7,4,55,68,28,85,62,75,53,Moderately Ready
92,69,0,5,17,66,48,84,61,79,93,Moderately Ready
47,51,3,8,11,63,57,67,90,64,71,Moderately Ready
16,28,20,12,90,19,50,0,22,44,0,Not Ready Yet
40,56,16,0,74,67,57,52,80,59,87,Moderately Ready
58,77,2,0,45,75,75,58,99,78,70,Highly Ready
60,10,10,12,44,33,8,4,49,3,21,Not Ready Yet
86,87,0,0,0,92,49,77,97,95,72,Highly Ready
68,23,6,7,100,34,40,37,42,60,65,Needs Improvement
90,64,7,9,50,50,65,82,72,94,80,Highly Ready
90,91,3,3,8,72,76,32,96,52,66,Moderately Ready
64,26,3,0,89,79,60,65,62,62,46,Moderately Ready
62,76,15,0,3,55,61,36,80,74,56,Moderately Ready
65,54,0,3,88,50,27,34,36,36,63,Needs Improvement
75,54,15,8,26,74,85,47,75,60,65,Highly Ready
43,46,0,12,32,30,36,25,52,36,31,Needs Improvement
100,85,20,0,24,81,39,85,94,73,83,Highly Ready
53,55,16,2,56,50,74,8,58,75,86,Moderately Ready
76,55,14,7,30,42,56,51,61,28,54,Needs Improvement
0,26,14,12,13,20,39,14,56,48,26,Not Ready Yet
86,84,9,9,100,100,61,96,53,97,90,Highly Ready
88,91,0,0,91,81,100,97,75,82,77,Highly Ready
64,79,0,0,79,77,98,74,73,100,67,Highly Ready
57,76,12,1,0,64,63,64,64,79,73,Moderately Ready
66,37,17,2,25,62,40,30,58,78,88,Moderately Ready
47,27,11,12,28,38,36,49,26,40,25,Not Ready Yet
73,65,8,0,62,76,56,33,57,76,62,Moderately Ready
100,55,0,9,95,100,72,95,91,100,90,Highly Ready
87,100,10,5,83,46,94,63,79,93,60,Highly Ready
60,46,13,12,75,61,30,69,82,76,71,Moderately Ready
51,80,13,1,55,83,59,42,76,47,56,Moderately Ready
41,54,7,0,100,59,63,58,34,52,37,Needs Improvement
24,22,19,7,72,11,22,19,30,17,42,Not Ready Yet
68,66,0,0,2,74,67,99,59,92,60,Highly Ready
57,48,2,6,79,27,14,66,38,51,61,Needs Improvement
26,13,17,12,18,26,0,41,50,34,21,Not Ready Yet
29,31,20,0,0,0,0,26,27,51,18,Not Ready Yet
26,18,14,12,32,38,30,22,30,44,50,Not Ready Yet
61,79,9,7,88,69,76,84,77,74,75,Highly Ready
70,74,0,0,82,97,58,73,87,92,61,Highly Ready
90,86,0,5,84,90,89,86,75,81,86,Highly Ready
48,62,18,0,81,65,37,6,42,47,64,Needs Improvement
56,58,20,9,87,52,38,38,77,73,36,Moderately Ready
64,90,12,0,45,71,76,82,82,73,94,Highly Ready
75,95,8,0,28,50,56,69,68,71,68,Highly Ready
27,26,18,12,18,19,19,22,46,34,16,Not Ready Yet
27,50,12,0,88,33,32,11,67,23,32,Needs Improvement
50,99,0,0,21,92,86,49,93,86,92,Highly Ready
89,56,10,0,43,89,54,56,80,90,90,Highly Ready
24,31,20,12,92,50,16,15,46,32,11,Not Ready Yet
39,28,12,8,5,14,18,32,17,44,0,Not Ready Yet
69,100,13,8,84,73,83,61,82,74,95,Highly Ready
41,56,16,3,80,72,38,58,57,54,68,Moderately Ready
78,76,4,0,0,74,100,89,68,83,100,Highly Ready
22,38,7,8,75,55,9,61,75,64,29,Needs Improvement
32,22,20,4,0,18,36,25,30,29,5,Not Ready Yet
44,38,14,5,29,20,0,13,20,31,42,Not Ready Yet
22,62,17,0,37,63,19,37,56,61,57,Needs Improvement
80,74,0,12,24,69,66,92,93,73,74,Highly Ready
79,36,20,12,41,17,30,22,48,36,67,Needs Improvement
58,59,0,0,94,70,38,19,73,74,75,Moderately Ready
57,51,20,2,9,60,82,61,67,57,34,Needs Improvement
19,44,19,12,56,41,7,10,15,69,53,Not Ready Yet
41,54,12,8,81,45,65,51,68,30,27,Needs Improvement
78,54,20,6,38,68,97,53,82,71,72,Highly Ready
76,66,2,7,58,58,15,31,72,37,36,Needs Improvement
45,67,12,3,69,64,36,21,73,44,65,Needs Improvement
15,28,13,0,62,19,51,15,37,18,49,Not Ready Yet
59,88,0,6,30,89,39,27,65,80,88,Moderately Ready
61,66,6,5,9,49,69,62,42,57,43,Moderately Ready
78,61,13,0,4,85,62,69,44,54,74,Moderately Ready
37,69,7,12,60,36,31,24,77,31,28,Needs Improvement
70,71,3,9,5,88,87,70,69,84,60,Highly Ready
100,55,0,0,98,76,50,99,94,76,92,Highly Ready
87,68,8,12,42,80,55,53,96,79,65,Moderately Ready
55,43,6,7,92,60,42,80,74,83,40,Moderately Ready
100,65,0,12,100,100,49,67,74,93,66,Highly Ready
47,77,17,12,82,81,46,62,89,77,59,Moderately Ready
62,61,12,8,97,66,77,58,76,58,80,Moderately Ready
92,72,11,12,13,69,67,39,83,78,58,Moderately Ready
76,39,2,0,91,76,67,43,68,72,48,Moderately Ready
27,9,20,7,68,0,0,16,52,31,38,Not Ready Yet
52,65,8,0,94,51,54,69,44,63,19,Not Ready Yet
44,57,8,10,18,62,62,49,48,73,54,Moderately Ready
61,73,9,0,67,61,44,47,75,62,48,Moderately Ready
31,15,7,12,37,19,48,19,25,35,3,Not Ready Yet
72,49,20,6,2,43,52,42,67,18,26,Needs Improvement
39,34,12,12,15,34,28,33,18,6,27,Not Ready Yet
56,81,3,0,100,57,63,49,79,82,73,Highly Ready
88,56,9,12,80,45,54,76,91,75,55,Moderately Ready
89,70,0,11,0,73,55,73,90,64,36,Moderately Ready
51,60,7,0,75,64,65,52,91,54,51,Moderately Ready
92,66,2,0,73,70,17,64,100,71,74,Moderately Ready
16,47,18,9,79,56,31,63,35,29,52,Needs Improvement
15,26,11,12,88,10,0,38,35,40,52,Not Ready Yet
35,21,16,12,80,22,32,30,86,38,49,Needs Improvement
64,44,8,0,65,32,58,48,60,65,81,Moderately Ready
79,59,0,3,28,87,71,75,43,75,65,Moderately Ready
51,76,5,9,0,45,53,64,51,51,45,Moderately Ready
62,68,0,12,39,67,70,38,88,68,59,Moderately Ready
33,55,8,9,57,42,45,62,60,17,71,Needs Improvement
46,38,20,12,38,40,67,30,65,55,43,Needs Improvement
80,54,2,0,10,49,53,79,80,74,55,Moderately Ready
100,77,5,0,62,66,52,95,74,90,68,Highly Ready
59,58,0,0,25,83,80,77,55,61,71,Moderately Ready
61,77,0,1,21,64,71,47,86,76,66,Moderately Ready
68,53,15,0,18,49,55,35,69,87,67,Moderately Ready
87,66,4,10,43,95,48,72,92,77,95,Highly Ready
58,67,3,9,35,91,17,41,71,56,67,Moderately Ready
40,6,13,0,38,25,39,37,38,23,23,Not Ready Yet
100,86,0,8,86,58,94,81,86,57,97,Highly Ready
63,43,11,8,78,51,61,47,53,76,65,Moderately Ready
27,47,17,0,68,51,56,35,80,70,77,Moderately Ready
25,19,0,12,2,36,28,36,34,32,21,Not Ready Yet
30,29,3,0,65,37,36,16,63,9,37,Not Ready Yet
65,56,1,0,19,46,46,22,87,54,47,Moderately Ready
37,18,11,12,100,27,29,25,49,41,16,Needs Improvement
56,56,10,0,86,46,51,54,38,55,23,Not Ready Yet
64,46,8,9,36,27,35,27,40,41,67,Needs Improvement
19,32,0,0,18,27,49,73,31,38,66,Needs Improvement
52,38,9,12,57,60,62,25,57,27,51,Needs Improvement
40,49,17,12,18,38,23,13,66,43,55,Needs Improvement
64,65,13,1,0,65,65,66,54,55,67,Moderately Ready
27,50,0,12,56,51,20,27,41,41,33,Needs Improvement
4,5,20,10,84,44,42,8,20,40,38,Not Ready Yet
33,14,15,0,50,50,22,52,46,28,1,Not Ready Yet
75,66,4,12,79,76,49,71,84,74,49,Moderately Ready
55,65,12,4,89,89,45,65,58,78,74,Moderately Ready
69,63,20,1,66,70,15,85,70,80,58,Moderately Ready
38,33,8,12,41,50,56,36,72,29,22,Needs Improvement
53,71,16,0,99,46,71,66,59,70,80,Moderately Ready
43,28,20,10,75,22,5,2,42,42,16,Not Ready Yet
92,74,0,8,13,81,52,57,78,100,98,Highly Ready
51,58,14,3,19,53,65,42,58,30,34,Not Ready Yet
28,18,5,7,47,44,29,34,14,16,20,Not Ready Yet
45,62,4,7,83,51,19,36,59,49,25,Needs Improvement
40,29,16,0,79,32,22,11,25,15,6,Not Ready Yet
100,82,4,11,12,74,100,91,100,72,86,Highly Ready
55,49,16,12,44,70,49,41,62,59,29,Needs Improvement
0,40,9,1,69,6,45,0,33,40,17,Not Ready Yet
24,13,7,5,47,11,50,54,54,23,32,Not Ready Yet
81,91,8,6,39,85,85,44,60,79,80,Highly Ready
18,0,2,12,37,25,6,19,21,47,16,Needs Improvement
54,52,0,0,6,61,49,64,63,97,59,Moderately Ready
72,65,9,0,14,43,87,33,74,63,81,Moderately Ready
49,63,12,12,10,32,33,32,38,29,49,Needs Improvement
62,79,4,0,1,95,68,72,81,96,63,Highly Ready
48,34,7,5,91,69,33,53,62,35,29,Needs Improvement
45,73,1,0,83,84,76,81,86,63,63,Moderately Ready
31,62,5,10,28,22,29,68,57,47,64,Needs Improvement
66,94,14,11,41,98,59,46,85,54,79,Highly Ready
77,72,0,0,61,65,25,35,81,52,52,Moderately Ready
66,15,20,0,89,58,41,13,96,50,30,Needs Improvement
49,57,7,12,8,64,33,46,59,44,44,Needs Improvement
92,58,20,9,56,47,51,83,72,82,62,Moderately Ready
86,63,9,4,80,68,88,80,51,78,47,Moderately Ready
85,83,0,11,55,39,46,40,79,88,78,Moderately Ready
65,77,8,12,0,97,43,60,83,91,74,Highly Ready
0,35,16,12,66,43,15,28,54,26,31,Not Ready Yet
51,56,20,7,35,22,27,37,76,57,47,Needs Improvement
17,2,20,12,83,4,13,41,25,27,0,Not Ready Yet
11,47,8,1,72,12,15,21,58,35,22,Not Ready Yet
49,28,20,9,11,21,42,28,46,4,6,Not Ready Yet
70,86,4,0,29,89,54,67,90,100,100,Highly Ready
80,89,11,0,38,96,81,94,80,100,74,Highly Ready
63,39,20,1,1,20,26,57,33,39,37,Moderately Ready
44,9,14,4,26,43,4,20,24,55,29,Not Ready Yet
70,59,20,0,27,62,41,66,60,81,86,Moderately Ready
21,50,18,0,53,48,16,44,85,44,57,Needs Improvement
91,87,6,0,77,82,42,85,84,100,66,Highly Ready
47,69,5,9,100,42,39,24,62,29,51,Needs Improvement
70,69,4,7,65,63,43,76,55,53,78,Moderately Ready
97,80,0,4,74,64,67,42,62,89,90,Highly Ready
63,65,20,0,27,68,69,62,66,89,69,Moderately Ready
55,19,9,6,25,40,25,28,79,43,62,Not Ready Yet
60,53,20,12,31,31,55,54,68,59,33,Needs Improvement
71,72,10,5,60,65,68,100,78,86,93,Highly Ready
57,35,12,0,12,35,47,28,40,52,50,Needs Improvement
42,26,19,0,12,48,50,25,81,53,26,Needs Improvement
66,18,10,6,97,82,81,24,82,75,62,Moderately Ready
75,72,7,6,88,47,91,60,50,54,85,Moderately Ready
41,42,9,0,0,50,31,52,60,54,34,Needs Improvement
77,71,11,1,59,71,68,41,70,79,79,Moderately Ready
77,54,16,1,80,74,72,35,62,89,54,Moderately Ready
27,11,14,4,0,34,21,29,22,53,2,Not Ready Yet
38,58,6,12,0,74,70,43,65,59,85,Moderately Ready
100,99,9,0,9,90,85,68,69,75,88,Highly Ready
37,68,11,0,63,65,37,50,57,70,45,Needs Improvement
67,99,5,0,51,85,56,92,82,64,88,Highly Ready
35,41,14,8,36,65,24,20,66,39,37,Needs Improvement
34,51,15,12,30,47,44,52,53,64,54,Needs Improvement
100,89,0,0,43,89,60,84,87,88,88,Highly Ready
72,55,6,9,72,81,32,70,80,55,53,Moderately Ready
94,55,0,3,25,63,80,92,93,82,75,Highly Ready
88,49,0,0,76,52,82,55,78,71,82,Moderately Ready
38,84,3,11,54,60,47,41,81,70,69,Moderately Ready
43,28,5,12,43,28,22,33,0,36,20,Not Ready Yet
36,36,20,12,16,38,19,49,76,57,61,Needs Improvement
58,62,0,0,94,79,50,76,56,49,60,Moderately Ready
100,94,0,0,76,100,60,94,69,80,90,Highly Ready
77,78,0,0,24,100,53,100,98,87,80,Highly Ready
53,27,6,0,39,80,35,75,48,67,86,Moderately Ready
11,14,1,7,50,15,48,0,32,44,23,Not Ready Yet
79,56,0,0,79,100,95,64,75,73,74,Highly Ready
100,68,0,12,27,63,71,78,77,98,59,Highly Ready
81,83,0,0,22,73,42,34,79,78,43,Moderately Ready
60,71,13,12,70,100,45,100,67,76,66,Highly Ready
83,62,0,12,65,91,73,76,70,73,99,Highly Ready
12,28,17,12,92,24,20,17,24,44,15,Not Ready Yet
28,41,14,0,52,56,44,48,33,64,44,Needs Improvement
44,65,20,6,38,34,71,51,79,60,45,Needs Improvement
87,78,0,0,84,71,91,78,66,82,100,Highly Ready
12,22,8,8,56,23,22,29,69,27,42,Not Ready Yet
43,25,11,8,30,29,12,54,60,54,55,Needs Improvement
30,13,9,3,58,31,52,61,43,26,63,Needs Improvement
0,41,20,12,23,27,31,46,17,37,30,Not Ready Yet
79,100,0,0,45,90,50,50,65,64,65,Highly Ready
62,68,3,2,10,53,40,55,62,67,59,Moderately Ready
83,60,0,12,15,69,64,69,90,84,100,Highly Ready
57,78,8,0,57,51,32,91,70,45,93,Moderately Ready
67,74,0,0,30,84,98,87,96,82,94,Moderately Ready
59,54,0,0,38,80,30,44,62,50,28,Needs Improvement
80,83,0,2,79,60,67,46,73,74,100,Highly Ready
56,71,14,0,28,50,47,47,59,47,32,Needs Improvement
15,29,7,0,59,33,41,46,78,45,52,Needs Improvement
37,50,3,0,6,57,60,66,67,59,21,Needs Improvement
100,75,3,0,49,94,78,61,93,56,94,Highly Ready
21,29,8,12,88,15,57,50,74,67,67,Needs Improvement
19,27,0,0,34,27,16,9,66,51,24,Not Ready Yet
48,31,1,10,50,49,75,37,85,62,63,Moderately Ready
96,66,5,0,58,71,81,76,60,64,91,Highly Ready
71,66,0,0,10,72,71,68,80,74,75,Moderately Ready
76,59,0,0,14,79,68,50,88,72,52,Moderately Ready
51,34,5,12,100,60,63,58,93,84,46,Moderately Ready
44,51,0,0,5,39,25,52,54,56,48,Needs Improvement
49,47,7,0,63,47,56,77,56,55,47,Needs Improvement
5,47,14,12,36,18,1,28,53,32,43,Not Ready Yet
26,41,10,12,88,29,64,51,56,56,28,Needs Improvement
80,70,12,0,95,63,75,43,76,86,84,Moderately Ready
33,25,16,10,91,27,53,41,62,38,20,Not Ready Yet
69,50,2,0,62,45,15,77,60,83,75,Highly Ready
34,28,20,8,45,33,47,35,40,30,43,Needs Improvement
60,59,18,11,0,69,100,38,100,83,68,Moderately Ready
66,48,17,4,22,49,60,52,74,44,51,Needs Improvement
58,95,6,0,88,90,77,68,94,78,73,Moderately Ready
64,33,5,0,39,69,62,59,73,78,68,Moderately Ready
84,60,7,9,43,87,65,68,98,53,64,Moderately Ready
58,86,14,11,47,36,32,68,55,66,40,Moderately Ready
29,0,20,9,30,34,3,13,51,41,18,Not Ready Yet
100,100,17,0,15,55,100,87,80,71,91,Highly Ready
14,38,19,6,56,18,19,18,24,31,5,Not Ready Yet
36,20,8,5,27,40,18,48,59,41,52,Needs Improvement
5,25,3,12,48,15,40,42,32,40,22,Not Ready Yet
26,24,10,0,78,43,50,13,38,55,36,Needs Improvement
75,71,4,4,56,77,55,58,62,54,60,Moderately Ready
65,26,9,6,1,43,66,43,57,49,52,Needs Improvement
19,38,20,5,79,0,48,3,5,48,54,Not Ready Yet
40,37,20,12,68,26,20,44,48,32,56,Needs Improvement
43,79,14,4,77,58,31,31,82,24,70,Needs Improvement
47,24,15,7,2,0,18,39,15,13,25,Not Ready Yet
18,13,13,10,27,28,39,24,9,1,4,Not Ready Yet
70,72,0,4,52,90,97,94,59,57,95,Highly Ready
74,58,12,0,22,67,89,70,68,89,77,Highly Ready
71,70,0,12,57,71,57,34,67,34,50,Needs Improvement
82,44,6,0,40,50,9,53,66,88,46,Moderately Ready
57,74,8,0,48,83,40,78,54,89,52,Moderately Ready
75,68,11,12,35,88,53,64,100,61,89,Highly Ready
57,76,0,2,40,79,64,59,80,64,68,Highly Ready
93,79,6,7,66,64,72,57,74,68,59,Highly Ready
68,78,0,12,15,64,83,57,91,90,74,Highly Ready
64,65,4,12,92,81,40,25,76,67,50,Moderately Ready
94,92,0,2,19,78,72,53,100,87,81,Highly Ready
70,56,6,7,89,72,88,89,53,78,69,Moderately Ready
69,62,10,12,50,83,45,45,68,86,90,Moderately Ready
67,51,0,7,37,49,76,90,47,63,58,Moderately Ready
80,95,1,7,82,91,73,69,63,53,59,Highly Ready
54,70,0,3,55,75,94,69,78,86,66,Highly Ready
81,97,0,6,76,75,61,53,100,83,76,Moderately Ready
100,100,0,2,96,85,78,53,73,100,75,Highly Ready
93,90,6,12,57,76,43,80,100,83,81,Highly Ready
4,35,13,0,96,23,52,37,57,69,53,Needs Improvement
68,65,19,12,39,49,73,83,83,68,61,Moderately Ready
6,21,16,6,9,40,23,11,50,9,49,Not Ready Yet
7,15,7,12,9,49,5,36,38,48,0,Not Ready Yet
74,89,8,0,25,94,46,81,85,82,78,Highly Ready
96,69,0,3,98,65,74,56,67,86,72,Highly Ready
64,45,6,12,32,34,51,14,49,46,69,Needs Improvement
21,22,20,2,29,9,30,24,26,40,6,Not Ready Yet
67,100,14,2,66,66,51,53,97,62,66,Highly Ready
11,29,16,5,46,33,28,37,9,13,15,Not Ready Yet
22,51,4,0,10,61,43,49,47,48,70,Needs Improvement
31,7,20,8,13,19,0,0,22,24,27,Not Ready Yet
50,34,15,11,73,54,59,12,31,40,51,Needs Improvement
100,94,9,2,40,94,79,66,61,98,73,Highly Ready
81,6,4,12,8,45,3,63,53,63,33,Needs Improvement
31,20,9,0,63,11,16,37,33,0,30,Not Ready Yet
68,95,0,0,2,75,73,81,100,79,100,Highly Ready
70,100,0,11,21,66,81,90,98,91,46,Highly Ready
16,66,4,12,53,37,20,49,69,48,52,Needs Improvement
58,6,2,4,60,37,37,26,79,63,58,Needs Improvement
66,57,7,12,26,9,31,47,50,22,52,Needs Improvement
55,11,20,7,15,38,15,1,18,16,4,Not Ready Yet
70,16,19,8,80,35,34,62,58,54,47,Needs Improvement
60,79,8,0,45,59,58,84,79,84,72,Moderately Ready
84,70,0,0,96,77,53,58,88,100,97,Highly Ready
56,24,2,0,94,7,47,28,47,45,40,Needs Improvement
90,65,0,1,94,58,54,30,71,89,83,Highly Ready
90,67,0,0,30,65,45,60,74,71,73,Moderately Ready
18,13,10,6,4,39,69,48,47,65,50,Needs Improvement
14,42,20,12,69,56,9,22,26,46,40,Not Ready Yet
56,16,18,6,92,34,36,50,71,43,9,Needs Improvement
51,59,16,0,100,34,42,69,58,56,32,Needs Improvement
31,30,13,12,43,26,19,40,18,29,20,Not Ready Yet
70,77,12,7,96,40,67,71,71,63,65,Moderately Ready
12,38,6,5,18,17,9,52,34,27,4,Not Ready Yet
24,44,20,0,3,23,45,40,54,61,44,Not Ready Yet
47,38,12,0,63,44,13,35,46,12,49,Needs Improvement
29,62,11,9,84,47,73,77,57,28,68,Needs Improvement
30,19,14,7,12,29,2,22,48,42,32,Not Ready Yet
32,66,18,4,86,27,18,17,59,36,23,Needs Improvement
19,25,20,0,88,6,22,9,10,17,52,Not Ready Yet
100,100,2,7,58,100,65,42,99,86,100,Highly Ready
51,91,19,4,76,88,32,42,74,86,55,Moderately Ready
75,73,0,11,41,64,100,93,91,57,85,Highly Ready
75,81,2,6,17,80,98,45,68,78,73,Highly Ready
73,73,0,3,87,80,100,73,76,79,89,Moderately Ready
66,51,12,6,49,52,43,63,71,48,60,Needs Improvement
50,86,0,0,0,52,92,78,89,77,90,Highly Ready
23,0,17,9,100,0,5,41,18,23,55,Not Ready Yet
64,37,13,2,33,80,45,58,76,38,43,Highly Ready
56,36,0,12,48,39,72,88,66,54,54,Moderately Ready
9,43,5,12,37,18,14,16,30,20,28,Not Ready Yet
87,44,6,12,55,74,79,22,67,81,69,Moderately Ready
42,17,20,8,90,40,0,21,22,56,46,Not Ready Yet
16,29,13,0,32,39,30,3,39,21,28,Not Ready Yet
72,69,20,5,62,72,34,43,76,73,92,Moderately Ready
97,69,0,12,74,92,80,65,83,66,73,Moderately Ready
84,53,0,11,92,80,75,89,88,48,75,Moderately Ready
62,31,20,8,31,31,15,49,49,20,52,Needs Improvement
48,37,2,12,0,45,70,34,76,80,71,Moderately Ready
56,46,0,4,89,60,43,63,26,63,24,Not Ready Yet
28,24,13,7,76,41,24,37,44,12,65,Not Ready Yet
75,57,0,8,47,94,74,60,73,93,94,Highly Ready
91,84,13,12,99,92,49,83,100,65,83,Highly Ready
78,56,6,0,42,57,62,63,54,77,55,Moderately Ready
24,20,15,1,35,17,21,12,29,18,18,Not Ready Yet
62,84,0,4,98,80,32,70,58,52,57,Moderately Ready
0,26,0,12,11,19,35,15,61,42,20,Needs Improvement
61,44,0,7,100,52,60,87,78,78,53,Moderately Ready
37,34,6,0,30,18,35,14,41,35,51,Needs Improvement
33,48,6,3,61,57,17,31,30,15,62,Needs Improvement
40,57,0,4,6,48,55,63,37,35,56,Needs Improvement
87,95,0,7,50,85,63,68,73,58,70,Highly Ready
75,71,0,12,17,86,75,80,75,69,99,Highly Ready
46,42,18,11,59,19,42,46,72,24,71,Needs Improvement
54,94,0,1,49,66,54,57,100,87,75,Highly Ready
87,47,13,8,0,68,84,30,66,60,76,Moderately Ready
52,12,20,4,100,6,38,40,27,11,27,Not Ready Yet
43,75,13,0,33,49,76,96,64,68,60,Moderately Ready
56,37,4,0,24,54,42,24,47,53,46,Needs Improvement
48,64,15,0,85,52,18,45,48,52,12,Needs Improvement
39,25,20,0,62,24,28,13,42,33,28,Not Ready Yet
66,66,0,1,64,54,62,84,81,87,100,Highly Ready
100,68,3,4,75,91,48,70,93,73,63,Highly Ready
89,77,15,0,13,78,100,41,100,83,95,Highly Ready
61,88,0,0,20,100,76,58,74,71,80,Highly Ready
82,46,4,3,24,50,83,59,68,41,55,Moderately Ready
49,29,20,12,57,18,30,9,47,20,12,Not Ready Yet
47,67,11,0,66,46,56,57,54,49,50,Moderately Ready
44,20,18,5,41,48,52,46,70,59,38,Needs Improvement
0,41,7,5,84,36,20,15,28,50,23,Not Ready Yet
73,34,12,10,41,27,52,63,42,74,29,Needs Improvement
6,13,13,12,35,49,0,26,43,46,16,Not Ready Yet
53,65,0,6,76,41,5,53,78,46,34,Needs Improvement
70,64,0,4,69,88,68,100,94,67,66,Highly Ready
83,85,4,0,29,58,78,67,100,56,100,Highly Ready
41,6,18,0,40,44,28,3,26,2,49,Not Ready Yet
40,35,13,12,45,55,59,49,45,21,40,Needs Improvement
79,87,5,0,19,62,50,61,100,62,100,Highly Ready
77,92,5,0,48,77,85,46,70,89,80,Highly Ready
78,80,3,8,92,87,67,84,96,78,70,Highly Ready
64,36,0,8,28,54,12,21,58,58,56,Needs Improvement
55,57,5,7,23,76,22,35,79,100,85,Moderately Ready
74,85,0,2,53,84,100,55,66,80,100,Highly Ready
74,40,20,0,24,59,76,44,92,73,74,Needs Improvement
41,4,20,12,38,32,32,46,41,24,22,Not Ready Yet
97,78,0,1,51,86,67,78,90,99,100,Highly Ready
48,87,9,6,21,93,40,23,58,86,49,Moderately Ready
88,94,0,0,83,75,43,81,71,86,83,Highly Ready
86,100,3,0,49,75,99,83,61,58,86,Highly Ready
69,69,0,4,18,67,58,36,100,74,94,Highly Ready
86,50,20,0,9,69,34,72,58,83,60,Moderately Ready
71,86,7,3,85,87,59,38,84,91,91,Highly Ready
89,60,6,9,92,96,79,84,77,95,88,Highly Ready
44,54,0,0,42,58,48,74,35,86,53,Needs Improvement
61,56,6,2,55,52,10,46,43,44,45,Needs Improvement
74,86,1,0,35,70,55,100,86,76,60,Highly Ready
40,57,10,0,25,41,50,50,55,61,55,Moderately Ready
44,79,12,8,50,77,71,35,70,83,66,Moderately Ready
63,93,0,1,27,84,55,42,80,56,57,Moderately Ready
35,29,17,0,64,36,35,63,66,45,49,Needs Improvement
80,94,6,8,8,86,86,63,77,99,83,Highly Ready
82,63,0,2,67,48,59,36,52,60,56,Moderately Ready
48,43,6,8,65,56,43,53,57,45,65,Needs Improvement
82,71,0,0,56,100,55,87,94,58,100,Highly Ready
6,18,19,2,95,47,43,4,26,33,35,Not Ready Yet
28,42,6,4,48,71,37,24,69,44,46,Moderately Ready
100,100,0,0,18,99,64,78,76,64,69,Highly Ready
45,24,20,0,58,32,13,8,37,17,42,Not Ready Yet
80,99,12,4,98,100,67,47,62,86,83,Highly Ready
35,50,16,3,82,52,10,55,52,40,59,Needs Improvement
70,79,0,0,10,82,85,61,87,99,63,Highly Ready
61,80,4,4,48,65,56,100,85,100,90,Highly Ready
4,16,11,0,54,51,1,0,65,42,19,Not Ready Yet
76,46,0,6,100,55,84,66,84,49,87,Moderately Ready
70,82,7,0,14,74,71,61,84,100,61,Highly Ready
32,40,20,0,24,62,59,64,36,21,43,Needs Improvement
14,38,13,12,59,9,17,34,25,30,52,Not Ready Yet
71,68,0,7,83,78,65,73,45,76,76,Moderately Ready
82,53,6,3,85,59,54,43,45,76,71,Moderately Ready
88,61,6,3,75,48,54,42,100,91,53,Moderately Ready
68,46,15,0,81,58,87,66,82,47,49,Moderately Ready
41,47,16,0,28,68,50,50,78,62,59,Needs Improvement
71,38,20,0,93,85,77,65,85,74,73,Moderately Ready
83,100,0,0,40,84,82,77,84,85,85,Highly Ready
48,77,10,12,15,75,76,31,89,85,41,Moderately Ready
23,23,19,9,31,34,0,18,41,27,19,Not Ready Yet
76,100,6,12,41,62,74,100,84,76,66,Highly Ready
31,35,7,4,9,45,11,49,53,44,59,Moderately Ready
100,96,0,12,65,83,73,84,63,77,89,Highly Ready
63,53,3,8,71,37,23,55,72,35,59,Needs Improvement
62,75,7,12,13,67,85,74,81,63,72,Moderately Ready
57,48,0,0,23,37,37,53,62,30,33,Needs Improvement
67,55,6,5,18,56,35,70,65,79,56,Moderately Ready
56,92,10,0,86,52,72,52,70,49,44,Moderately Ready
71,72,0,5,82,86,30,53,64,67,37,Moderately Ready
76,66,0,0,89,72,49,82,69,37,71,Moderately Ready
46,14,20,12,21,12,11,14,34,46,43,Not Ready Yet
57,52,10,0,89,55,50,21,47,35,43,Needs Improvement
56,32,16,2,58,60,36,62,71,74,52,Needs Improvement
71,90,5,12,3,58,60,58,69,100,76,Highly Ready
77,65,5,1,0,89,68,60,93,80,79,Highly Ready
56,23,13,12,91,48,48,38,36,27,21,Needs Improvement
29,4,6,5,94,29,4,46,24,16,23,Not Ready Yet
67,49,8,10,1,79,58,79,95,76,69,Moderately Ready
76,100,2,0,67,58,68,62,87,95,85,Highly Ready
77,49,4,0,51,52,58,29,56,72,80,Highly Ready
80,76,0,0,83,84,77,64,63,59,63,Moderately Ready
87,52,12,10,93,72,26,35,53,52,64,Moderately Ready
45,31,20,10,33,26,29,9,26,48,61,Needs Improvement
28,51,15,0,83,55,57,46,61,63,58,Moderately Ready
46,87,0,0,89,52,34,47,60,48,67,Moderately Ready
75,56,13,8,92,53,48,56,57,76,42,Moderately Ready
51,13,20,8,17,31,48,35,73,33,50,Moderately Ready
50,7,17,6,71,17,43,10,28,57,39,Needs Improvement
58,33,3,0,22,68,21,51,57,55,34,Needs Improvement
34,13,13,1,84,9,22,0,43,14,48,Not Ready Yet
20,41,14,6,95,16,9,54,31,32,0,Not Ready Yet
53,45,9,1,25,60,34,57,52,41,51,Needs Improvement
39,17,12,2,62,41,16,42,58,40,32,Not Ready Yet
51,53,19,2,64,22,26,66,63,54,56,Needs Improvement
82,75,0,10,0,93,61,85,100,81,96,Highly Ready
25,12,18,12,69,20,1,37,58,41,16,Not Ready Yet
37,6,17,12,18,22,42,40,20,15,10,Not Ready Yet
31,38,3,0,17,50,7,55,29,17,53,Needs Improvement
100,62,4,0,9,69,58,57,66,72,53,Moderately Ready
20,31,10,10,85,26,8,46,24,6,47,Not Ready Yet
64,32,8,3,100,28,31,29,79,55,54,Needs Improvement
81,70,2,2,30,63,76,49,76,85,64,Highly Ready
73,30,2,0,15,49,63,14,65,51,56,Needs Improvement
84,63,0,6,45,65,80,93,82,78,78,Highly Ready
59,72,20,0,15,43,31,71,59,78,61,Moderately Ready
66,79,14,5,28,81,44,79,62,84,69,Moderately Ready
64,77,0,0,53,91,49,58,74,57,77,Highly Ready
76,97,1,0,25,63,80,52,85,71,85,Highly Ready
81,71,8,11,83,87,78,73,96,53,84,Highly Ready
77,69,0,0,31,75,64,61,78,83,68,Moderately Ready
51,26,3,11,30,32,52,47,51,36,75,Needs Improvement
39,48,19,6,83,43,0,38,17,26,35,Not Ready Yet
100,98,0,12,69,71,70,30,83,66,79,Highly Ready
49,72,0,1,18,77,61,46,89,66,92,Moderately Ready
17,44,6,0,36,32,10,6,37,7,0,Needs Improvement
89,51,0,0,93,93,87,90,97,66,72,Highly Ready
44,61,20,12,89,58,30,48,39,39,71,Needs Improvement
85,98,0,0,66,75,87,89,76,89,85,Highly Ready
36,53,12,0,94,49,17,48,80,26,54,Needs Improvement
20,34,20,0,15,11,48,30,45,29,37,Not Ready Yet
90,83,14,0,91,52,61,75,74,56,77,Moderately Ready
87,91,0,0,56,100,82,71,73,73,69,Highly Ready
53,62,3,12,49,49,59,16,79,70,84,Moderately Ready
27,27,8,10,100,63,23,47,56,60,55,Needs Improvement
43,51,3,0,17,70,37,77,71,73,45,Moderately Ready
56,86,0,4,78,64,67,52,67,28,57,Moderately Ready
75,49,13,0,60,66,43,70,82,73,62,Moderately Ready
10,39,13,0,63,2,11,9,28,27,39,Not Ready Yet
39,32,16,8,82,32,27,40,68,33,24,Needs Improvement
74,58,15,5,3,50,35,22,49,61,76,Moderately Ready
26,7,20,12,21,39,35,40,27,33,18,Not Ready Yet
100,97,0,0,92,94,59,64,85,74,80,Highly Ready
23,10,20,6,47,0,28,2,34,33,38,Not Ready Yet
53,47,16,3,36,38,32,58,50,31,58,Needs Improvement
53,85,17,2,83,66,35,72,74,61,62,Moderately Ready
33,30,8,12,93,38,23,36,63,37,43,Needs Improvement
77,95,0,5,46,42,62,63,98,68,78,Highly Ready
41,39,9,0,48,64,54,39,47,36,48,Needs Improvement
5,19,20,2,40,7,32,17,32,20,40,Not Ready Yet
55,53,9,3,37,75,38,63,81,92,64,Moderately Ready
87,55,0,0,53,52,58,54,84,67,75,Highly Ready
57,41,4,0,18,63,68,44,60,50,61,Moderately Ready
54,87,8,6,45,46,89,80,73,73,66,Moderately Ready
65,74,11,6,64,71,47,60,87,59,84,Moderately Ready
71,71,0,9,69,57,45,54,59,96,91,Highly Ready
88,78,8,0,8,98,65,83,58,92,86,Moderately Ready
96,47,0,4,61,67,80,66,72,82,74,Highly Ready
41,38,0,2,29,47,30,63,35,49,51,Not Ready Yet
50,37,2,12,36,29,24,20,47,28,55,Needs Improvement
57,93,7,8,36,79,55,49,60,56,60,Moderately Ready
16,47,18,1,26,50,43,25,48,45,45,Needs Improvement
81,73,20,6,70,94,47,83,100,33,83,Moderately Ready
35,76,14,12,80,50,58,52,83,52,45,Needs Improvement
56,8,20,9,1,13,15,2,43,49,38,Not Ready Yet
65,73,6,12,40,61,71,62,75,71,58,Moderately Ready
31,36,4,12,92,44,30,49,40,60,33,Needs Improvement
60,74,0,8,20,82,94,86,100,100,86,Highly Ready
51,41,2,0,89,57,65,68,59,60,65,Moderately Ready
33,30,7,0,0,39,25,10,74,71,46,Needs Improvement
56,40,12,5,93,37,86,39,48,56,60,Moderately Ready
41,13,10,11,93,31,37,3,36,25,54,Not Ready Yet
77,93,15,11,72,49,60,61,58,36,46,Moderately Ready
40,21,0,7,43,33,36,23,14,18,66,Not Ready Yet
77,62,4,2,13,88,91,100,58,75,100,Highly Ready
69,100,7,0,67,78,100,59,100,71,74,Highly Ready
16,15,20,8,87,31,16,36,23,14,26,Not Ready Yet
66,82,7,0,76,87,76,49,97,100,81,Highly Ready
48,52,20,8,20,35,68,23,68,76,24,Needs Improvement
85,63,4,12,50,52,43,25,66,56,66,Moderately Ready
43,16,13,11,41,34,39,51,63,59,17,Needs Improvement
90,89,0,0,34,83,30,56,42,72,55,Moderately Ready
63,65,20,0,84,80,29,43,73,37,66,Moderately Ready
66,74,0,6,77,59,72,62,83,86,67,Moderately Ready
30,66,13,2,12,44,66,61,85,45,24,Needs Improvement
30,44,8,12,79,42,45,41,65,18,48,Needs Improvement
34,25,14,0,90,33,68,35,57,37,51,Needs Improvement
43,45,4,12,97,45,62,49,63,33,71,Needs Improvement
5,18,20,12,40,25,4,2,23,46,41,Not Ready Yet
95,66,20,0,56,54,48,83,86,84,38,Moderately Ready
73,68,18,10,95,66,30,45,75,82,42,Moderately Ready
28,60,17,12,49,34,47,73,42,34,45,Needs Improvement
55,47,17,12,77,45,53,22,66,52,45,Needs Improvement
46,57,12,12,89,45,52,22,64,36,65,Needs Improvement
36,32,20,12,63,14,0,15,44,50,0,Not Ready Yet
13,45,0,12,1,3,38,10,24,38,34,Not Ready Yet
32,17,7,12,43,0,31,36,44,43,26,Not Ready Yet
97,98,7,3,59,68,58,88,72,64,100,Moderately Ready
68,57,14,0,57,68,61,100,91,86,77,Highly Ready
53,65,8,12,4,63,68,74,71,51,86,Moderately Ready
64,51,8,12,53,50,25,58,61,63,63,Moderately Ready
40,35,18,0,53,5,37,31,43,51,24,Not Ready Yet
88,76,2,0,71,96,65,52,81,68,45,Moderately Ready
68,76,15,0,95,94,82,92,93,77,88,Highly Ready
47,43,9,2,36,26,24,48,24,46,56,Not Ready Yet
36,72,4,7,84,54,67,81,58,49,57,Moderately Ready
32,26,16,12,32,43,3,12,54,62,52,Not Ready Yet
76,67,9,4,87,100,81,94,70,74,94,Moderately Ready
65,74,8,5,54,100,43,100,91,96,91,Highly Ready
67,42,6,3,55,42,47,38,61,44,37,Needs Improvement
0,32,20,8,0,52,0,25,24,16,12,Not Ready Yet
53,82,20,1,79,55,57,43,60,46,31,Moderately Ready
49,14,10,0,37,26,28,2,12,41,9,Not Ready Yet
64,81,7,0,98,55,71,35,55,45,89,Moderately Ready
71,62,9,3,58,73,65,63,97,63,39,Needs Improvement
45,0,3,1,48,7,18,5,11,11,63,Not Ready Yet
53,73,20,12,58,49,32,82,56,74,97,Moderately Ready
85,44,15,4,74,48,31,53,55,36,35,Needs Improvement
63,24,14,10,75,76,43,61,73,59,42,Moderately Ready
100,82,12,1,53,81,52,88,100,49,75,Highly Ready
85,83,16,12,93,74,74,85,96,80,85,Highly Ready
46,47,18,0,65,33,37,37,59,46,61,Needs Improvement
59,39,11,0,40,71,49,34,85,54,54,Moderately Ready
87,82,0,6,51,91,97,100,100,100,55,Highly Ready
73,67,0,12,97,75,95,70,90,69,84,Highly Ready
54,17,3,0,13,29,0,26,23,11,17,Not Ready Yet
87,51,0,0,13,47,36,85,84,65,83,Moderately Ready
49,49,14,0,81,54,47,80,69,46,92,Moderately Ready
27,47,5,2,81,64,40,28,52,37,46,Not Ready Yet
64,80,0,0,46,56,100,81,79,100,100,Highly Ready
37,48,19,0,99,46,24,50,41,66,49,Needs Improvement
71,75,0,0,18,60,69,62,68,100,72,Highly Ready
100,83,2,7,16,83,54,92,100,75,75,Highly Ready
67,52,4,9,3,70,67,78,57,78,50,Moderately Ready
59,45,20,12,75,11,17,39,39,62,25,Not Ready Yet
11,37,0,7,72,26,35,42,49,26,22,Not Ready Yet
76,86,8,0,70,79,37,72,49,89,99,Highly Ready
26,12,5,12,60,34,5,33,42,23,16,Not Ready Yet
67,51,7,0,76,90,48,48,77,66,84,Highly Ready
55,42,12,0,51,57,72,65,67,77,57,Moderately Ready
37,77,0,0,56,81,34,67,83,66,72,Moderately Ready
96,79,0,12,30,100,81,79,81,99,72,Highly Ready
59,97,0,12,60,94,56,69,66,76,96,Highly Ready
54,30,13,4,51,40,18,22,72,52,39,Needs Improvement
49,28,5,0,0,19,11,47,21,34,29,Not Ready Yet
100,66,11,0,9,67,58,74,82,90,79,Highly Ready
9,8,0,12,67,15,30,23,26,41,33,Not Ready Yet
28,19,4,12,34,0,45,24,61,0,20,Not Ready Yet
56,58,0,0,0,52,19,63,40,48,46,Needs Improvement
70,80,6,0,15,100,75,100,81,67,83,Highly Ready
24,48,16,0,10,41,53,18,30,44,44,Needs Improvement
79,39,3,7,1,15,44,22,55,74,23,Moderately Ready
22,47,20,12,47,14,14,28,24,40,32,Not Ready Yet
41,32,2,6,91,58,39,21,51,33,36,Needs Improvement
49,66,7,3,72,28,55,18,48,41,40,Needs Improvement
54,80,8,10,85,76,53,53,61,47,77,Moderately Ready
83,99,0,6,56,69,57,52,79,95,76,Highly Ready
100,70,0,12,87,88,100,87,100,69,89,Highly Ready
100,80,20,1,92,71,97,86,74,86,57,Highly Ready
70,40,9,0,58,27,40,60,56,54,50,Needs Improvement
72,91,0,0,51,70,78,66,86,75,63,Highly Ready
100,84,0,8,72,95,79,72,80,98,91,Highly Ready
81,65,11,12,89,75,42,91,88,54,36,Moderately Ready
14,20,12,8,19,18,22,24,24,15,26,Not Ready Yet
22,35,11,9,97,46,26,49,75,41,42,Needs Improvement
39,95,7,12,79,70,47,56,86,70,58,Moderately Ready
76,86,5,12,82,72,64,29,51,48,49,Moderately Ready
60,74,1,5,48,82,64,100,86,69,93,Highly Ready
80,82,6,6,46,92,67,56,65,77,75,Highly Ready
88,40,15,7,93,75,43,72,87,76,54,Moderately Ready
14,15,3,12,86,22,36,21,40,21,42,Not Ready Yet
75,100,12,10,56,72,52,80,90,100,52,Highly Ready
44,37,10,4,43,86,68,58,73,71,75,Moderately Ready
69,83,0,0,25,36,88,74,58,74,68,Moderately Ready
31,35,5,12,100,43,53,67,68,56,39,Needs Improvement
81,88,16,8,80,49,92,88,69,82,43,Moderately Ready
96,100,5,11,3,80,51,78,72,66,83,Highly Ready
51,69,18,0,35,74,62,50,85,45,59,Moderately Ready
94,79,1,0,23,79,79,67,86,88,55,Highly Ready
75,85,0,4,74,64,68,70,91,42,58,Moderately Ready
96,63,9,8,2,78,84,46,100,59,91,Highly Ready
82,37,11,0,96,49,40,61,64,71,58,Moderately Ready
51,54,1,10,11,77,29,82,56,59,82,Moderately Ready
41,18,13,0,73,58,21,49,69,61,41,Needs Improvement
67,70,16,1,92,13,29,69,58,51,34,Needs Improvement
23,47,15,1,74,28,60,33,66,40,42,Needs Improvement
27,32,17,0,30,37,48,0,25,40,24,Not Ready Yet
100,100,3,0,13,99,83,100,94,87,59,Highly Ready
66,51,0,2,52,49,98,55,80,79,51,Moderately Ready
1,0,20,12,12,23,54,26,41,21,43,Not Ready Yet
60,48,13,0,92,65,39,56,79,76,83,Highly Ready
57,62,0,11,99,53,31,30,70,38,30,Needs Improvement
63,60,0,12,65,67,56,56,65,44,42,Needs Improvement
96,88,20,0,55,86,65,50,100,78,81,Highly Ready
85,49,0,2,33,66,80,43,50,64,48,Moderately Ready
68,88,1,0,14,86,65,66,100,96,78,Highly Ready
79,74,5,0,67,84,56,75,70,48,54,Moderately Ready
37,63,6,1,95,38,46,9,63,52,30,Needs Improvement
34,19,13,0,55,77,33,31,55,43,39,Needs Improvement
43,1,4,7,7,0,3,16,46,51,54,Not Ready Yet
78,80,10,1,5,79,67,83,69,79,96,Highly Ready
31,19,0,12,43,40,38,20,64,45,67,Needs Improvement
68,64,14,0,63,62,25,30,66,52,27,Needs Improvement
55,68,6,5,61,72,32,69,81,62,47,Moderately Ready
64,47,1,0,3,37,51,19,39,43,41,Needs Improvement
100,53,0,1,19,81,90,71,100,82,100,Highly Ready
78,67,1,3,33,58,63,100,82,65,55,Moderately Ready
46,43,6,6,69,27,43,54,66,61,34,Needs Improvement
75,61,20,1,11,57,84,70,63,53,84,Moderately Ready
95,71,2,2,0,77,66,89,65,83,91,Highly Ready
37,12,0,12,8,21,32,45,40,35,19,Not Ready Yet
59,67,16,7,75,73,50,36,77,66,41,Moderately Ready
71,40,12,0,63,70,27,48,92,50,85,Moderately Ready
99,100,0,0,49,100,58,78,84,76,77,Highly Ready
82,95,0,9,15,72,48,38,81,80,69,Highly Ready
64,62,0,0,73,52,40,42,81,58,63,Highly Ready
40,90,10,12,68,56,76,31,87,69,62,Moderately Ready
87,97,1,12,53,88,62,70,62,72,64,Highly Ready
35,46,13,5,20,67,73,60,40,55,41,Needs Improvement
47,27,1,12,55,70,72,76,91,43,55,Moderately Ready
86,100,2,7,60,92,58,43,74,95,75,Highly Ready
96,86,4,12,76,78,45,85,96,72,82,Highly Ready
70,42,2,1,20,75,23,58,81,76,76,Moderately Ready
71,66,0,0,21,100,47,54,82,66,87,Highly Ready
56,69,8,0,18,44,54,34,71,64,25,Needs Improvement
48,58,7,9,62,51,57,40,82,78,61,Moderately Ready
75,93,1,12,56,96,53,52,73,58,90,Highly Ready
81,88,0,0,11,92,91,82,70,88,100,Highly Ready
76,49,17,0,85,86,48,76,75,59,48,Moderately Ready
67,44,3,2,71,65,72,18,70,77,64,Moderately Ready
76,57,3,0,58,59,54,80,70,42,75,Moderately Ready
43,45,0,4,100,30,28,65,53,52,51,Needs Improvement
91,57,0,11,24,68,92,100,92,86,87,Highly Ready
43,58,7,0,100,44,28,21,59,30,18,Needs Improvement
90,66,6,0,52,100,79,48,76,59,59,Highly Ready
75,59,20,8,19,14,48,35,68,52,46,Needs Improvement
91,56,0,0,68,61,53,100,84,96,93,Highly Ready
92,54,4,0,100,55,49,100,84,78,56,Highly Ready
35,43,0,4,26,38,33,12,59,34,68,Not Ready Yet
79,70,4,11,22,94,70,78,100,76,70,Highly Ready
67,61,0,6,52,100,75,100,90,86,64,Moderately Ready
57,49,7,12,81,67,51,41,64,78,72,Moderately Ready
10,32,20,0,62,6,39,28,25,8,46,Not Ready Yet
76,42,4,10,45,52,45,68,70,54,56,Moderately Ready
76,60,14,0,46,65,39,45,63,87,54,Moderately Ready
0,6,17,12,25,0,32,14,33,36,24,Not Ready Yet
74,85,4,11,29,68,100,78,80,82,63,Highly Ready
66,52,20,0,60,71,46,78,74,47,48,Moderately Ready
60,17,17,2,87,50,36,34,26,22,36,Not Ready Yet
67,68,17,12,60,86,65,31,98,75,56,Moderately Ready
63,38,20,0,10,78,59,79,76,74,69,Moderately Ready
72,2,5,12,43,60,44,36,81,34,43,Needs Improvement
37,37,18,6,0,53,56,70,34,39,71,Needs Improvement
64,66,0,9,88,39,79,26,77,79,68,Moderately Ready
77,70,8,0,47,55,79,47,82,69,51,Moderately Ready
91,77,0,0,9,72,50,61,90,67,80,Highly Ready
73,100,8,3,71,74,46,53,66,68,89,Highly Ready
100,76,15,0,8,91,50,42,79,81,46,Moderately Ready
61,60,7,2,3,76,68,70,70,73,88,Highly Ready
75,68,0,0,21,66,23,71,89,88,91,Moderately Ready
10,39,20,12,0,26,12,34,35,7,24,Not Ready Yet
13,21,13,0,82,19,52,43,1,52,9,Not Ready Yet
32,38,10,11,50,39,51,36,38,61,44,Needs Improvement
61,62,0,5,64,44,48,57,79,54,64,Moderately Ready
28,51,6,0,12,37,50,37,66,43,64,Needs Improvement
36,40,15,1,84,42,18,36,55,52,58,Needs Improvement
86,97,0,4,100,66,54,88,65,96,79,Highly Ready
63,50,0,7,55,50,81,22,43,14,76,Needs Improvement
62,88,11,12,75,80,65,86,63,85,100,Highly Ready
77,63,1,7,43,90,66,66,54,72,84,Highly Ready
45,44,2,0,2,91,75,49,43,55,95,Moderately Ready
15,19,19,0,0,52,34,29,21,30,35,Not Ready Yet
24,14,0,0,74,10,42,10,21,7,30,Not Ready Yet
88,42,1,8,62,67,27,75,60,77,59,Moderately Ready
74,100,0,0,73,74,66,63,76,98,75,Highly Ready
78,73,0,0,32,100,77,56,100,55,100,Highly Ready
51,48,17,2,49,45,48,61,68,49,58,Needs Improvement
80,61,5,6,86,75,94,83,100,79,57,Highly Ready
70,81,0,5,51,81,44,65,67,55,51,Moderately Ready
77,70,0,0,24,63,53,54,75,61,51,Moderately Ready
46,58,11,7,78,50,64,65,55,22,43,Needs Improvement
65,26,14,8,55,73,39,35,69,55,16,Needs Improvement
51,47,0,0,4,48,77,30,74,94,63,Moderately Ready
64,74,0,0,52,56,74,61,48,81,82,Moderately Ready
78,67,0,11,27,76,56,73,59,95,56,Highly Ready
12,28,20,0,88,17,23,8,48,12,23,Not Ready Yet
62,44,13,0,41,80,69,65,88,33,84,Moderately Ready
42,24,8,12,25,0,19,26,36,33,46,Not Ready Yet
19,25,20,2,31,28,53,53,40,25,32,Not Ready Yet
80,85,0,0,14,49,43,62,66,54,75,Moderately Ready
51,16,19,0,82,41,43,50,73,19,51,Needs Improvement
31,3,0,4,5,10,7,21,41,13,4,Not Ready Yet
65,94,6,0,39,75,44,79,91,96,69,Highly Ready
49,43,0,6,0,23,68,57,65,50,51,Needs Improvement
68,90,0,2,40,76,46,46,56,63,57,Moderately Ready
43,2,1,10,100,27,52,7,28,29,23,Not Ready Yet
42,66,6,12,50,28,55,22,26,44,39,Needs Improvement
54,48,0,5,43,56,32,46,95,71,73,Moderately Ready
92,84,0,0,33,80,96,77,100,67,95,Highly Ready
83,50,0,0,34,63,24,92,71,88,66,Moderately Ready
54,57,14,2,8,54,52,28,36,60,38,Needs Improvement
38,36,20,12,41,43,0,44,44,26,48,Not Ready Yet
73,54,12,7,2,98,83,97,100,100,66,Highly Ready
37,24,18,2,59,15,33,11,38,21,33,Not Ready Yet
57,94,8,0,58,44,42,50,82,60,83,Moderately Ready
5,28,0,0,72,21,38,31,50,18,19,Not Ready Yet
97,63,14,0,82,61,85,67,44,100,60,Moderately Ready
46,57,20,12,42,53,28,64,78,49,61,Needs Improvement
74,76,12,4,0,63,53,28,77,58,45,Moderately Ready
78,42,0,12,18,56,85,66,92,75,88,Moderately Ready
33,31,11,9,4,37,16,40,55,40,11,Not Ready Yet
82,67,4,3,56,44,67,44,62,73,58,Moderately Ready
70,85,5,1,65,82,52,41,100,84,65,Highly Ready
65,61,4,12,54,55,83,34,58,69,61,Moderately Ready
0,15,18,12,38,24,14,28,43,33,40,Not Ready Yet
53,68,13,1,20,48,60,55,65,55,89,Moderately Ready
57,28,15,7,42,59,73,32,44,52,60,Moderately Ready
100,62,3,6,86,88,98,53,64,69,70,Highly Ready
46,20,5,12,100,8,33,17,27,35,25,Not Ready Yet
43,32,4,8,100,16,46,29,48,23,37,Not Ready Yet
58,60,6,0,68,62,79,73,78,59,93,Moderately Ready
51,30,20,8,61,66,52,49,61,53,32,Needs Improvement
60,64,2,5,25,68,40,66,74,65,80,Needs Improvement
88,65,5,5,60,49,58,53,75,81,61,Moderately Ready
26,9,20,0,22,41,15,7,28,23,31,Not Ready Yet
55,48,0,8,74,51,37,31,82,50,49,Needs Improvement
47,24,4,6,36,54,44,35,49,62,69,Needs Improvement
11,14,3,12,0,34,46,18,36,34,10,Not Ready Yet
86,100,0,9,58,74,73,51,79,65,78,Highly Ready
53,55,0,0,73,75,70,46,66,43,49,Moderately Ready
37,59,0,3,100,54,32,62,53,45,42,Needs Improvement
29,29,16,12,20,28,32,36,42,33,29,Not Ready Yet
33,39,0,12,19,37,30,42,61,37,48,Needs Improvement
77,52,11,6,15,88,38,68,81,65,46,Moderately Ready
58,48,3,0,38,51,58,42,43,71,58,Moderately Ready
67,27,11,9,69,24,61,62,43,68,64,Needs Improvement
62,75,5,12,93,49,24,42,51,45,28,Needs Improvement
55,53,0,11,29,52,30,22,42,49,21,Needs Improvement
84,60,4,3,30,60,66,70,73,78,61,Highly Ready
49,93,11,0,83,65,58,73,71,65,60,Moderately Ready
57,87,0,1,19,60,76,27,74,85,89,Moderately Ready
58,58,12,0,10,47,54,24,85,48,34,Needs Improvement
28,33,17,11,93,24,47,0,23,39,24,Not Ready Yet
71,76,3,7,100,85,65,79,100,85,82,Highly Ready
23,9,20,11,24,30,12,9,21,23,38,Not Ready Yet
57,34,0,3,83,54,40,56,22,56,31,Needs Improvement
90,63,10,3,22,80,64,84,70,55,52,Moderately Ready
80,43,8,0,16,45,54,57,82,64,80,Moderately Ready
100,91,0,0,89,87,66,77,100,90,87,Highly Ready
64,72,0,0,100,67,59,100,77,66,100,Highly Ready
38,33,9,0,63,36,20,44,28,29,37,Not Ready Yet
59,65,0,12,7,63,52,44,84,83,86,Moderately Ready
74,57,0,8,88,66,84,100,86,66,88,Highly Ready
51,77,11,12,70,96,84,79,70,53,61,Moderately Ready
35,39,12,0,68,9,11,8,19,25,25,Not Ready Yet
83,66,1,5,35,86,76,70,44,62,53,Moderately Ready
86,63,0,9,46,81,86,52,76,81,71,Highly Ready
11,26,17,7,24,14,4,33,52,26,30,Not Ready Yet
21,50,18,12,33,20,42,55,56,57,53,Needs Improvement
73,54,8,0,71,80,51,60,48,86,66,Moderately Ready
69,70,1,0,65,68,37,56,59,65,100,Moderately Ready
46,57,6,0,28,70,59,75,95,62,47,Moderately Ready
60,81,9,1,27,57,57,42,78,42,66,Moderately Ready
50,60,4,8,52,52,56,31,85,51,66,Moderately Ready
75,65,0,8,69,73,58,47,81,35,71,Moderately Ready
79,65,0,0,31,70,65,62,68,92,56,Moderately Ready
23,15,15,12,50,9,3,0,48,48,5,Not Ready Yet
76,44,3,9,21,91,67,88,96,100,100,Highly Ready
76,64,4,0,88,92,89,56,100,84,92,Highly Ready
42,19,2,0,76,21,6,14,46,13,20,Not Ready Yet
72,62,9,0,67,65,76,29,78,49,72,Moderately Ready
79,87,9,4,76,83,53,63,100,100,84,Highly Ready
88,67,0,5,38,71,69,55,83,57,87,Highly Ready
73,74,18,12,30,55,59,69,69,88,74,Moderately Ready
57,68,11,0,48,71,40,86,100,43,58,Moderately Ready
95,69,0,12,22,100,86,76,72,77,68,Highly Ready
77,93,4,0,76,86,81,63,100,98,85,Highly Ready
52,93,9,5,0,74,74,22,84,92,59,Moderately Ready
0,17,20,9,34,39,8,23,36,10,25,Not Ready Yet
92,65,0,2,24,78,71,48,93,77,63,Highly Ready
22,27,13,0,30,37,21,0,23,11,56,Not Ready Yet
44,43,0,9,55,54,64,60,79,52,60,Moderately Ready
34,64,9,9,51,41,47,34,66,50,44,Needs Improvement
64,43,0,12,100,52,34,52,70,62,46,Needs Improvement
100,53,4,3,71,58,79,96,75,76,53,Highly Ready
38,66,8,0,44,50,51,58,77,75,59,Moderately Ready
75,96,5,5,20,66,65,47,98,69,68,Highly Ready
96,69,5,4,35,62,100,59,88,72,78,Highly Ready
18,30,20,5,78,36,18,14,51,39,0,Not Ready Yet
82,68,0,0,69,76,90,55,64,100,77,Highly Ready
82,82,20,5,37,87,100,86,76,100,75,Highly Ready
54,83,6,12,19,48,48,69,48,65,77,Needs Improvement
26,14,6,1,86,36,37,38,4,22,36,Not Ready Yet
73,95,0,0,63,74,81,62,95,94,56,Highly Ready
39,55,0,5,61,31,52,24,49,41,52,Needs Improvement
78,69,5,0,4,76,53,67,79,71,63,Moderately Ready
78,57,13,0,8,41,53,81,61,87,90,Moderately Ready
84,88,6,0,10,88,99,88,94,71,96,Highly Ready
65,83,1,6,89,81,87,67,79,78,100,Highly Ready
52,63,1,0,18,74,52,75,84,56,66,Moderately Ready
60,83,4,10,31,59,75,75,53,68,66,Moderately Ready
45,55,13,4,54,52,34,68,48,63,52,Needs Improvement
41,21,20,12,88,19,40,35,61,30,35,Not Ready Yet
96,84,2,0,76,100,74,88,89,100,86,Highly Ready
33,6,6,10,93,46,32,40,39,18,41,Not Ready Yet
12,15,6,8,64,29,16,18,27,27,15,Not Ready Yet
38,39,11,12,38,14,40,29,40,38,21,Not Ready Yet
2,26,18,2,100,21,38,0,9,12,49,Not Ready Yet
45,61,18,0,9,72,61,41,48,59,65,Moderately Ready
98,91,2,2,18,86,83,100,78,94,73,Highly Ready
83,89,4,0,88,18,60,92,67,59,68,Moderately Ready
33,16,14,6,8,34,39,5,25,63,27,Not Ready Yet
47,26,20,0,97,40,30,65,75,53,51,Needs Improvement
76,79,12,4,88,73,92,71,68,76,67,Highly Ready
65,93,8,1,30,75,82,100,90,100,83,Highly Ready
27,26,20,0,35,0,8,51,10,37,5,Not Ready Yet
62,57,0,0,28,55,25,57,56,84,75,Moderately Ready
10,47,20,0,24,0,11,41,36,27,34,Not Ready Yet
56,30,0,0,70,53,44,53,31,29,61,Needs Improvement
60,88,2,0,20,75,29,72,47,61,68,Moderately Ready
74,53,3,6,23,61,77,46,57,53,63,Moderately Ready
38,24,11,12,97,35,49,12,33,55,21,Needs Improvement
37,26,5,0,89,41,21,29,61,39,27,Needs Improvement
49,77,0,12,71,63,24,63,56,63,79,Moderately Ready
69,61,14,4,51,57,58,58,66,66,80,Moderately Ready
34,34,14,0,48,22,31,59,66,46,33,Needs Improvement
21,24,20,9,22,44,37,11,20,38,45,Not Ready Yet
0,18,5,12,42,34,38,13,13,6,34,Not Ready Yet
45,58,10,10,43,69,35,47,46,81,63,Moderately Ready
97,70,0,0,36,75,40,89,96,75,68,Highly Ready
50,28,9,3,68,63,59,56,70,40,26,Needs Improvement
83,89,0,0,49,70,70,87,82,81,83,Highly Ready
24,24,3,6,52,61,56,47,62,56,36,Needs Improvement
75,66,15,5,68,59,62,47,81,48,46,Moderately Ready
65,69,0,8,43,82,25,29,81,44,75,Moderately Ready
39,40,12,12,46,20,33,46,56,35,67,Needs Improvement
12,14,20,6,71,44,24,16,29,24,58,Not Ready Yet
82,62,2,12,35,84,71,70,50,66,68,Moderately Ready
68,96,5,5,0,60,73,95,100,95,74,Highly Ready
91,65,20,0,12,93,88,82,71,68,89,Highly Ready
66,84,0,6,0,100,74,58,80,92,82,Highly Ready
70,66,16,0,15,41,48,38,49,41,43,Needs Improvement
58,35,18,7,36,81,74,30,84,46,87,Moderately Ready
37,11,17,12,87,18,3,38,24,13,36,Not Ready Yet
93,76,0,2,26,58,53,45,58,92,60,Highly Ready
25,34,16,11,61,27,15,27,23,28,42,Not Ready Yet
48,53,12,6,80,41,56,49,56,26,19,Moderately Ready
62,56,4,0,35,63,52,48,82,71,31,Moderately Ready
91,86,9,12,65,33,35,50,100,67,68,Moderately Ready
85,99,9,1,63,97,79,62,74,88,82,Highly Ready
38,41,16,1,10,48,27,19,71,51,69,Needs Improvement
62,63,12,0,75,61,20,24,45,47,62,Needs Improvement
73,46,7,9,25,44,42,75,57,79,56,Moderately Ready
28,36,11,8,29,17,27,41,45,36,34,Not Ready Yet
32,48,3,12,60,34,24,39,77,43,64,Needs Improvement
98,75,5,9,48,78,76,93,83,68,100,Highly Ready
49,47,18,12,9,61,38,34,42,45,43,Not Ready Yet
61,59,0,0,31,50,69,68,72,62,71,Moderately Ready
18,20,17,12,51,30,15,42,35,28,26,Not Ready Yet
90,68,10,0,67,80,76,41,96,92,100,Highly Ready
65,37,18,0,16,81,56,54,76,74,73,Moderately Ready
70,77,5,3,35,53,91,33,50,74,41,Moderately Ready
43,63,1,6,44,83,68,51,100,63,67,Moderately Ready
74,63,3,3,59,100,78,66,79,98,86,Highly Ready
76,85,0,0,41,56,44,80,69,49,84,Moderately Ready
60,35,20,12,83,33,45,37,39,15,74,Needs Improvement
94,72,2,7,85,64,59,47,63,84,77,Highly Ready
22,67,15,0,80,57,21,38,79,62,49,Needs Improvement
15,38,5,7,81,11,19,0,45,17,23,Not Ready Yet
29,53,20,1,61,37,31,48,56,32,70,Needs Improvement
27,33,7,12,18,31,35,39,63,51,57,Needs Improvement
96,73,0,8,0,78,100,40,100,74,61,Highly Ready
40,30,18,0,22,32,63,20,86,42,40,Needs Improvement
53,90,0,7,28,86,89,91,98,85,95,Highly Ready
47,61,4,6,93,58,38,87,59,40,68,Highly Ready
9,18,9,12,14,29,34,31,44,29,11,Not Ready Yet
77,100,0,0,28,65,74,89,82,67,69,Highly Ready
39,27,20,12,49,32,32,22,6,42,34,Not Ready Yet
43,75,2,4,11,73,37,57,62,57,33,Moderately Ready
93,86,2,2,75,84,58,72,83,59,100,Highly Ready
71,49,10,6,26,60,65,57,88,66,64,Moderately Ready
96,93,1,12,55,92,82,68,67,100,83,Highly Ready
38,21,15,12,83,4,30,14,42,41,48,Not Ready Yet
67,72,4,0,53,45,54,39,68,74,97,Highly Ready
66,65,0,11,98,78,100,72,66,91,82,Highly Ready
77,41,10,0,75,69,61,69,67,62,56,Moderately Ready
27,13,20,12,52,22,27,0,54,28,60,Not Ready Yet
23,48,5,2,22,65,33,11,73,73,41,Needs Improvement
82,74,6,0,71,84,51,70,84,69,48,Moderately Ready
50,48,4,0,71,34,61,48,59,19,43,Needs Improvement
16,40,6,1,41,34,37,37,44,24,25,Needs Improvement
86,66,20,0,7,59,48,77,71,77,84,Highly Ready
30,19,0,0,33,51,40,18,63,16,56,Not Ready Yet
44,64,0,0,34,56,52,25,48,59,66,Moderately Ready
94,80,0,0,73,74,55,89,44,84,99,Highly Ready
100,100,0,4,15,82,62,56,88,92,91,Highly Ready
70,90,6,8,59,58,55,44,97,74,81,Highly Ready
29,42,0,3,13,25,63,33,68,55,65,Needs Improvement
72,39,4,0,16,59,53,66,86,73,50,Moderately Ready
63,72,10,10,13,58,60,80,96,85,65,Moderately Ready
40,21,0,11,63,1,25,27,63,29,64,Not Ready Yet
74,86,11,10,10,77,52,75,78,68,83,Moderately Ready
63,77,1,4,50,87,37,72,59,43,65,Moderately Ready
65,61,13,0,70,70,31,63,33,48,44,Needs Improvement
58,65,1,10,3,35,35,38,50,45,30,Needs Improvement
53,30,4,0,66,35,14,35,62,56,56,Needs Improvement
20,33,16,12,40,29,38,34,14,41,12,Not Ready Yet
58,37,8,12,66,42,57,30,73,42,39,Needs Improvement
58,67,8,11,52,46,74,27,92,70,46,Moderately Ready
44,16,15,4,10,21,42,9,33,14,35,Not Ready Yet
45,71,2,1,66,75,44,67,71,79,75,Moderately Ready
59,65,0,0,59,64,81,84,71,87,71,Highly Ready
68,36,0,0,62,43,23,72,84,59,68,Moderately Ready
20,45,17,7,60,63,26,73,27,56,42,Not Ready Yet
69,74,0,8,45,97,75,74,91,70,92,Highly Ready
82,50,0,8,22,82,60,60,78,56,92,Moderately Ready
76,96,3,0,83,75,97,69,93,90,79,Highly Ready
48,65,9,7,71,53,72,76,98,54,65,Moderately Ready
36,28,16,0,67,35,59,15,69,65,72,Needs Improvement
39,10,15,1,0,33,40,29,41,41,34,Not Ready Yet
36,30,13,3,84,14,27,36,18,13,7,Not Ready Yet
81,55,6,12,13,65,39,83,53,86,85,Moderately Ready
57,82,12,12,51,64,42,63,79,52,65,Moderately Ready
48,29,14,8,91,38,51,27,49,60,51,Needs Improvement
0,35,20,10,19,16,7,9,70,36,25,Not Ready Yet
92,88,0,3,55,79,57,73,76,85,60,Highly Ready
35,56,20,0,7,38,21,55,42,66,48,Needs Improvement
72,80,0,0,53,95,56,92,90,79,100,Moderately Ready
93,78,3,0,77,50,100,94,99,100,100,Highly Ready
80,63,18,0,68,78,76,81,80,52,70,Moderately Ready
62,48,13,0,79,67,38,65,76,80,73,Moderately Ready
35,0,9,12,98,25,38,56,47,44,35,Not Ready Yet
22,17,20,2,95,38,11,58,35,59,33,Needs Improvement
73,84,11,12,62,56,72,72,90,54,71,Moderately Ready
83,82,0,1,17,80,45,69,71,66,65,Moderately Ready
42,56,1,0,77,55,67,45,85,81,56,Moderately Ready
70,74,9,0,18,73,57,57,95,88,90,Highly Ready
66,90,0,0,50,88,60,78,78,87,100,Highly Ready
66,68,5,10,28,95,70,81,75,46,89,Highly Ready
100,87,2,12,38,75,100,87,84,99,71,Moderately Ready
61,74,20,3,9,80,90,50,59,83,68,Moderately Ready
79,86,0,0,100,64,33,62,92,74,62,Highly Ready
62,88,12,10,51,80,44,67,64,70,53,Moderately Ready
51,45,20,0,13,67,26,58,44,36,36,Needs Improvement
89,96,0,12,97,88,71,50,88,75,70,Highly Ready
40,76,0,7,51,58,55,85,71,82,50,Moderately Ready
75,76,14,5,76,47,74,45,63,84,72,Highly Ready
55,25,20,1,35,39,56,42,65,36,33,Needs Improvement
54,80,18,0,67,67,80,66,58,43,54,Moderately Ready
57,74,20,0,11,52,49,50,65,83,80,Highly Ready
29,52,10,5,70,53,38,44,68,28,47,Needs Improvement
69,58,0,3,30,64,55,53,81,89,72,Highly Ready
82,65,5,0,95,68,48,81,49,98,98,Highly Ready
100,82,0,5,61,72,55,97,85,74,74,Highly Ready
81,78,0,0,7,65,61,63,66,89,100,Highly Ready
40,31,20,12,47,30,33,33,13,46,12,Not Ready Yet
20,36,14,8,69,39,39,33,48,46,11,Not Ready Yet
76,68,9,0,73,95,81,54,67,67,81,Highly Ready
60,43,0,0,96,71,47,68,58,67,94,Moderately Ready
96,63,15,12,40,99,99,94,77,88,69,Highly Ready
15,36,13,6,92,40,1,3,46,16,4,Not Ready Yet
15,28,4,12,100,69,44,40,66,68,41,Needs Improvement
42,23,4,8,10,12,6,26,40,20,55,Not Ready Yet
45,64,6,0,74,32,58,41,41,57,39,Needs Improvement
84,91,0,8,13,83,75,100,94,82,76,Highly Ready
52,38,13,12,60,33,0,32,36,43,14,Not Ready Yet
54,46,7,7,40,51,49,54,74,25,58,Needs Improvement
75,85,14,4,32,84,47,49,67,100,69,Highly Ready
84,57,0,0,56,70,77,50,70,82,65,Moderately Ready
64,39,9,9,67,55,91,67,50,51,66,Moderately Ready
49,22,12,11,80,44,30,60,55,39,39,Needs Improvement
100,91,9,3,100,75,47,54,88,77,91,Highly Ready
93,78,4,3,36,95,73,63,69,82,68,Highly Ready
73,57,12,0,92,83,52,89,61,88,83,Highly Ready
41,26,14,4,37,2,1,50,8,44,17,Not Ready Yet
97,62,18,2,67,97,62,63,100,77,82,Highly Ready
67,45,3,7,68,54,90,74,81,87,60,Moderately Ready
81,61,14,12,43,57,39,69,49,58,43,Moderately Ready
13,24,16,0,83,39,30,34,15,60,36,Not Ready Yet
37,17,13,12,25,38,36,54,60,44,12,Needs Improvement
60,82,6,12,71,77,66,47,83,60,65,Moderately Ready
22,50,10,12,40,62,41,58,63,32,29,Needs Improvement
95,100,17,12,71,97,71,96,69,76,67,Highly Ready
39,22,1,7,56,25,1,0,22,46,42,Not Ready Yet
93,100,3,0,78,82,78,92,58,67,100,Highly Ready
74,62,0,7,95,88,58,69,79,70,49,Moderately Ready
79,65,1,0,78,77,67,59,90,92,60,Highly Ready
54,22,10,0,97,50,24,54,30,40,41,Needs Improvement
92,70,3,0,91,100,64,93,70,62,86,Highly Ready
84,83,11,12,18,69,43,77,82,68,50,Moderately Ready
33,30,20,2,75,23,24,42,41,19,32,Not Ready Yet
0,11,5,5,81,26,33,9,23,17,28,Not Ready Yet
4,43,7,2,0,19,6,0,60,57,0,Not Ready Yet
27,45,17,12,60,13,41,27,29,31,33,Not Ready Yet
42,11,16,5,34,24,18,20,29,22,38,Not Ready Yet
17,12,18,1,33,17,22,36,42,9,42,Not Ready Yet
79,88,19,0,47,75,98,36,75,76,85,Highly Ready
72,63,0,1,74,53,77,77,73,73,71,Moderately Ready
76,32,5,12,6,56,44,93,70,46,46,Needs Improvement
56,53,15,0,81,47,82,69,88,84,56,Moderately Ready
38,22,5,0,10,22,65,56,67,66,72,Needs Improvement
53,31,9,2,15,85,44,70,79,57,70,Moderately Ready
19,0,7,0,48,16,47,40,12,11,33,Not Ready Yet
22,54,20,4,100,47,17,35,72,21,30,Needs Improvement
69,90,14,7,88,33,90,88,45,88,77,Moderately Ready
73,50,20,4,12,72,46,48,79,79,58,Moderately Ready
44,19,20,12,81,25,1,42,28,14,40,Not Ready Yet
94,100,1,0,12,100,85,83,66,100,74,Moderately Ready
87,100,5,0,0,80,51,76,83,76,76,Highly Ready
22,18,16,12,68,27,33,18,23,29,37,Not Ready Yet
0,30,6,0,20,22,20,39,49,36,32,Not Ready Yet
84,84,8,12,76,100,51,95,62,88,70,Highly Ready
44,68,0,6,27,82,82,39,69,88,56,Moderately Ready
49,23,0,12,0,69,53,41,78,74,50,Needs Improvement
42,23,12,12,27,5,11,25,32,18,58,Not Ready Yet
0,14,20,7,42,10,44,9,44,17,23,Not Ready Yet
38,39,0,0,0,39,60,24,50,36,27,Needs Improvement
71,67,4,12,72,97,86,82,92,86,77,Highly Ready
36,44,9,2,26,49,53,36,39,40,29,Needs Improvement
85,67,8,3,34,82,56,100,89,72,46,Moderately Ready
70,55,8,0,53,66,79,40,81,54,76,Moderately Ready
55,85,8,0,60,69,56,45,74,31,60,Moderately Ready
53,76,8,3,33,54,46,68,67,80,56,Moderately Ready
63,55,5,5,67,81,57,44,86,60,76,Moderately Ready
51,51,9,6,49,84,38,52,78,39,50,Moderately Ready
81,82,19,0,40,89,61,74,87,58,94,Highly Ready
59,53,9,12,41,52,40,81,62,79,52,Moderately Ready
24,48,15,12,6,33,5,41,61,50,54,Needs Improvement
41,47,16,12,0,7,1,16,5,45,43,Not Ready Yet
70,80,1,5,57,87,59,95,81,79,71,Highly Ready
53,44,9,0,12,51,51,76,96,61,40,Moderately Ready
86,51,6,0,3,87,58,50,83,76,54,Highly Ready
73,86,0,0,48,86,100,30,83,67,50,Highly Ready
51,57,0,1,78,61,43,34,80,76,90,Moderately Ready
44,23,18,0,65,31,21,38,24,44,28,Not Ready Yet
28,11,20,9,62,42,53,26,46,56,8,Not Ready Yet
42,67,12,8,0,17,39,43,65,26,28,Needs Improvement
90,91,15,0,43,71,68,66,90,69,85,Highly Ready
95,59,11,2,23,85,55,93,72,65,69,Highly Ready
53,77,2,5,46,87,62,68,72,50,58,Moderately Ready
40,9,15,12,27,52,12,41,57,49,33,Not Ready Yet
38,24,14,12,100,60,39,18,72,48,42,Needs Improvement
83,45,3,2,70,67,60,78,58,45,57,Moderately Ready
97,92,0,6,83,60,75,70,97,88,100,Highly Ready
11,9,20,0,9,22,43,18,19,19,33,Not Ready Yet
24,29,19,0,23,37,33,6,9,45,22,Not Ready Yet
72,60,0,4,10,96,76,59,89,86,73,Highly Ready
87,46,8,3,2,73,78,33,98,77,54,Moderately Ready
4,0,19,7,92,23,46,17,34,29,17,Not Ready Yet
99,73,0,6,47,76,61,64,82,66,59,Highly Ready
66,43,0,0,38,65,61,72,49,76,42,Moderately Ready
27,14,14,7,32,55,0,5,39,24,15,Not Ready Yet
46,35,20,0,12,53,32,25,61,56,36,Needs Improvement
65,32,4,0,67,88,59,44,61,59,63,Moderately Ready
57,34,14,11,65,24,24,11,43,55,6,Not Ready Yet
26,24,5,9,38,55,54,28,51,30,39,Needs Improvement
67,53,0,5,0,59,62,76,55,75,80,Moderately Ready
88,98,0,8,5,79,59,96,83,52,78,Highly Ready
93,100,0,11,24,80,87,84,100,68,95,Highly Ready
93,96,0,0,4,89,77,90,65,71,87,Highly Ready
57,92,2,12,36,72,77,73,58,41,56,Moderately Ready
29,46,6,10,8,55,0,0,35,45,0,Needs Improvement
17,22,1,12,13,11,23,11,33,11,13,Not Ready Yet
5,18,13,0,59,44,7,43,21,31,20,Not Ready Yet
31,25,18,0,91,44,31,53,86,50,21,Needs Improvement
29,16,15,12,75,42,14,30,52,28,11,Not Ready Yet
66,52,9,0,17,53,20,56,100,69,61,Moderately Ready
66,74,0,6,81,62,34,51,49,65,56,Moderately Ready
10,14,16,12,30,32,18,12,47,43,13,Not Ready Yet
88,62,8,1,72,100,80,41,76,99,66,Highly Ready
46,6,10,9,63,1,25,23,51,36,39,Not Ready Yet
73,98,1,5,20,74,60,60,87,54,77,Highly Ready
21,39,14,12,72,34,21,33,34,21,6,Not Ready Yet
65,59,19,7,80,53,64,79,30,47,49,Moderately Ready
40,1,9,12,6,22,0,28,44,63,30,Not Ready Yet
72,80,7,0,77,76,87,79,78,61,73,Moderately Ready
69,69,0,0,75,72,49,30,61,73,55,Moderately Ready
6,37,3,7,55,26,2,38,15,42,47,Not Ready Yet
27,8,20,0,56,18,34,12,13,20,27,Not Ready Yet
21,5,13,12,58,4,19,17,23,41,36,Not Ready Yet
41,25,11,0,31,45,27,54,54,68,53,Needs Improvement
64,49,6,12,8,60,62,59,74,62,67,Moderately Ready
64,74,10,11,62,57,64,80,52,56,69,Moderately Ready
84,45,12,5,87,94,39,69,94,72,77,Highly Ready
52,73,0,0,0,53,38,32,73,59,65,Moderately Ready
0,34,20,7,82,21,11,31,38,14,5,Not Ready Yet
26,48,12,7,10,65,47,60,90,55,31,Needs Improvement
47,69,0,10,44,68,74,73,75,86,56,Moderately Ready
47,44,7,0,22,48,33,46,82,52,63,Needs Improvement
55,54,20,8,69,44,18,57,62,63,49,Not Ready Yet
60,69,5,4,30,50,60,50,83,46,64,Moderately Ready
87,77,20,0,37,77,55,80,80,44,41,Moderately Ready
41,50,8,12,54,47,47,52,87,67,59,Moderately Ready
40,10,20,6,13,28,44,5,20,33,32,Not Ready Yet
65,88,20,5,95,61,34,79,64,50,54,Moderately Ready
89,81,0,0,70,69,39,28,76,80,67,Moderately Ready
68,88,6,12,100,100,55,100,64,66,98,Highly Ready
4,26,15,12,81,57,61,49,65,29,50,Needs Improvement
13,21,14,0,84,28,44,28,14,30,36,Not Ready Yet
73,80,1,0,30,78,23,26,54,47,57,Moderately Ready
65,83,0,6,87,90,43,37,70,61,84,Moderately Ready
45,74,0,0,81,69,31,40,85,52,82,Moderately Ready
100,99,0,4,55,79,80,88,62,80,74,Highly Ready
95,90,10,3,75,83,100,78,69,83,47,Highly Ready
36,55,20,3,59,28,35,42,60,41,48,Needs Improvement
73,81,0,0,43,83,79,63,80,74,74,Highly Ready
42,24,20,12,61,2,14,17,43,48,37,Not Ready Yet
27,61,18,10,16,54,28,50,92,46,60,Needs Improvement
78,74,0,3,30,74,46,63,85,40,51,Moderately Ready
61,46,6,0,44,80,59,81,74,66,57,Moderately Ready
70,76,10,2,40,56,68,88,95,78,45,Highly Ready
100,82,6,12,88,68,39,59,92,73,64,Highly Ready
91,54,0,2,32,55,86,89,59,82,83,Highly Ready
37,42,11,0,75,42,18,38,35,52,30,Not Ready Yet
61,88,20,11,57,35,45,83,83,75,58,Moderately Ready
74,73,5,2,57,64,64,40,55,80,82,Moderately Ready
92,76,11,0,85,100,67,57,84,100,87,Highly Ready
70,81,0,0,95,58,55,91,100,99,98,Highly Ready
97,69,2,5,0,58,57,85,72,71,100,Highly Ready
70,70,6,0,83,77,93,61,70,93,77,Highly Ready
95,83,5,0,16,88,33,89,73,74,59,Highly Ready
60,72,12,2,24,35,28,42,56,57,23,Needs Improvement
40,45,20,12,68,35,54,47,69,30,31,Needs Improvement
91,96,19,7,47,63,58,86,69,76,41,Moderately Ready
51,53,20,0,67,59,40,24,76,56,89,Moderately Ready
85,60,20,5,78,54,48,45,72,37,69,Moderately Ready
56,41,0,12,62,66,38,82,45,89,50,Moderately Ready
88,61,5,0,83,100,96,65,64,78,81,Highly Ready
60,46,6,12,100,48,38,66,94,37,63,Moderately Ready
44,38,6,0,68,37,47,30,29,40,56,Needs Improvement
90,48,8,12,76,100,81,79,79,52,63,Moderately Ready
53,92,0,8,28,73,78,92,75,74,88,Highly Ready
17,35,19,12,80,3,0,32,51,32,10,Not Ready Yet
44,12,14,4,100,31,6,44,38,54,49,Not Ready Yet
7,37,20,6,92,27,0,1,34,40,55,Not Ready Yet
86,64,14,5,30,67,37,71,67,42,51,Moderately Ready
88,59,12,12,65,37,59,67,71,89,76,Moderately Ready
90,81,0,0,47,82,100,96,97,72,100,Highly Ready
62,86,9,0,96,90,84,62,60,75,67,Moderately Ready
86,67,6,0,70,65,19,62,100,47,33,Highly Ready
65,62,15,10,58,77,52,50,73,45,62,Moderately Ready
35,45,0,3,99,38,33,24,68,39,50,Needs Improvement
69,58,0,0,90,62,51,48,79,56,53,Moderately Ready
48,32,6,12,54,55,53,71,34,43,58,Needs Improvement
46,49,6,0,95,92,55,58,67,61,84,Moderately Ready
66,76,20,2,76,79,17,43,70,63,85,Moderately Ready
8,27,19,12,83,9,19,17,27,52,51,Not Ready Yet
76,69,5,0,71,90,80,100,88,62,60,Highly Ready
85,81,8,12,53,60,63,56,74,52,46,Moderately Ready
77,73,5,4,86,72,90,91,77,79,100,Highly Ready
100,79,0,1,5,70,90,56,87,61,100,Highly Ready
36,28,6,6,77,34,26,30,46,15,22,Not Ready Yet
61,64,7,1,3,94,52,42,90,50,69,Moderately Ready
100,55,0,6,20,88,50,40,66,60,82,Highly Ready
76,81,0,0,55,90,74,33,53,47,92,Needs Improvement
34,37,6,5,59,42,8,22,52,31,44,Not Ready Yet
69,41,0,12,3,45,44,68,71,83,77,Moderately Ready
88,70,14,4,0,100,62,74,54,95,86,Highly Ready
61,48,20,8,54,62,59,42,67,44,43,Needs Improvement
15,13,20,3,6,0,30,13,25,21,44,Not Ready Yet
50,35,8,5,43,65,44,23,81,73,50,Needs Improvement
57,73,0,0,100,60,71,80,78,52,72,Moderately Ready
89,100,0,1,89,59,80,80,74,90,61,Highly Ready
32,23,4,3,85,26,26,31,44,40,33,Not Ready Yet
71,78,0,0,52,66,84,30,76,36,73,Highly Ready
76,76,7,11,3,56,56,40,60,72,55,Highly Ready
34,31,20,10,55,10,49,26,19,8,34,Not Ready Yet
100,93,9,0,55,95,80,71,99,67,98,Highly Ready
8,31,12,12,68,23,24,10,46,40,23,Not Ready Yet
81,67,4,0,38,100,100,66,42,81,91,Highly Ready
74,97,18,0,69,74,76,85,68,81,84,Highly Ready
36,29,14,0,69,57,51,27,57,29,46,Needs Improvement
63,66,10,0,20,56,54,72,61,56,75,Moderately Ready
64,89,20,2,55,50,42,38,53,57,83,Moderately Ready
45,39,0,1,74,65,46,55,70,70,41,Needs Improvement
33,63,8,7,58,53,20,8,62,46,30,Needs Improvement
97,97,0,0,87,65,86,63,79,81,72,Highly Ready
76,63,2,5,31,59,46,48,97,64,69,Moderately Ready
100,76,5,0,59,70,100,47,86,72,83,Highly Ready
84,74,6,2,58,49,100,83,70,95,80,Highly Ready
75,64,19,0,10,60,81,44,53,62,47,Moderately Ready
64,29,0,11,89,57,52,55,77,41,42,Needs Improvement
31,49,1,5,61,9,14,37,46,23,25,Not Ready Yet
66,72,2,2,22,85,71,69,100,66,73,Highly Ready
67,77,0,8,100,79,42,52,61,45,48,Moderately Ready
84,71,0,0,49,67,83,64,81,76,58,Moderately Ready
71,72,10,2,96,86,89,52,74,65,60,Moderately Ready
43,37,20,0,42,54,23,55,48,31,32,Needs Improvement
60,85,10,12,46,96,41,63,67,57,63,Moderately Ready
42,18,20,12,50,55,43,20,23,50,31,Not Ready Yet
43,68,0,0,84,67,51,56,100,46,54,Moderately Ready
29,22,10,0,89,46,14,52,49,34,51,Needs Improvement
48,33,12,2,77,33,48,62,45,57,40,Needs Improvement
71,100,9,0,64,70,99,100,90,95,100,Highly Ready
42,49,14,10,100,65,29,42,70,63,55,Needs Improvement
43,25,20,6,95,8,11,34,59,5,25,Not Ready Yet
77,85,18,12,45,77,60,59,53,41,45,Moderately Ready
17,2,20,12,75,29,26,36,40,19,54,Not Ready Yet
71,95,2,4,62,100,71,68,83,67,86,Highly Ready
15,45,6,0,36,9,42,49,46,0,34,Not Ready Yet
28,12,4,0,40,51,3,28,44,0,49,Not Ready Yet
59,25,12,4,41,68,18,40,73,46,60,Needs Improvement
91,59,16,12,14,50,85,93,77,63,47,Moderately Ready
25,22,18,10,33,39,28,19,17,43,28,Not Ready Yet
63,96,0,0,21,100,63,71,78,80,69,Highly Ready
60,67,0,0,57,63,42,12,69,54,59,Moderately Ready
32,8,9,0,25,14,12,16,44,28,18,Not Ready Yet
54,32,15,0,68,70,52,42,58,44,59,Needs Improvement
56,27,6,12,88,77,88,57,69,85,40,Moderately Ready
12,46,15,11,6,53,37,31,55,31,29,Needs Improvement
55,94,5,11,66,74,33,69,77,66,66,Moderately Ready
38,25,12,7,22,56,58,33,63,39,27,Needs Improvement
72,78,10,4,26,57,50,56,59,64,56,Moderately Ready
59,41,18,1,0,67,61,71,69,68,61,Moderately Ready
60,66,0,12,84,52,50,60,63,75,65,Moderately Ready
58,46,20,12,74,47,17,41,45,50,64,Needs Improvement
91,89,0,0,6,72,68,66,91,97,100,Moderately Ready
75,100,20,0,16,70,77,53,73,100,52,Moderately Ready
89,88,0,0,62,82,71,62,90,81,89,Highly Ready
65,59,2,12,41,57,26,36,51,49,58,Needs Improvement
22,40,12,10,11,48,2,40,26,25,23,Not Ready Yet
86,69,0,0,38,61,83,85,71,75,48,Moderately Ready
61,34,13,12,80,60,32,41,39,57,14,Needs Improvement
100,81,7,0,81,76,78,83,94,70,88,Highly Ready
47,28,9,12,65,9,25,4,44,28,29,Not Ready Yet
48,44,11,6,53,50,44,21,29,23,24,Needs Improvement
75,50,0,0,88,90,82,85,74,98,93,Highly Ready
71,85,6,0,55,47,82,27,57,66,49,Moderately Ready
76,87,0,12,86,81,58,97,68,100,100,Highly Ready
27,32,19,10,70,40,38,43,26,62,30,Not Ready Yet
70,79,9,6,100,60,43,53,57,66,48,Moderately Ready
26,8,4,4,79,20,8,27,29,37,47,Not Ready Yet
91,72,5,0,50,81,70,89,98,90,83,Highly Ready
58,11,2,3,95,55,37,25,55,37,43,Needs Improvement
10,33,20,2,56,21,18,15,38,44,18,Not Ready Yet
100,77,12,9,31,96,53,86,61,100,96,Highly Ready
58,49,0,12,39,81,56,78,71,58,64,Moderately Ready
41,78,19,9,92,51,19,6,27,35,35,Needs Improvement
65,88,15,1,0,57,47,69,69,54,45,Moderately Ready
20,51,20,5,20,50,49,7,0,49,40,Not Ready Yet
59,52,0,5,78,76,42,40,51,88,65,Moderately Ready
58,53,0,6,64,53,52,18,44,55,46,Not Ready Yet
100,100,4,0,20,88,89,53,99,71,100,Highly Ready
76,63,12,3,3,54,32,45,88,54,81,Moderately Ready
42,24,20,8,99,55,20,19,46,40,32,Needs Improvement
66,79,0,0,73,47,87,66,76,65,52,Moderately Ready
65,55,0,0,43,88,63,46,93,100,71,Highly Ready
43,57,0,0,83,69,48,74,80,54,49,Moderately Ready
43,30,17,9,69,48,50,46,73,29,28,Needs Improvement
36,70,20,1,49,21,70,26,84,69,71,Needs Improvement
77,47,20,11,67,51,59,70,62,69,62,Moderately Ready
99,67,1,10,74,51,76,52,60,85,73,Moderately Ready
69,50,14,12,72,78,54,43,63,55,54,Moderately Ready
80,56,0,3,83,78,61,74,71,79,94,Highly Ready
100,90,8,3,73,60,66,90,63,48,91,Highly Ready
98,46,16,4,41,71,47,54,83,62,53,Moderately Ready
5,30,20,8,74,31,12,6,39,10,8,Not Ready Yet
87,72,0,8,61,61,100,57,87,79,87,Highly Ready
54,21,12,0,78,49,39,22,36,63,57,Needs Improvement
90,81,8,0,42,73,74,100,81,80,63,Highly Ready
31,68,20,4,57,25,27,48,56,27,58,Needs Improvement
87,90,20,0,18,45,37,59,63,85,86,Moderately Ready
10,17,20,0,93,25,9,1,43,40,55,Not Ready Yet
46,12,7,8,0,43,43,42,30,38,53,Needs Improvement
71,50,17,8,29,57,46,9,50,43,39,Needs Improvement
45,7,15,12,18,36,8,37,32,31,22,Not Ready Yet
38,25,14,12,9,40,7,32,4,22,0,Not Ready Yet
21,33,14,1,70,52,23,44,28,27,63,Not Ready Yet
86,61,11,1,56,53,76,42,44,43,91,Moderately Ready
76,59,14,9,0,63,73,69,77,100,81,Highly Ready
71,77,6,12,75,91,43,62,77,75,67,Highly Ready
63,40,13,3,53,31,14,34,74,35,21,Needs Improvement
76,70,8,0,21,77,67,73,61,74,87,Moderately Ready
28,42,7,8,78,43,29,30,23,19,12,Not Ready Yet
50,46,5,12,28,71,61,66,68,52,41,Needs Improvement
100,96,0,0,54,81,77,81,91,74,92,Highly Ready
84,46,15,0,43,70,56,81,65,47,72,Moderately Ready
57,20,18,11,96,42,22,26,38,9,20,Not Ready Yet
77,66,0,12,62,82,49,82,97,60,59,Moderately Ready
87,69,0,6,29,79,96,67,99,86,66,Highly Ready
46,38,6,6,82,41,23,39,54,47,32,Needs Improvement
74,74,0,4,13,58,65,71,72,46,55,Moderately Ready
100,80,9,12,52,76,73,87,97,69,86,Highly Ready
58,51,20,6,0,57,45,36,52,18,60,Needs Improvement
19,37,14,1,45,30,13,47,34,31,4,Not Ready Yet
47,55,0,8,55,45,51,54,61,58,69,Moderately Ready
64,78,0,12,57,88,78,93,90,58,96,Highly Ready
76,24,14,0,37,47,73,91,56,65,76,Moderately Ready
43,58,10,12,2,77,39,50,66,62,70,Moderately Ready
52,82,8,5,76,74,39,24,86,57,48,Moderately Ready
35,28,20,12,70,21,7,31,44,29,27,Not Ready Yet
100,100,16,0,46,74,67,58,84,100,75,Highly Ready
88,72,17,0,74,98,69,89,67,74,68,Moderately Ready
95,55,8,0,13,63,38,62,84,82,67,Highly Ready
67,84,7,8,23,88,72,100,74,49,73,Highly Ready
24,45,0,0,68,58,47,29,75,41,44,Needs Improvement
71,76,4,0,23,62,57,62,89,55,62,Moderately Ready
30,32,6,9,95,46,0,36,32,19,36,Not Ready Yet
41,37,0,0,0,45,21,53,74,41,59,Not Ready Yet
54,92,0,0,59,46,74,54,84,60,65,Moderately Ready
38,53,3,12,75,39,21,52,51,20,14,Needs Improvement
48,54,8,4,93,52,60,42,51,66,12,Needs Improvement
77,80,0,0,52,69,57,40,100,80,87,Highly Ready
23,43,10,10,85,31,44,28,63,64,44,Needs Improvement
95,64,8,2,100,78,56,73,99,81,75,Highly Ready
63,68,0,12,44,74,75,28,82,80,88,Moderately Ready
37,32,10,2,32,36,59,27,60,46,37,Needs Improvement
66,95,12,9,61,93,67,69,61,60,56,Highly Ready
24,36,20,12,12,20,3,22,9,41,21,Not Ready Yet
39,10,18,12,90,33,22,6,0,32,31,Not Ready Yet
79,72,6,0,70,71,45,32,76,82,67,Moderately Ready
77,54,13,0,21,74,25,71,79,93,54,Moderately Ready
30,18,13,1,31,40,60,53,77,51,65,Needs Improvement
40,33,4,7,33,27,35,30,57,39,23,Not Ready Yet
77,34,0,11,10,72,53,65,59,46,70,Highly Ready
0,38,19,12,45,35,31,52,22,49,31,Not Ready Yet
27,38,20,1,46,11,22,18,17,40,27,Not Ready Yet
34,38,14,12,33,35,5,17,53,41,10,Not Ready Yet
49,80,7,0,81,87,27,53,45,46,69,Moderately Ready
93,95,5,12,19,51,59,36,75,96,79,Highly Ready
14,34,20,0,79,27,24,16,37,29,32,Not Ready Yet
40,64,4,0,82,63,67,92,85,40,73,Moderately Ready
77,77,0,0,12,43,36,62,75,59,48,Moderately Ready
80,77,9,10,23,64,66,44,74,88,58,Moderately Ready
93,82,14,6,70,80,83,77,100,65,53,Highly Ready
54,68,10,2,72,34,48,62,43,42,56,Needs Improvement
66,31,12,0,58,45,45,33,53,61,45,Needs Improvement
84,76,0,12,71,89,71,44,86,69,73,Moderately Ready
71,76,0,11,58,38,77,60,95,85,72,Moderately Ready
38,67,6,1,63,53,62,60,77,61,68,Moderately Ready
57,73,0,12,93,67,50,34,54,67,70,Moderately Ready
58,59,20,12,8,26,36,27,62,64,56,Needs Improvement
72,76,0,0,94,88,78,80,76,65,99,Highly Ready
2,27,12,11,80,52,38,46,32,52,54,Not Ready Yet
41,26,8,0,0,42,49,21,35,49,66,Needs Improvement
79,53,5,12,87,78,65,47,48,68,54,Moderately Ready
57,25,2,10,50,62,45,30,58,63,46,Needs Improvement
43,65,13,3,6,65,56,58,49,62,51,Needs Improvement
82,82,8,12,66,87,96,69,100,84,58,Highly Ready
100,87,0,0,24,94,80,79,76,100,44,Highly Ready
87,56,8,10,99,60,61,66,72,74,61,Moderately Ready
27,9,0,12,36,9,27,25,53,46,38,Not Ready Yet
77,68,19,0,8,77,86,72,71,65,84,Highly Ready
87,79,0,0,97,65,52,83,64,95,89,Highly Ready
85,50,20,0,85,79,60,39,50,80,95,Moderately Ready
71,42,2,8,88,83,45,49,65,66,58,Moderately Ready
58,68,9,0,0,59,69,68,68,72,82,Moderately Ready
55,83,1,0,49,45,44,67,74,45,64,Moderately Ready
54,5,20,7,52,24,5,16,33,26,27,Needs Improvement
86,75,0,0,64,67,86,71,76,89,85,Highly Ready
100,59,0,6,66,97,68,58,95,79,92,Highly Ready
47,13,10,5,63,40,28,2,57,22,17,Not Ready Yet
22,17,16,8,63,23,33,0,36,40,28,Not Ready Yet
61,70,0,5,28,36,53,22,45,54,48,Needs Improvement
12,16,10,3,96,32,37,33,23,18,26,Not Ready Yet
63,54,8,3,81,65,73,52,67,54,66,Highly Ready
100,88,6,2,0,65,70,52,81,70,76,Highly Ready
23,20,18,12,41,38,10,33,9,64,47,Not Ready Yet
71,70,12,1,52,58,71,100,83,51,100,Highly Ready
12,10,20,1,63,2,35,53,15,54,30,Not Ready Yet
26,14,19,4,91,71,46,76,50,61,34,Needs Improvement
17,26,17,7,71,24,14,10,10,47,44,Not Ready Yet
93,61,0,5,48,100,77,100,74,78,98,Highly Ready
26,34,16,6,31,34,31,38,48,39,41,Not Ready Yet
58,40,4,6,11,34,40,67,46,55,47,Needs Improvement
63,63,0,6,30,49,56,36,41,48,63,Moderately Ready
51,50,19,12,79,83,46,38,45,40,49,Needs Improvement
39,40,18,8,83,34,2,8,26,29,31,Not Ready Yet
26,49,6,12,20,25,65,59,42,61,65,Needs Improvement
86,80,0,0,61,62,69,93,86,78,64,Highly Ready
61,53,20,0,28,27,61,27,45,66,51,Needs Improvement
100,100,3,1,13,91,94,44,82,80,64,Highly Ready
32,26,18,12,36,12,23,0,42,29,27,Not Ready Yet
47,73,9,5,79,71,66,57,64,49,59,Moderately Ready
87,54,0,1,19,80,95,81,61,59,71,Highly Ready
94,88,0,0,82,89,65,100,78,88,56,Highly Ready
52,83,16,0,64,75,67,27,81,67,66,Moderately Ready
89,56,17,0,58,69,78,74,70,77,93,Moderately Ready
31,33,15,5,77,44,6,33,24,10,46,Not Ready Yet
8,32,6,12,17,5,0,14,16,18,63,Not Ready Yet
41,100,12,12,56,39,47,54,92,74,66,Moderately Ready
52,52,0,12,17,22,22,31,47,64,24,Needs Improvement
48,54,5,7,36,45,21,47,62,47,28,Needs Improvement
11,36,20,3,93,2,18,9,38,43,25,Not Ready Yet
82,67,19,11,66,44,52,51,68,82,72,Moderately Ready
28,16,9,5,38,8,7,9,28,32,14,Not Ready Yet
55,27,0,0,87,35,32,28,55,36,28,Needs Improvement
60,60,0,6,68,55,76,55,68,84,71,Moderately Ready
64,92,2,6,35,68,83,73,89,91,84,Highly Ready
82,95,11,0,79,73,74,69,76,75,73,Highly Ready
83,61,0,9,35,81,85,81,48,48,76,Moderately Ready
100,60,10,9,16,64,77,80,80,75,66,Highly Ready
65,85,12,0,43,81,100,74,57,74,86,Highly Ready
24,14,1,6,36,49,54,62,80,17,39,Needs Improvement
45,37,20,0,82,20,18,46,47,11,50,Not Ready Yet
67,42,18,12,0,28,7,43,50,62,39,Moderately Ready
72,61,20,6,62,62,82,33,83,24,52,Moderately Ready
63,50,0,2,26,61,70,31,62,55,53,Moderately Ready
35,56,5,0,43,64,41,18,64,61,57,Needs Improvement
49,25,20,9,41,11,39,25,51,19,49,Not Ready Yet
94,76,11,12,12,97,73,62,86,86,68,Highly Ready
55,66,8,12,1,72,23,64,66,46,59,Needs Improvement
60,99,0,0,97,100,50,70,89,83,59,Highly Ready
32,45,20,12,51,32,15,21,43,33,41,Not Ready Yet
43,50,20,6,76,64,50,57,70,33,41,Needs Improvement
79,73,8,8,49,66,73,37,58,90,25,Moderately Ready
60,96,9,5,14,87,64,44,66,55,69,Moderately Ready
77,63,11,0,44,59,51,57,71,74,82,Highly Ready
54,50,0,12,59,84,50,63,86,49,61,Moderately Ready
49,51,12,12,28,70,34,45,82,32,39,Moderately Ready
54,67,14,3,81,73,77,37,57,44,75,Moderately Ready
69,54,6,0,15,61,52,86,71,86,58,Highly Ready
63,76,6,0,72,68,65,69,55,76,73,Moderately Ready
34,12,16,0,83,34,18,31,39,38,34,Not Ready Yet
31,53,4,12,30,26,37,45,78,33,48,Needs Improvement
63,64,16,6,15,87,52,60,65,93,75,Highly Ready
40,62,12,2,87,39,9,27,84,54,31,Needs Improvement
45,25,11,11,51,37,22,23,37,29,14,Not Ready Yet
41,33,11,0,88,38,18,41,43,11,37,Needs Improvement
31,11,12,12,20,31,0,27,43,55,11,Not Ready Yet
44,46,12,12,67,30,56,33,72,81,61,Needs Improvement
90,78,0,2,78,73,71,64,56,72,100,Highly Ready
64,65,10,1,54,60,45,70,76,71,80,Moderately Ready
19,39,12,12,41,0,26,12,37,37,16,Not Ready Yet
78,42,2,0,14,79,36,87,54,68,73,Moderately Ready
1,9,12,0,87,15,28,1,36,28,7,Not Ready Yet
55,85,15,4,33,82,52,47,84,54,55,Moderately Ready
26,18,13,0,0,41,20,34,18,23,30,Not Ready Yet
30,25,12,12,84,63,34,53,56,36,51,Needs Improvement
22,35,11,0,76,28,0,28,21,51,24,Not Ready Yet
45,24,20,4,37,35,19,44,33,35,44,Not Ready Yet
83,55,11,5,52,79,60,78,94,83,68,Moderately Ready
25,17,20,0,84,14,29,41,38,45,23,Not Ready Yet
77,79,18,2,70,66,83,69,98,100,64,Highly Ready
74,87,20,3,0,81,62,37,36,40,76,Moderately Ready
32,9,20,12,81,31,32,21,19,35,22,Not Ready Yet
4,53,19,1,98,43,0,24,47,31,35,Not Ready Yet
74,72,7,7,48,88,95,86,83,93,100,Moderately Ready
24,8,12,0,3,4,22,23,8,52,29,Not Ready Yet
75,80,20,10,97,64,55,45,64,79,84,Highly Ready
57,51,4,1,30,22,24,30,35,43,33,Needs Improvement
23,21,20,12,46,40,23,39,37,40,30,Not Ready Yet
68,84,20,0,42,52,71,72,75,54,70,Moderately Ready
84,66,4,0,79,65,87,88,84,94,66,Highly Ready
49,49,5,0,66,25,0,35,73,33,42,Needs Improvement
25,14,0,12,69,12,48,30,51,10,32,Not Ready Yet
27,17,18,2,0,50,23,33,29,43,59,Not Ready Yet
53,52,8,5,46,74,76,92,83,82,80,Moderately Ready
66,62,17,10,0,89,73,35,71,77,43,Moderately Ready
33,38,14,0,23,39,45,25,43,24,36,Needs Improvement
58,46,5,12,84,56,30,54,60,55,64,Needs Improvement
85,68,0,7,46,81,82,78,100,64,88,Highly Ready
18,48,15,12,0,49,30,15,55,65,53,Needs Improvement
38,34,14,6,84,4,21,28,24,27,50,Not Ready Yet
23,19,9,6,41,39,43,50,49,5,15,Needs Improvement
43,26,19,11,19,18,38,7,40,57,19,Not Ready Yet
71,72,0,4,35,99,47,54,73,96,91,Highly Ready
64,82,16,0,13,73,87,65,83,74,45,Moderately Ready
100,56,3,10,76,82,73,51,88,66,90,Highly Ready
47,70,0,3,82,55,58,65,52,96,75,Moderately Ready
79,84,2,0,16,54,56,50,93,83,68,Highly Ready
56,54,1,0,10,62,32,55,63,67,24,Needs Improvement
62,85,20,9,88,71,57,48,74,62,61,Moderately Ready
35,24,0,0,5,76,37,53,50,50,65,Needs Improvement
79,76,9,6,80,90,61,79,77,100,61,Highly Ready
80,75,3,6,9,64,49,86,91,77,69,Moderately Ready
60,34,9,12,86,60,39,36,70,73,61,Moderately Ready
80,100,20,3,100,69,69,76,62,53,69,Highly Ready
40,40,10,3,87,9,20,4,43,35,23,Not Ready Yet
37,66,0,12,58,41,73,28,71,37,45,Needs Improvement
51,78,3,0,30,80,50,62,52,45,41,Moderately Ready
17,29,5,4,23,7,14,27,46,44,31,Not Ready Yet
79,49,16,0,63,63,44,60,91,93,61,Moderately Ready
44,41,19,12,24,41,52,34,69,17,54,Needs Improvement
9,20,20,0,58,20,0,32,44,51,38,Not Ready Yet
18,37,20,8,69,23,23,52,16,38,43,Not Ready Yet
34,6,4,12,6,31,12,37,24,40,34,Not Ready Yet
43,28,0,12,67,35,45,23,64,28,27,Not Ready Yet
84,65,9,0,85,100,56,80,100,68,85,Highly Ready
39,50,9,0,14,81,88,77,61,65,93,Needs Improvement
57,79,17,0,39,73,60,61,82,92,95,Highly Ready
70,98,20,6,24,44,81,58,39,66,58,Moderately Ready
61,49,14,2,64,35,99,95,40,80,85,Moderately Ready
89,100,4,0,34,74,71,79,94,96,62,Highly Ready
34,64,10,12,76,44,59,18,49,58,27,Needs Improvement
87,99,0,11,40,71,50,63,83,65,71,Highly Ready
52,57,0,12,76,54,74,49,84,87,52,Moderately Ready
52,55,9,12,42,45,36,66,36,60,47,Needs Improvement
80,68,4,0,83,80,66,55,52,91,71,Highly Ready
70,92,8,3,0,66,41,43,63,52,97,Moderately Ready
82,76,6,0,44,66,55,50,74,83,94,Highly Ready
67,57,5,12,54,29,32,31,73,28,66,Needs Improvement
56,51,12,6,86,81,57,43,82,86,88,Moderately Ready
64,75,11,6,33,77,76,50,64,53,80,Moderately Ready
8,43,20,12,30,44,29,18,16,25,36,Not Ready Yet
56,47,0,3,74,78,43,73,73,71,79,Moderately Ready
58,55,4,7,6,80,38,49,74,79,46,Moderately Ready
68,87,4,10,15,31,43,43,52,72,78,Moderately Ready
18,39,17,0,25,41,28,0,49,24,47,Not Ready Yet
23,27,2,12,62,32,20,2,16,7,55,Not Ready Yet
18,10,0,0,75,22,34,37,28,47,44,Not Ready Yet
28,58,11,12,89,27,47,65,42,58,24,Needs Improvement
53,42,5,12,59,31,45,55,43,61,42,Needs Improvement
42,22,19,12,32,57,45,15,46,21,56,Needs Improvement
67,68,6,0,69,79,88,55,90,89,60,Highly Ready
35,43,15,0,31,55,31,31,30,38,72,Needs Improvement
36,20,14,12,40,40,49,27,57,65,24,Needs Improvement
25,39,17,0,86,31,40,56,38,30,46,Needs Improvement
79,53,1,0,35,44,71,58,83,69,54,Moderately Ready
95,81,2,12,53,51,56,59,78,70,47,Moderately Ready
63,24,7,5,12,62,48,37,35,41,34,Needs Improvement
97,100,6,0,13,86,78,81,80,65,87,Highly Ready
67,47,0,9,30,62,33,48,73,16,46,Needs Improvement
56,9,2,12,23,19,35,34,47,62,56,Needs Improvement
66,92,7,5,82,76,60,38,92,50,65,Moderately Ready
77,98,0,0,93,73,66,62,100,75,97,Highly Ready
62,82,20,0,78,65,46,63,83,48,62,Highly Ready
79,77,12,1,49,95,72,65,81,85,86,Highly Ready
51,36,20,3,0,12,46,47,34,17,32,Not Ready Yet
73,40,12,2,80,82,61,49,68,83,62,Moderately Ready
67,41,6,9,69,76,77,27,65,61,56,Moderately Ready
46,29,10,12,37,35,11,39,71,30,47,Needs Improvement
46,77,0,0,98,50,37,90,63,82,63,Moderately Ready
62,43,11,12,29,61,27,30,37,58,70,Moderately Ready
47,30,12,12,64,42,34,31,23,20,23,Not Ready Yet
63,45,10,0,38,47,30,37,59,40,64,Moderately Ready
45,67,12,5,51,43,52,57,41,25,38,Needs Improvement
58,68,8,0,28,60,35,20,71,38,28,Needs Improvement
51,46,17,12,91,42,63,26,62,47,28,Needs Improvement
38,28,14,0,58,16,35,16,14,43,22,Not Ready Yet
64,45,18,1,37,69,74,45,75,54,52,Moderately Ready
68,71,5,7,49,73,49,69,68,100,72,Highly Ready
33,40,20,10,81,69,22,56,41,61,75,Needs Improvement
83,84,4,0,54,76,82,70,79,75,64,Highly Ready
68,58,7,5,0,75,62,40,59,72,100,Highly Ready
46,22,9,12,34,32,20,2,13,42,21,Not Ready Yet
46,26,20,0,51,37,46,25,68,47,32,Not Ready Yet
36,49,20,11,86,22,55,26,51,52,31,Not Ready Yet
47,43,20,4,18,4,7,39,52,41,51,Not Ready Yet
21,3,19,6,90,38,26,21,26,23,56,Not Ready Yet
74,56,8,12,38,72,35,39,51,68,81,Moderately Ready
31,33,20,0,67,13,30,45,25,14,35,Not Ready Yet
93,49,12,5,19,42,61,78,69,47,70,Moderately Ready
23,42,10,12,44,50,57,47,53,44,44,Needs Improvement
46,93,8,0,48,94,57,64,91,57,79,Moderately Ready
0,34,5,6,80,41,55,8,27,38,27,Not Ready Yet
83,96,1,10,84,84,31,81,80,66,94,Highly Ready
68,56,2,12,61,69,59,59,76,88,40,Highly Ready
36,24,0,0,86,25,25,24,61,47,19,Not Ready Yet
51,40,0,0,31,76,55,51,51,56,74,Moderately Ready
62,23,1,3,100,56,37,56,29,42,61,Needs Improvement
100,63,0,3,65,60,95,88,82,86,67,Highly Ready
15,25,20,0,92,41,0,3,36,16,42,Not Ready Yet
61,37,9,12,30,32,38,51,56,68,55,Needs Improvement
27,20,4,3,65,12,12,43,44,59,29,Not Ready Yet
63,53,19,3,55,56,21,22,45,60,57,Needs Improvement
55,53,2,0,19,60,46,44,76,64,54,Moderately Ready
52,87,20,0,60,48,37,43,56,55,59,Moderately Ready
24,36,11,7,29,29,7,25,21,42,32,Not Ready Yet
67,86,3,12,81,80,70,83,55,46,75,Moderately Ready
42,40,10,10,0,43,21,11,61,44,43,Needs Improvement
59,67,3,10,54,57,92,39,88,91,80,Highly Ready
59,79,2,0,27,85,68,70,51,94,70,Moderately Ready
81,65,4,7,43,92,39,68,57,81,59,Moderately Ready
65,59,0,6,66,81,76,69,56,67,73,Moderately Ready
100,70,12,0,86,57,49,92,100,76,98,Highly Ready
43,51,8,0,6,58,54,55,64,79,86,Moderately Ready
88,42,12,11,79,58,79,64,100,44,55,Moderately Ready
53,57,4,4,42,63,20,30,42,38,25,Needs Improvement
45,26,0,6,21,79,63,27,34,25,43,Needs Improvement
32,6,13,5,11,38,22,15,38,32,37,Not Ready Yet
24,42,13,12,27,30,21,30,34,55,35,Needs Improvement
61,68,13,10,63,68,100,51,62,73,64,Moderately Ready
19,41,3,5,48,25,6,47,20,6,47,Not Ready Yet
71,48,1,10,79,79,82,32,71,48,93,Moderately Ready
53,69,5,1,84,60,65,64,44,23,36,Needs Improvement
31,53,14,9,60,68,25,70,33,32,49,Needs Improvement
60,61,5,12,50,44,48,71,60,67,53,Moderately Ready
53,71,6,8,74,80,47,86,74,77,68,Moderately Ready
33,29,9,12,60,39,34,63,40,59,8,Needs Improvement
17,9,20,9,61,35,55,0,42,14,23,Not Ready Yet
39,20,20,11,82,23,26,33,37,24,20,Not Ready Yet
84,82,18,0,12,81,92,72,93,100,97,Highly Ready
57,69,8,9,15,62,40,71,83,67,75,Moderately Ready
59,79,20,0,50,67,20,99,51,71,64,Moderately Ready
25,29,19,12,46,39,53,38,56,54,54,Needs Improvement
22,14,9,4,27,39,62,59,39,51,40,Needs Improvement
47,47,0,11,57,51,34,82,59,99,69,Moderately Ready
20,41,20,12,21,6,6,38,20,41,12,Needs Improvement
61,65,0,11,100,93,53,32,50,65,52,Moderately Ready
77,86,0,5,78,63,81,43,86,100,93,Highly Ready
35,50,5,0,52,59,30,3,73,41,42,Needs Improvement
37,62,4,12,58,57,29,58,66,73,71,Needs Improvement
53,38,4,0,86,71,27,100,80,57,61,Moderately Ready
97,84,0,0,88,72,84,87,84,78,64,Highly Ready
81,47,2,3,85,79,29,30,71,48,54,Moderately Ready
38,64,20,5,79,43,14,29,77,66,33,Needs Improvement
50,75,12,8,76,68,78,34,39,91,91,Moderately Ready
67,100,0,0,10,69,60,53,78,86,96,Highly Ready
50,33,0,1,74,64,39,26,54,89,36,Moderately Ready
52,83,0,8,0,61,50,23,56,79,46,Moderately Ready
55,98,9,0,15,90,84,63,75,64,72,Moderately Ready
64,66,5,1,71,83,100,82,65,79,60,Highly Ready
85,60,16,10,100,71,39,30,87,44,65,Moderately Ready
75,80,11,5,29,100,59,90,78,74,100,Highly Ready
44,23,12,2,31,47,70,49,58,67,52,Needs Improvement
61,19,18,0,87,36,68,39,65,57,61,Needs Improvement
75,74,20,12,36,56,65,51,42,53,72,Needs Improvement
45,41,20,5,86,39,48,57,63,67,67,Needs Improvement
69,91,0,0,77,83,90,45,70,71,92,Highly Ready
37,30,9,0,100,51,30,21,54,35,40,Moderately Ready
61,97,10,8,33,41,68,67,83,80,89,Moderately Ready
71,83,0,6,15,66,66,65,69,85,66,Highly Ready
74,64,0,2,39,76,69,59,84,75,100,Highly Ready
57,60,6,0,29,88,73,73,66,83,49,Moderately Ready
79,41,9,4,59,81,71,90,67,63,46,Moderately Ready
64,70,0,12,44,46,45,41,77,71,90,Moderately Ready
98,66,17,0,4,71,95,59,92,80,67,Highly Ready
57,55,20,2,66,35,70,44,64,41,24,Needs Improvement
65,63,4,0,62,55,35,76,72,56,42,Moderately Ready
0,31,17,12,13,6,58,6,38,26,48,Not Ready Yet
24,4,20,5,49,41,21,24,35,65,18,Not Ready Yet
47,69,9,0,9,50,45,45,68,37,42,Needs Improvement
93,76,0,0,77,95,78,69,100,91,57,Highly Ready
78,82,0,7,0,53,75,60,61,55,56,Moderately Ready
16,15,8,3,66,4,19,21,16,18,28,Not Ready Yet
63,55,9,0,25,88,40,56,80,91,35,Moderately Ready
86,68,3,12,27,71,36,44,45,39,70,Moderately Ready
80,100,12,0,66,87,75,86,86,77,95,Highly Ready
100,87,2,0,38,69,61,51,95,72,82,Highly Ready
62,81,3,12,27,72,53,70,63,67,79,Moderately Ready
84,70,11,0,55,54,59,80,80,54,61,Moderately Ready
86,64,4,0,77,87,75,72,82,67,66,Highly Ready
99,86,3,6,40,100,54,70,66,57,83,Highly Ready
56,64,7,6,30,72,21,91,60,70,37,Moderately Ready
64,88,0,0,19,69,82,38,92,76,47,Moderately Ready
75,77,0,0,17,64,62,65,83,100,74,Highly Ready
51,46,4,3,34,52,85,61,76,51,66,Moderately Ready
39,30,17,0,54,61,33,69,35,66,33,Needs Improvement
37,18,15,12,3,30,42,16,44,39,38,Not Ready Yet
88,75,0,0,83,77,59,73,98,100,83,Moderately Ready
36,37,9,8,37,9,29,2,53,28,51,Not Ready Yet
27,23,6,12,61,38,53,34,67,54,34,Needs Improvement
57,37,20,1,46,32,13,1,43,42,64,Needs Improvement
92,59,1,0,61,79,53,47,82,100,81,Moderately Ready
15,22,4,1,60,26,29,21,40,20,41,Not Ready Yet
59,60,8,3,100,62,49,52,86,58,57,Moderately Ready
57,61,15,2,76,72,69,21,49,91,55,Moderately Ready
82,54,9,11,34,61,55,33,55,51,73,Moderately Ready
88,81,0,0,16,91,94,60,94,60,100,Highly Ready
61,74,20,3,92,49,71,87,83,74,72,Moderately Ready
46,73,20,0,25,34,50,39,35,28,9,Needs Improvement
94,81,0,0,46,83,94,75,74,74,92,Highly Ready
48,13,2,2,18,32,14,69,69,37,34,Needs Improvement
91,53,17,11,94,50,40,74,68,58,48,Highly Ready
47,72,0,10,31,76,43,37,69,42,85,Moderately Ready
65,53,5,0,12,78,100,41,95,79,76,Highly Ready
24,17,0,10,100,49,69,11,43,42,33,Needs Improvement
34,7,14,0,86,28,18,6,37,29,18,Not Ready Yet
11,8,20,6,28,40,17,27,12,17,14,Not Ready Yet
74,61,13,2,12,64,82,54,79,61,57,Moderately Ready
34,26,20,12,44,27,46,34,18,32,23,Not Ready Yet
59,46,0,12,3,76,63,85,59,59,58,Moderately Ready
32,30,15,12,23,20,7,3,31,8,40,Not Ready Yet
69,72,0,0,39,46,32,33,56,78,74,Moderately Ready
71,91,0,12,29,99,63,83,75,78,44,Highly Ready
77,34,0,5,70,46,48,41,64,76,76,Moderately Ready
15,33,14,2,0,29,33,26,51,32,52,Not Ready Yet
37,17,8,6,48,9,47,28,23,25,13,Not Ready Yet
55,28,7,0,29,33,22,37,60,46,67,Needs Improvement
49,50,7,11,23,76,95,70,76,64,44,Moderately Ready
8,38,0,10,70,38,35,0,27,55,7,Not Ready Yet
47,73,13,0,78,58,39,44,52,78,77,Moderately Ready
19,18,13,12,40,41,10,7,39,29,24,Not Ready Yet
88,61,0,0,6,81,73,79,73,49,65,Moderately Ready
100,97,1,0,0,77,49,100,76,83,73,Highly Ready
72,97,1,12,13,99,91,93,86,85,94,Highly Ready
51,53,20,12,58,69,31,39,72,50,78,Moderately Ready
58,97,4,0,12,84,62,50,86,64,93,Highly Ready
81,56,5,12,59,86,94,84,100,77,77,Highly Ready
15,15,20,5,36,44,11,34,31,48,4,Not Ready Yet
0,0,20,12,79,37,31,32,32,9,35,Not Ready Yet
92,70,0,4,56,88,64,51,87,98,100,Highly Ready
69,97,8,12,72,60,90,97,100,88,77,Highly Ready
90,55,3,11,46,73,25,48,60,38,61,Moderately Ready
80,60,0,12,29,36,20,15,55,57,67,Needs Improvement
15,40,8,2,48,15,15,14,13,17,21,Not Ready Yet
65,61,16,11,55,72,35,78,51,73,73,Moderately Ready
73,91,11,2,8,85,61,99,76,100,65,Highly Ready
59,70,8,0,12,100,46,50,76,55,71,Moderately Ready
15,23,8,9,53,24,28,7,19,41,14,Not Ready Yet
22,21,16,5,75,12,1,46,52,37,29,Not Ready Yet
92,79,2,4,0,68,70,98,76,76,100,Highly Ready
97,68,1,2,8,76,57,89,72,96,100,Highly Ready
40,75,14,9,90,48,67,54,72,59,31,Moderately Ready
19,19,9,7,13,11,4,9,37,46,40,Not Ready Yet
91,79,0,0,61,90,77,72,80,81,47,Highly Ready
33,16,14,6,50,11,30,21,25,35,19,Not Ready Yet
76,63,12,1,5,100,88,76,75,72,100,Highly Ready
84,71,0,7,24,63,85,70,62,100,66,Highly Ready
86,64,7,0,30,78,56,68,78,80,55,Moderately Ready
63,56,18,0,70,42,73,63,96,76,68,Moderately Ready
36,27,19,6,26,26,42,29,52,25,20,Not Ready Yet
34,17,20,12,32,49,51,26,48,28,24,Not Ready Yet
100,67,0,0,13,84,38,93,71,61,94,Highly Ready
43,27,4,8,4,33,39,15,60,72,34,Needs Improvement
44,50,3,0,8,39,48,58,51,28,69,Moderately Ready
20,46,20,8,1,48,22,13,44,6,48,Not Ready Yet
80,74,1,2,61,63,74,65,49,79,71,Moderately Ready
13,46,13,12,17,22,39,33,34,7,40,Not Ready Yet
68,64,0,0,70,72,70,53,59,68,49,Moderately Ready
100,67,1,3,81,74,77,86,93,77,89,Highly Ready
65,75,6,0,92,68,57,66,81,87,86,Highly Ready
92,91,0,11,92,65,90,69,98,63,90,Highly Ready
0,31,4,12,33,0,0,33,38,13,36,Not Ready Yet
50,42,12,12,51,26,13,35,30,39,36,Needs Improvement
62,65,20,9,50,76,73,35,61,54,81,Moderately Ready
78,85,3,7,10,38,69,73,100,63,50,Moderately Ready
77,91,0,12,93,83,91,51,84,100,72,Highly Ready
12,47,0,6,0,51,50,61,58,49,71,Needs Improvement
53,42,1,0,5,55,21,48,35,86,53,Moderately Ready
81,75,4,2,54,100,91,53,96,91,89,Highly Ready
53,36,0,7,28,81,72,91,66,68,77,Moderately Ready
27,66,12,4,59,40,16,18,42,35,72,Needs Improvement
47,44,7,12,12,45,61,41,78,53,64,Moderately Ready
68,75,7,3,46,61,92,60,78,89,87,Highly Ready
45,99,0,8,100,84,72,66,70,53,41,Moderately Ready
66,73,7,3,84,37,32,34,42,28,55,Needs Improvement
54,37,13,8,37,46,37,17,52,56,17,Needs Improvement
52,62,6,0,100,63,39,59,55,66,68,Needs Improvement
24,55,14,5,61,26,50,33,54,43,51,Needs Improvement
42,64,8,12,51,52,61,76,84,73,47,Moderately Ready
84,57,6,0,75,100,63,88,63,62,72,Highly Ready
35,8,14,12,13,12,23,0,38,29,40,Not Ready Yet
82,82,0,0,75,80,84,71,84,96,88,Highly Ready
46,22,20,0,86,65,63,31,56,34,49,Needs Improvement
30,42,4,5,0,44,24,58,72,43,46,Needs Improvement
78,57,2,12,53,80,47,59,73,74,71,Moderately Ready
33,29,4,3,78,13,41,31,27,11,44,Not Ready Yet
65,72,15,0,8,72,61,76,46,69,82,Moderately Ready
22,55,20,6,53,8,29,28,22,36,7,Not Ready Yet
56,49,17,11,49,49,31,12,64,46,52,Not Ready Yet
56,35,0,12,0,22,38,24,51,66,63,Needs Improvement
100,100,6,4,69,89,68,90,100,86,81,Highly Ready
77,75,4,9,85,73,69,74,78,81,85,Highly Ready
53,57,3,0,47,34,57,61,43,48,54,Needs Improvement
64,42,3,5,74,79,41,30,94,43,48,Moderately Ready
77,100,11,12,61,75,87,99,86,77,95,Highly Ready
46,47,15,6,40,41,27,26,62,52,52,Needs Improvement
13,41,0,2,65,42,51,33,50,45,49,Needs Improvement
52,58,3,0,59,51,57,41,80,73,54,Moderately Ready
70,83,20,8,23,83,55,74,86,69,80,Highly Ready
71,35,11,0,100,72,85,56,74,60,71,Moderately Ready
30,21,11,12,90,28,18,27,42,9,33,Not Ready Yet
71,59,10,0,24,28,27,35,65,55,71,Needs Improvement
34,65,12,1,10,45,34,14,38,41,60,Needs Improvement
56,70,10,0,40,80,62,76,70,67,100,Highly Ready
70,50,2,10,46,83,88,75,66,77,56,Moderately Ready
87,70,1,4,60,88,56,89,100,70,96,Highly Ready
18,38,20,0,21,37,22,33,31,52,36,Not Ready Yet
60,95,0,7,69,79,54,90,93,100,94,Highly Ready
87,98,12,0,12,96,83,100,89,100,76,Highly Ready
11,44,0,12,17,16,0,20,25,23,51,Not Ready Yet
81,75,8,12,39,88,64,98,94,75,72,Highly Ready
55,13,1,12,81,57,63,37,53,24,64,Needs Improvement
79,58,0,0,47,59,51,90,60,98,78,Highly Ready
77,48,1,0,45,61,75,80,78,59,77,Moderately Ready
24,36,0,8,46,48,10,21,15,34,53,Not Ready Yet
86,85,0,0,9,87,40,83,85,92,71,Highly Ready
28,44,13,1,25,70,26,50,42,43,54,Needs Improvement
28,42,20,0,0,17,24,27,53,7,25,Not Ready Yet
60,73,6,0,44,35,34,52,53,72,28,Needs Improvement
7,31,3,0,85,1,44,40,33,29,26,Not Ready Yet
52,53,9,6,45,75,57,62,74,71,46,Moderately Ready
59,51,12,5,0,52,72,48,59,71,86,Moderately Ready
30,31,13,12,63,47,33,39,51,27,40,Needs Improvement
20,46,16,7,33,43,3,32,47,19,20,Not Ready Yet
60,62,13,11,89,30,48,17,41,42,40,Needs Improvement
11,36,19,12,21,33,38,46,16,28,32,Not Ready Yet
100,72,0,1,79,78,100,76,78,92,64,Highly Ready
37,59,10,3,28,68,60,30,41,52,40,Needs Improvement
0,16,11,12,0,44,8,16,31,20,52,Not Ready Yet
81,65,8,12,67,67,94,91,87,70,100,Highly Ready
45,40,4,5,22,72,45,55,65,88,53,Highly Ready
56,84,5,0,70,91,62,40,67,51,91,Highly Ready
71,41,0,4,84,79,51,68,69,60,91,Moderately Ready
90,90,0,0,91,90,93,79,82,58,98,Highly Ready
80,68,8,6,50,82,75,100,74,54,61,Moderately Ready
100,75,0,0,13,71,69,40,69,60,81,Highly Ready
45,14,3,0,10,21,28,6,37,18,30,Not Ready Yet
50,42,0,0,19,44,42,20,51,43,41,Needs Improvement
72,45,20,2,35,43,57,49,92,82,73,Moderately Ready
64,68,12,0,12,65,86,57,60,84,79,Moderately Ready
59,75,6,4,59,77,66,38,60,66,76,Moderately Ready
46,48,11,0,77,34,56,7,85,58,69,Needs Improvement
68,61,20,12,29,55,24,63,72,66,53,Moderately Ready
0,22,18,10,100,31,43,0,55,37,39,Not Ready Yet
42,50,20,0,30,6,0,9,59,36,51,Needs Improvement
22,29,0,3,66,38,45,34,56,65,28,Needs Improvement
38,51,3,0,89,69,24,69,71,41,33,Needs Improvement
47,36,6,1,63,36,53,60,43,65,48,Needs Improvement
25,27,4,9,11,2,0,13,27,40,50,Not Ready Yet
31,20,12,9,82,22,31,12,51,28,44,Not Ready Yet
52,79,6,12,21,78,78,72,67,44,84,Moderately Ready
66,71,8,12,22,62,71,50,49,39,59,Needs Improvement
71,82,16,0,28,71,29,50,91,98,96,Highly Ready
63,43,20,0,56,53,64,35,66,58,58,Needs Improvement
55,94,6,11,10,74,61,100,94,84,95,Highly Ready
60,59,12,3,16,50,38,57,72,89,86,Moderately Ready
28,8,16,12,10,11,41,4,62,26,24,Not Ready Yet
64,60,13,9,32,72,36,60,100,58,91,Moderately Ready
26,67,5,1,26,49,23,24,45,37,37,Needs Improvement
83,60,7,2,11,60,80,40,72,69,49,Moderately Ready
43,63,11,0,95,42,14,19,56,47,38,Moderately Ready
67,53,13,6,88,58,48,63,78,57,49,Needs Improvement
43,58,0,2,10,34,27,42,21,45,61,Needs Improvement
87,53,0,0,78,58,39,27,40,57,60,Moderately Ready
88,68,1,0,50,77,54,80,69,37,63,Moderately Ready
55,62,5,0,24,43,68,45,98,54,74,Moderately Ready
77,93,0,0,100,58,61,79,100,80,81,Highly Ready
46,42,6,0,68,58,45,80,76,66,53,Moderately Ready
54,100,7,5,87,100,74,60,69,93,87,Highly Ready
38,46,0,3,16,65,56,49,55,46,66,Moderately Ready
34,19,12,9,82,0,15,6,22,37,41,Not Ready Yet
35,46,11,1,91,37,34,25,15,18,58,Not Ready Yet
37,11,16,9,76,48,25,0,60,47,24,Needs Improvement
83,28,0,3,28,67,51,76,61,58,76,Moderately Ready
53,42,2,6,41,72,46,44,82,69,74,Moderately Ready
0,36,15,0,73,16,43,37,54,44,53,Not Ready Yet
83,76,0,12,70,70,47,47,78,84,69,Highly Ready
48,75,4,12,52,77,65,79,63,51,62,Moderately Ready
73,52,2,6,60,81,41,55,54,80,90,Moderately Ready
48,69,15,6,91,60,50,61,52,44,87,Moderately Ready
25,29,20,12,14,41,53,34,45,42,47,Not Ready Yet
52,77,0,12,46,83,76,39,70,72,49,Needs Improvement
35,33,18,2,27,46,33,44,46,35,36,Needs Improvement
33,69,16,8,17,29,53,41,31,55,23,Needs Improvement
49,62,20,0,58,48,45,70,64,72,78,Moderately Ready
45,35,15,7,65,44,44,37,60,43,22,Needs Improvement
31,46,3,12,73,54,16,27,57,31,85,Needs Improvement
81,88,0,11,12,92,68,62,100,96,42,Moderately Ready
15,17,16,12,100,19,43,20,23,48,39,Not Ready Yet
85,94,5,2,58,76,77,89,88,73,83,Highly Ready
83,97,0,12,5,57,100,93,75,92,64,Highly Ready
71,63,8,11,100,82,86,68,72,88,48,Moderately Ready
44,43,20,0,0,91,56,47,53,68,81,Moderately Ready
43,23,15,10,31,44,43,16,54,31,24,Not Ready Yet
23,0,20,0,68,45,27,23,49,49,20,Not Ready Yet
38,85,0,3,74,61,73,82,76,75,68,Needs Improvement
46,47,20,12,63,31,22,33,43,48,39,Needs Improvement
79,72,0,1,34,44,29,72,66,83,84,Needs Improvement
68,38,0,5,37,22,10,45,40,40,57,Needs Improvement
53,73,9,0,65,80,46,53,41,63,36,Moderately Ready
7,0,20,10,65,16,13,3,60,45,33,Needs Improvement
66,93,5,9,12,68,64,79,75,64,58,Highly Ready
13,35,20,12,90,16,15,0,66,45,13,Not Ready Yet
57,76,4,12,27,87,23,44,46,53,66,Needs Improvement
56,35,2,4,30,43,53,38,56,49,39,Needs Improvement
62,56,12,8,98,97,49,85,65,71,66,Highly Ready
49,74,5,8,60,72,75,94,74,43,65,Moderately Ready
51,59,2,0,19,79,92,76,67,63,94,Highly Ready
55,48,0,8,0,63,71,61,57,54,64,Moderately Ready
48,86,0,9,21,53,56,67,74,73,65,Moderately Ready
38,21,20,12,56,12,38,29,25,49,34,Not Ready Yet
71,91,15,0,22,96,62,64,95,55,95,Highly Ready
28,31,14,1,36,44,60,48,61,61,39,Needs Improvement
83,76,11,5,86,99,69,48,69,89,74,Highly Ready
95,77,0,12,58,75,73,87,71,80,61,Highly Ready
69,47,0,5,34,84,77,48,71,70,67,Moderately Ready
20,0,5,10,75,40,21,9,39,12,59,Not Ready Yet
55,53,4,12,65,63,25,73,69,85,61,Moderately Ready
58,59,13,3,44,61,30,30,54,45,42,Needs Improvement
80,100,16,2,0,63,81,84,69,92,70,Highly Ready
68,72,9,9,7,67,74,55,74,42,46,Moderately Ready
68,95,12,1,73,69,76,38,88,43,68,Moderately Ready
61,35,9,9,85,47,17,45,59,51,45,Needs Improvement
68,100,0,1,23,100,72,80,85,92,55,Highly Ready
77,78,18,0,57,92,100,73,100,79,58,Highly Ready
75,28,0,7,50,49,76,56,44,86,54,Moderately Ready
81,85,14,0,88,63,49,48,55,76,45,Moderately Ready
80,62,0,3,1,72,88,61,74,67,71,Moderately Ready
24,25,6,2,40,25,50,31,74,55,58,Needs Improvement
47,63,7,12,69,62,61,49,85,68,62,Moderately Ready
92,64,4,10,56,36,97,67,85,65,72,Moderately Ready
96,60,16,6,60,68,65,51,85,53,55,Moderately Ready
39,78,14,0,88,82,81,33,62,37,68,Moderately Ready
42,16,3,12,95,61,25,37,31,58,27,Needs Improvement
57,33,8,0,17,56,26,52,81,63,41,Needs Improvement
78,79,6,0,66,95,89,100,79,80,100,Highly Ready
50,53,0,5,38,55,65,46,81,51,56,Moderately Ready
58,87,3,0,67,88,78,66,86,78,57,Highly Ready
81,57,15,7,38,81,58,52,87,65,74,Moderately Ready
80,84,20,0,52,100,56,73,66,100,70,Highly Ready
100,56,4,0,61,68,67,88,81,87,84,Highly Ready
28,40,1,12,45,24,13,0,16,12,11,Not Ready Yet
60,53,13,12,45,56,66,29,54,59,47,Needs Improvement
87,74,0,0,72,51,58,70,71,43,55,Moderately Ready
93,51,20,0,66,54,56,56,52,84,58,Moderately Ready
71,68,0,6,86,47,52,81,95,45,61,Moderately Ready
59,24,1,12,69,29,60,10,69,23,53,Needs Improvement
93,97,0,0,58,62,100,46,67,85,73,Highly Ready
78,68,0,4,60,68,83,70,100,86,77,Highly Ready
26,67,20,6,81,65,16,16,49,43,59,Needs Improvement
34,37,20,3,36,42,16,0,24,47,22,Not Ready Yet
89,89,0,4,26,70,51,48,91,85,55,Highly Ready
87,60,1,7,23,61,66,81,100,67,70,Highly Ready
83,70,1,12,61,67,100,68,97,89,75,Highly Ready
66,52,0,12,8,60,83,95,64,30,87,Moderately Ready
74,53,3,1,70,38,26,28,35,57,30,Needs Improvement
33,34,9,4,68,47,38,26,68,45,66,Needs Improvement
76,64,0,0,28,72,74,43,91,80,97,Highly Ready
77,67,0,6,0,79,68,87,68,71,100,Highly Ready
93,70,0,0,2,95,68,90,51,97,74,Highly Ready
90,91,0,5,50,90,94,87,61,100,100,Highly Ready
68,67,15,0,56,80,70,73,82,54,71,Moderately Ready
68,50,2,0,30,52,46,85,85,74,52,Moderately Ready
28,50,16,0,88,28,26,41,52,50,40,Not Ready Yet
70,50,1,0,78,73,50,51,83,86,84,Highly Ready
97,70,1,0,81,68,58,67,80,96,71,Highly Ready
100,97,4,0,25,83,73,100,72,66,73,Highly Ready
48,44,0,1,55,33,78,62,65,65,50,Moderately Ready
66,46,18,0,63,64,78,19,70,43,99,Moderately Ready
32,44,20,12,10,40,10,18,33,16,13,Not Ready Yet
41,0,16,9,0,27,9,21,25,23,13,Not Ready Yet
55,76,5,1,98,61,87,48,63,85,84,Moderately Ready
100,70,0,0,48,75,85,44,100,61,66,Highly Ready
81,49,1,0,94,74,75,73,82,77,84,Highly Ready
71,52,14,12,24,55,44,28,69,68,96,Moderately Ready
56,55,0,7,62,39,49,51,44,56,23,Needs Improvement
11,42,20,10,7,2,30,22,25,28,25,Not Ready Yet
50,40,9,10,45,54,57,81,92,62,62,Moderately Ready
60,56,3,12,56,52,39,57,68,53,74,Moderately Ready
42,0,5,12,31,33,35,24,55,25,41,Not Ready Yet
80,70,4,12,72,97,75,51,100,78,86,Highly Ready
54,60,12,12,84,76,41,77,55,42,72,Moderately Ready
32,31,8,10,55,40,39,32,25,30,36,Not Ready Yet
69,81,0,0,72,80,52,100,93,75,70,Highly Ready
100,95,6,12,43,81,77,65,74,91,100,Highly Ready
75,74,1,6,31,93,63,54,66,91,77,Moderately Ready
78,35,3,10,80,68,40,77,65,40,66,Moderately Ready
42,55,18,12,21,64,43,24,44,49,66,Needs Improvement
66,97,1,0,67,59,54,30,56,75,66,Moderately Ready
80,73,0,0,25,65,58,64,100,100,87,Highly Ready
91,86,5,12,20,59,100,71,71,91,89,Highly Ready
56,57,5,0,17,47,44,69,70,49,56,Needs Improvement
60,97,9,12,63,84,92,48,81,92,70,Highly Ready
77,63,0,0,32,81,50,28,81,58,67,Moderately Ready
69,57,0,2,14,68,89,100,75,75,62,Highly Ready
67,58,15,8,71,26,65,43,36,27,41,Needs Improvement
18,8,20,12,26,17,11,29,59,41,44,Not Ready Yet
70,68,0,0,58,86,89,86,79,91,89,Highly Ready
75,59,15,4,4,52,43,58,45,68,32,Needs Improvement
100,66,10,8,74,68,72,85,88,78,60,Highly Ready
38,61,13,8,15,43,43,30,52,59,61,Moderately Ready
64,38,0,11,98,43,73,33,54,63,54,Needs Improvement
51,33,8,0,56,40,41,80,59,62,66,Moderately Ready
61,40,0,0,25,66,40,57,73,57,100,Moderately Ready
22,46,8,0,87,29,58,33,33,45,42,Needs Improvement
80,57,4,12,9,98,63,61,77,84,94,Highly Ready
79,93,0,8,87,96,100,82,65,57,59,Highly Ready
65,76,20,12,57,63,62,69,75,68,88,Moderately Ready
82,70,19,0,60,73,96,77,74,88,84,Highly Ready
69,62,20,1,73,92,20,72,60,61,30,Moderately Ready
25,34,20,8,88,49,22,0,15,41,6,Needs Improvement
83,56,17,0,27,87,34,51,91,75,51,Moderately Ready
28,25,10,3,2,24,4,16,39,23,8,Not Ready Yet
59,76,6,4,15,72,24,65,60,74,47,Moderately Ready
86,83,0,8,53,80,49,51,72,61,44,Moderately Ready
6,38,6,11,39,58,19,29,34,28,42,Not Ready Yet
42,23,20,12,14,32,13,25,28,46,5,Not Ready Yet
29,3,13,0,15,26,25,25,28,37,50,Not Ready Yet
67,65,2,3,6,21,45,55,54,50,29,Needs Improvement
59,38,9,0,71,83,61,60,88,59,74,Moderately Ready
75,88,9,5,39,76,61,44,62,82,62,Moderately Ready
59,60,3,11,89,38,33,77,57,44,40,Moderately Ready
73,98,9,3,5,94,79,53,100,76,73,Highly Ready
18,27,20,8,76,37,51,40,30,57,51,Needs Improvement
87,62,2,8,29,100,66,57,100,72,85,Highly Ready
40,38,20,0,95,32,10,20,30,19,30,Not Ready Yet
36,70,10,12,88,39,67,42,32,45,59,Needs Improvement
60,70,20,0,0,84,61,50,93,61,79,Moderately Ready
25,47,17,1,67,42,51,38,54,53,55,Needs Improvement
57,78,9,0,41,48,46,31,96,44,69,Moderately Ready
59,36,7,2,2,59,40,86,91,85,74,Moderately Ready
89,83,11,0,16,74,70,73,87,66,85,Highly Ready
56,58,0,0,11,55,77,33,38,39,59,Not Ready Yet
31,51,19,9,59,37,4,32,32,38,32,Needs Improvement
32,23,14,11,43,36,14,24,31,6,11,Not Ready Yet
30,27,11,2,13,18,31,50,44,7,43,Not Ready Yet
17,47,16,0,8,41,46,51,43,37,66,Needs Improvement
61,43,11,8,61,76,56,64,89,55,66,Moderately Ready
32,51,16,2,15,30,40,36,59,42,28,Moderately Ready
74,76,16,0,85,86,72,90,90,100,59,Highly Ready
59,32,4,10,40,56,31,42,39,35,33,Needs Improvement
80,42,8,3,58,82,44,87,81,53,47,Moderately Ready
94,94,1,7,4,95,93,47,79,76,88,Highly Ready
38,30,5,9,49,22,40,9,54,45,30,Not Ready Yet
82,71,9,4,13,72,63,95,87,70,85,Highly Ready
77,55,10,5,63,61,80,39,55,43,56,Highly Ready
28,36,0,8,90,48,43,55,51,52,67,Needs Improvement
79,64,5,11,0,58,40,63,86,74,42,Moderately Ready
42,17,12,12,92,24,36,25,65,68,70,Needs Improvement
68,45,13,5,97,48,71,25,66,64,47,Moderately Ready
70,79,0,10,82,88,62,41,87,58,58,Moderately Ready
71,54,13,8,46,43,76,70,77,55,49,Highly Ready
18,37,9,11,10,54,25,34,43,32,25,Not Ready Yet
73,48,0,12,6,40,64,44,69,81,81,Moderately Ready
100,58,3,10,57,72,59,93,67,97,75,Highly Ready
63,59,11,5,23,53,55,75,80,73,87,Highly Ready
42,62,11,4,58,82,76,69,59,81,46,Moderately Ready
41,44,11,9,42,50,15,80,71,17,20,Needs Improvement
93,77,0,0,40,76,86,60,78,100,99,Highly Ready
83,68,3,4,71,93,64,83,78,69,56,Highly Ready
12,29,20,12,100,48,9,23,14,16,24,Not Ready Yet
49,12,16,6,18,12,0,41,43,25,32,Not Ready Yet
2,21,20,10,21,27,12,23,32,24,24,Not Ready Yet
87,83,7,8,28,93,66,82,68,58,60,Highly Ready
71,67,0,6,50,86,64,81,73,69,74,Moderately Ready
56,51,0,10,16,73,35,60,46,58,55,Needs Improvement
22,22,9,0,45,31,46,20,31,16,0,Not Ready Yet
37,35,13,8,44,40,30,56,76,59,39,Not Ready Yet
61,79,16,2,49,66,60,65,65,66,89,Highly Ready
64,82,0,12,0,70,59,44,84,68,68,Highly Ready
21,67,8,4,92,58,98,69,68,82,57,Moderately Ready
95,61,0,0,30,77,90,53,100,94,57,Highly Ready
79,100,0,0,19,44,51,60,74,78,83,Moderately Ready
39,22,20,3,46,72,62,36,79,58,21,Needs Improvement
93,100,1,0,0,74,75,54,88,82,83,Highly Ready
100,62,0,0,51,100,100,70,64,100,98,Highly Ready
84,61,0,0,0,71,40,40,92,85,42,Moderately Ready
75,39,0,5,44,77,69,68,76,52,83,Moderately Ready
76,68,7,5,47,87,75,67,71,78,47,Moderately Ready
42,7,8,4,41,16,10,17,29,39,33,Not Ready Yet
45,68,9,0,28,51,62,39,45,53,25,Moderately Ready
36,30,2,6,54,38,54,65,53,32,18,Not Ready Yet
37,43,13,5,78,27,25,22,32,49,35,Not Ready Yet
40,40,12,3,82,39,28,52,46,52,33,Needs Improvement
5,47,18,12,48,43,16,10,57,35,45,Not Ready Yet
96,62,7,12,84,57,93,49,97,54,69,Highly Ready
35,31,0,6,67,15,34,20,8,47,28,Not Ready Yet
55,43,11,12,0,58,87,73,54,87,64,Moderately Ready
85,48,11,0,49,77,47,44,69,45,43,Moderately Ready
26,26,0,12,54,30,46,66,33,46,35,Needs Improvement
62,39,20,10,16,25,5,22,41,52,34,Not Ready Yet
67,69,4,0,52,57,57,65,75,48,56,Moderately Ready
71,68,0,12,75,64,40,60,76,71,68,Moderately Ready
72,63,0,12,50,68,79,62,98,81,80,Highly Ready
88,82,2,10,46,66,87,86,76,48,53,Moderately Ready
55,71,10,0,93,86,46,44,96,65,66,Moderately Ready
53,46,7,7,91,39,50,42,35,89,41,Needs Improvement
13,16,20,12,50,35,36,31,44,54,18,Not Ready Yet
84,100,3,11,54,93,72,69,94,60,74,Highly Ready
32,11,11,12,33,8,30,9,11,30,56,Not Ready Yet
95,96,13,7,30,80,86,74,79,76,80,Highly Ready
100,74,5,0,85,96,78,48,76,78,82,Highly Ready
72,82,14,11,65,70,32,78,100,80,81,Highly Ready
56,74,20,12,67,47,34,35,59,57,34,Needs Improvement
43,48,8,6,39,42,53,58,42,20,52,Needs Improvement
93,69,6,2,64,61,91,86,91,83,83,Highly Ready
51,47,13,10,63,44,25,38,34,26,55,Needs Improvement
42,69,20,8,88,33,58,28,49,59,46,Needs Improvement
76,88,6,0,56,78,83,94,83,67,100,Highly Ready
53,38,12,0,39,26,32,49,47,15,55,Needs Improvement
38,38,15,0,53,16,42,35,49,29,48,Not Ready Yet
73,40,0,12,100,24,25,41,48,26,38,Needs Improvement
48,12,0,12,22,22,2,8,20,2,43,Not Ready Yet
15,37,20,0,85,26,45,13,27,16,29,Not Ready Yet
100,87,18,0,73,69,100,91,76,90,80,Highly Ready
49,44,13,0,50,52,24,12,41,43,70,Needs Improvement
39,52,18,9,15,71,59,62,72,24,41,Needs Improvement
33,23,18,12,42,38,1,0,17,14,39,Not Ready Yet
100,87,0,9,10,43,65,60,87,65,55,Highly Ready
82,63,12,10,80,58,81,74,71,100,67,Highly Ready
4,70,8,0,39,33,37,16,66,38,54,Moderately Ready
59,25,0,0,31,38,12,28,40,41,11,Not Ready Yet
57,82,10,0,100,57,33,78,72,81,70,Moderately Ready
45,55,16,12,79,31,47,12,39,40,67,Needs Improvement
52,40,2,12,100,54,36,31,43,82,53,Moderately Ready
59,21,2,0,26,54,46,75,64,43,27,Needs Improvement
59,67,13,12,69,75,34,71,52,58,87,Moderately Ready
77,83,0,5,6,49,62,78,80,64,69,Moderately Ready
96,51,0,1,60,91,89,67,56,77,66,Highly Ready
69,59,15,0,100,56,17,48,74,56,49,Needs Improvement
61,68,17,2,52,74,41,60,53,41,63,Needs Improvement
42,44,20,0,81,39,24,24,54,50,34,Needs Improvement
78,68,9,0,47,54,40,62,93,63,85,Moderately Ready
78,46,9,12,29,41,34,52,48,70,62,Moderately Ready
65,46,0,0,44,75,48,50,80,47,85,Moderately Ready
76,45,7,0,57,57,84,56,72,88,72,Moderately Ready
83,82,0,12,93,100,90,60,84,76,76,Highly Ready
70,32,20,0,67,39,22,30,40,49,44,Needs Improvement
88,85,0,2,55,96,53,84,62,94,67,Highly Ready
73,100,9,12,40,93,71,88,96,55,60,Highly Ready
54,48,17,12,56,73,70,32,97,76,50,Moderately Ready
82,49,0,12,13,67,43,94,55,51,67,Moderately Ready
82,49,10,0,24,69,30,71,52,50,42,Needs Improvement
65,79,20,0,24,97,65,51,100,78,98,Highly Ready
51,61,0,0,100,28,39,38,60,51,56,Needs Improvement
74,66,11,8,69,66,98,81,96,64,58,Moderately Ready
56,60,14,8,100,71,66,48,59,53,30,Needs Improvement
43,23,0,10,100,32,41,14,71,45,68,Needs Improvement
95,94,3,7,55,70,79,50,67,61,61,Highly Ready
95,66,0,0,47,80,90,53,69,66,100,Highly Ready
100,52,1,0,41,92,82,58,100,72,89,Highly Ready
75,84,7,1,14,71,70,98,75,68,63,Highly Ready
72,70,0,6,41,88,86,60,92,72,50,Moderately Ready
40,71,11,6,50,47,68,35,53,68,43,Moderately Ready
75,76,0,1,81,72,91,62,83,88,60,Highly Ready
51,16,4,12,86,19,43,39,19,39,36,Not Ready Yet
47,76,5,0,22,73,44,35,63,94,82,Moderately Ready
1,29,0,10,84,26,57,9,54,57,24,Not Ready Yet
36,29,18,5,77,66,35,32,57,61,49,Needs Improvement
78,48,0,0,48,76,16,99,78,80,49,Moderately Ready
13,23,2,2,2,2,15,40,33,43,12,Not Ready Yet
79,72,6,5,60,75,87,100,88,67,73,Highly Ready
97,80,4,0,72,91,94,83,91,67,90,Highly Ready
28,34,12,12,28,41,31,25,34,35,63,Needs Improvement
82,74,8,9,69,51,34,62,56,53,92,Highly Ready
43,30,8,0,14,78,66,22,60,79,51,Moderately Ready
23,42,20,12,57,7,34,36,51,20,13,Not Ready Yet
34,24,20,0,79,62,54,27,39,27,29,Needs Improvement
54,55,0,0,47,62,88,74,41,78,70,Moderately Ready
66,63,14,12,100,68,96,60,92,72,81,Highly Ready
100,100,8,0,9,93,91,70,71,81,75,Highly Ready
79,50,11,2,70,61,43,47,86,61,60,Moderately Ready
54,57,10,0,48,67,42,67,43,37,55,Needs Improvement
68,87,10,0,52,51,67,66,68,59,64,Moderately Ready
34,17,10,9,25,29,25,27,26,54,3,Not Ready Yet
21,40,3,8,81,9,20,20,39,42,28,Not Ready Yet
41,57,18,7,83,6,49,44,66,40,40,Needs Improvement
32,18,15,4,22,16,28,43,33,51,0,Not Ready Yet
45,52,20,0,72,81,59,76,71,77,71,Moderately Ready
74,66,6,0,61,63,100,76,71,80,80,Highly Ready
64,68,3,0,45,47,82,32,81,42,56,Moderately Ready
64,45,5,12,33,73,62,91,67,70,98,Moderately Ready
78,49,7,0,41,65,95,45,73,78,67,Moderately Ready
45,40,0,8,82,25,26,38,64,49,37,Needs Improvement
44,43,0,4,23,73,27,69,55,90,44,Needs Improvement
38,26,3,8,48,48,31,26,64,44,49,Not Ready Yet
29,11,20,0,53,47,29,20,38,8,6,Not Ready Yet
66,19,15,0,5,54,24,47,46,43,39,Needs Improvement
92,35,20,0,14,80,68,30,69,73,40,Highly Ready
14,57,12,4,12,33,62,45,31,51,32,Needs Improvement
73,56,13,2,0,51,50,40,56,74,66,Moderately Ready
2,21,13,0,40,27,0,42,13,43,7,Not Ready Yet
49,84,20,0,53,54,50,52,55,56,93,Needs Improvement
93,46,0,3,74,48,34,67,63,54,55,Moderately Ready
64,68,1,12,32,98,46,72,71,81,71,Highly Ready
27,45,16,0,78,30,46,25,49,17,46,Not Ready Yet
55,67,10,0,44,72,52,61,55,66,69,Moderately Ready
84,41,0,0,68,74,86,82,93,56,67,Moderately Ready
72,87,2,5,9,66,73,65,99,78,93,Highly Ready
65,69,0,1,60,70,32,67,49,89,39,Moderately Ready
95,63,20,4,33,100,63,74,78,90,85,Highly Ready
53,52,0,8,12,32,19,33,54,39,69,Needs Improvement
32,34,14,8,56,31,0,0,48,45,36,Not Ready Yet
32,69,20,11,100,38,43,42,67,60,61,Moderately Ready
54,52,4,4,76,21,17,67,78,41,55,Moderately Ready
50,39,8,7,78,55,43,31,79,28,52,Needs Improvement
84,80,0,7,57,76,91,36,77,91,83,Highly Ready
79,46,0,11,82,64,30,53,49,100,50,Moderately Ready
64,80,0,0,100,71,82,74,100,89,89,Highly Ready
76,66,16,10,0,89,33,33,45,62,52,Moderately Ready
74,51,2,4,1,84,71,58,62,75,75,Moderately Ready
73,68,3,0,17,70,79,100,79,99,66,Highly Ready
59,13,13,12,0,23,32,9,53,11,44,Not Ready Yet
92,78,1,0,76,54,66,65,75,86,83,Highly Ready
78,79,0,5,77,69,98,56,80,100,74,Highly Ready
22,33,20,12,35,38,35,21,54,42,43,Not Ready Yet
18,1,10,4,31,12,19,29,17,15,7,Not Ready Yet
65,61,1,0,19,62,83,28,49,84,71,Moderately Ready
19,23,7,6,58,14,54,10,35,44,27,Not Ready Yet
23,28,13,4,64,31,28,45,22,27,27,Not Ready Yet
10,6,14,12,96,20,39,20,39,64,49,Not Ready Yet
64,40,2,2,61,70,47,42,65,25,76,Needs Improvement
28,24,20,9,91,47,22,13,29,14,21,Not Ready Yet
24,26,18,0,24,33,52,47,58,41,47,Needs Improvement
51,31,20,6,50,24,23,43,33,46,45,Needs Improvement
44,56,9,8,77,61,29,8,68,47,34,Moderately Ready
76,78,10,11,25,87,57,46,87,67,80,Highly Ready
37,53,6,0,13,51,35,44,69,67,70,Needs Improvement
49,86,20,6,10,89,68,41,36,71,52,Moderately Ready
49,17,20,5,94,39,11,46,58,8,22,Needs Improvement
68,100,8,0,18,82,39,81,83,71,100,Highly Ready
31,5,2,0,36,23,10,53,58,11,47,Not Ready Yet
81,100,10,8,15,78,80,89,98,54,81,Highly Ready
48,71,11,7,57,51,54,32,79,71,74,Moderately Ready
36,16,11,8,19,28,0,0,52,5,48,Not Ready Yet
50,19,15,0,84,30,36,45,42,28,20,Not Ready Yet
87,9,14,8,82,36,45,28,49,29,45,Needs Improvement
65,55,20,0,67,51,48,64,49,33,39,Needs Improvement
51,60,8,0,60,52,45,31,70,29,85,Moderately Ready
48,80,8,2,76,68,75,49,46,54,67,Moderately Ready
66,96,11,12,62,85,99,95,91,89,94,Highly Ready
85,49,0,12,82,67,45,100,69,84,66,Moderately Ready
83,91,0,0,50,83,87,67,100,93,79,Highly Ready
92,100,0,0,84,61,99,75,79,67,93,Highly Ready
38,45,3,11,14,31,11,33,74,62,28,Not Ready Yet
38,60,15,12,100,53,43,48,77,52,63,Moderately Ready
70,79,16,7,26,98,64,100,69,65,72,Highly Ready
44,50,20,0,26,76,36,27,55,47,56,Needs Improvement
59,54,20,2,54,49,67,25,64,40,59,Needs Improvement
69,80,0,10,2,100,47,46,100,66,87,Highly Ready
44,40,19,8,10,33,23,13,54,20,56,Not Ready Yet
81,100,5,2,50,100,54,70,77,85,78,Highly Ready
38,49,11,7,83,47,55,39,51,52,17,Needs Improvement
54,53,11,0,16,88,28,49,58,65,81,Moderately Ready
77,69,15,5,1,100,39,32,91,40,86,Moderately Ready
82,81,3,9,65,81,71,88,51,89,83,Highly Ready
46,68,15,4,66,57,32,38,54,62,65,Highly Ready
32,30,20,9,26,15,20,18,43,15,49,Not Ready Yet
77,67,0,8,25,62,28,33,71,75,56,Moderately Ready
13,0,4,12,28,0,6,12,27,26,27,Not Ready Yet
68,67,9,0,39,53,79,71,56,42,77,Needs Improvement
59,37,18,0,41,58,38,40,59,65,31,Needs Improvement
64,55,14,11,33,69,39,41,62,55,47,Moderately Ready
54,51,2,0,76,55,40,77,51,66,84,Moderately Ready
59,19,20,4,96,47,67,50,46,37,51,Needs Improvement
68,65,9,1,0,49,47,28,60,53,74,Moderately Ready
62,20,11,0,35,36,55,44,60,32,56,Needs Improvement
81,62,12,0,57,65,100,71,68,71,94,Highly Ready
52,85,7,5,13,72,74,65,72,66,71,Moderately Ready
66,71,0,4,44,60,93,58,62,53,44,Moderately Ready
73,54,0,12,83,85,61,71,96,73,80,Highly Ready
7,21,10,12,33,26,2,38,9,39,36,Not Ready Yet
69,67,6,6,50,77,70,32,74,73,55,Moderately Ready
46,50,11,12,1,45,64,44,63,31,50,Needs Improvement
90,86,0,9,51,63,44,85,93,75,63,Highly Ready
59,58,0,0,87,56,69,93,97,85,77,Highly Ready
54,13,20,6,0,24,18,8,12,19,23,Not Ready Yet
42,54,19,12,75,28,54,25,65,10,46,Needs Improvement
39,47,20,0,25,20,28,20,48,35,57,Needs Improvement
47,15,16,7,95,25,36,43,19,31,25,Not Ready Yet
16,52,8,0,27,38,28,46,57,63,27,Needs Improvement
44,45,0,0,48,57,60,26,55,49,52,Moderately Ready
100,100,10,0,35,81,71,52,100,88,70,Moderately Ready
94,90,0,8,74,91,82,48,96,82,75,Highly Ready
39,1,0,9,10,34,3,25,55,25,28,Not Ready Yet
56,36,3,0,49,77,32,33,90,68,57,Moderately Ready
42,25,4,12,37,15,46,17,34,33,38,Not Ready Yet
87,66,0,0,81,41,60,61,73,76,36,Moderately Ready
90,93,3,0,15,59,63,38,80,97,85,Highly Ready
87,63,6,12,60,78,42,76,55,97,58,Moderately Ready
74,77,7,11,64,94,58,81,100,97,76,Highly Ready
72,72,0,4,85,81,80,95,72,86,87,Moderately Ready
26,40,0,3,41,11,43,0,42,56,63,Not Ready Yet
43,86,0,2,65,59,75,81,60,58,66,Moderately Ready
30,10,16,9,23,2,38,0,44,29,43,Needs Improvement
70,61,7,0,95,97,82,60,78,46,75,Highly Ready
48,68,0,0,89,38,71,71,61,70,66,Moderately Ready
76,47,10,11,28,45,46,58,91,51,68,Moderately Ready
73,60,10,7,27,52,69,89,57,72,68,Moderately Ready
53,65,20,0,87,77,71,71,88,42,97,Moderately Ready
56,55,6,0,90,65,52,24,57,26,29,Needs Improvement
62,100,2,0,11,74,58,38,100,93,83,Highly Ready
91,100,0,0,88,100,46,45,96,100,77,Highly Ready
94,86,5,0,30,75,89,90,99,91,87,Highly Ready
9,27,15,12,64,17,42,42,31,9,50,Not Ready Yet
49,56,0,0,65,71,56,57,64,68,81,Moderately Ready
56,30,19,0,28,37,38,31,78,44,55,Needs Improvement
66,67,10,1,71,56,67,88,64,64,56,Moderately Ready
84,67,10,0,97,68,80,75,71,69,90,Highly Ready
81,100,5,4,12,78,63,37,65,69,85,Highly Ready
86,57,8,5,23,52,25,64,78,55,76,Moderately Ready
89,81,0,0,36,75,67,48,80,48,90,Highly Ready
99,96,10,5,43,71,58,83,75,96,69,Highly Ready
68,42,4,12,0,37,22,32,32,42,52,Needs Improvement
36,17,6,7,69,19,30,46,55,50,37,Not Ready Yet
38,39,3,7,36,68,58,77,64,55,60,Moderately Ready
14,37,11,0,75,16,21,19,60,36,33,Needs Improvement
34,31,19,6,79,50,66,13,70,64,52,Needs Improvement
99,86,5,0,20,65,62,72,84,77,81,Highly Ready
22,27,15,0,32,36,37,11,47,36,36,Not Ready Yet
86,71,0,0,67,66,54,100,60,77,85,Highly Ready
92,98,10,0,99,65,60,76,60,56,88,Highly Ready
89,53,2,10,25,51,54,35,61,65,62,Moderately Ready
54,42,4,0,35,57,45,47,43,39,31,Needs Improvement
82,73,0,2,48,57,91,78,93,51,86,Highly Ready
90,64,14,0,28,81,52,67,72,53,71,Moderately Ready
96,100,6,8,41,64,70,35,100,66,86,Highly Ready
64,80,16,0,0,60,63,52,76,98,77,Moderately Ready
61,57,12,3,45,62,52,90,54,69,77,Moderately Ready
82,80,0,4,49,71,57,49,56,64,66,Moderately Ready
63,60,0,6,21,87,28,57,65,83,90,Highly Ready
51,25,15,6,88,41,33,34,14,30,53,Not Ready Yet
64,91,2,10,38,100,55,45,74,59,87,Highly Ready
33,51,0,0,49,24,50,40,65,62,35,Moderately Ready
76,71,12,3,78,82,100,34,60,58,68,Moderately Ready
100,92,0,4,35,88,63,79,100,75,80,Highly Ready
73,47,0,0,6,93,40,65,73,91,74,Moderately Ready
34,29,17,1,99,9,7,24,38,7,39,Not Ready Yet
75,79,0,12,25,71,83,100,53,96,61,Highly Ready
11,32,16,11,8,49,17,25,39,24,41,Not Ready Yet
59,47,5,11,72,43,12,58,76,40,42,Needs Improvement
97,80,0,0,55,80,100,70,80,64,96,Highly Ready
76,56,1,12,88,71,55,74,93,64,70,Highly Ready
43,37,9,9,94,34,27,39,36,6,53,Not Ready Yet
57,41,0,12,85,57,55,41,62,30,57,Needs Improvement
10,48,20,4,62,22,43,2,12,32,42,Not Ready Yet
86,100,5,1,14,72,55,85,92,66,100,Highly Ready
70,47,12,8,84,75,84,36,66,76,53,Moderately Ready
52,54,2,0,66,66,64,24,58,78,80,Moderately Ready
73,86,0,2,74,63,85,83,90,64,74,Highly Ready
34,36,0,12,69,60,43,42,42,19,34,Needs Improvement
16,36,18,0,20,10,30,44,37,19,19,Not Ready Yet
51,53,2,11,0,50,33,50,87,36,57,Needs Improvement
87,54,7,9,39,79,91,85,93,73,82,Highly Ready
76,76,9,0,65,86,52,52,69,68,77,Highly Ready
66,42,15,0,3,67,70,54,36,70,89,Moderately Ready
82,87,2,2,10,78,61,87,83,67,65,Highly Ready
73,66,0,1,30,51,59,80,65,40,39,Moderately Ready
69,60,7,0,11,75,36,51,55,91,79,Moderately Ready
48,76,0,0,86,60,28,69,80,47,59,Moderately Ready
84,36,5,12,80,81,81,82,98,42,90,Moderately Ready
23,0,17,3,50,34,43,14,52,38,62,Not Ready Yet
41,38,0,0,20,25,9,36,44,22,21,Not Ready Yet
75,66,0,0,31,52,44,68,81,58,83,Moderately Ready
42,46,14,8,36,31,54,1,48,38,36,Needs Improvement
77,89,7,5,70,34,71,78,57,52,64,Moderately Ready
59,39,13,0,48,39,46,42,49,10,33,Needs Improvement
71,75,14,7,71,41,53,62,79,69,91,Highly Ready
96,75,0,12,80,83,59,84,80,74,58,Highly Ready
36,35,12,9,53,45,26,25,16,49,51,Not Ready Yet
45,54,0,0,5,59,35,40,72,44,71,Moderately Ready
52,54,0,11,57,53,64,37,94,73,85,Moderately Ready
72,84,0,7,73,82,95,93,79,50,73,Highly Ready
52,63,4,3,46,63,13,47,65,37,39,Needs Improvement
20,10,9,2,35,17,31,7,47,40,18,Not Ready Yet
81,42,0,0,82,80,45,58,45,47,79,Moderately Ready
85,81,10,2,22,65,94,100,72,87,100,Highly Ready
13,8,7,0,42,52,19,3,44,32,14,Not Ready Yet
78,73,3,0,88,42,74,57,52,37,87,Moderately Ready
21,8,20,12,67,31,0,0,42,15,26,Not Ready Yet
5,16,7,12,77,24,26,8,25,19,41,Not Ready Yet
11,27,16,5,40,51,8,31,39,24,17,Not Ready Yet
80,83,1,3,73,79,95,52,83,90,57,Highly Ready
57,61,16,0,24,79,62,44,71,72,79,Moderately Ready
66,83,5,0,18,78,90,58,64,83,62,Highly Ready
45,45,20,7,81,59,21,31,34,37,48,Needs Improvement
65,39,0,0,77,64,53,72,78,79,63,Moderately Ready
20,36,7,0,48,35,44,21,75,65,71,Needs Improvement
51,40,13,0,35,83,61,52,65,71,64,Moderately Ready
71,48,20,12,60,35,10,23,71,28,43,Needs Improvement
58,42,20,3,8,52,50,83,51,71,55,Moderately Ready
96,67,0,9,35,83,56,98,64,54,100,Highly Ready
77,57,10,0,22,87,84,89,76,69,64,Highly Ready
30,63,16,12,50,27,20,50,37,36,63,Needs Improvement
29,21,4,12,65,5,4,48,22,16,19,Not Ready Yet
81,77,3,5,66,77,54,66,52,80,51,Highly Ready
52,73,10,0,69,68,78,60,62,64,74,Moderately Ready
42,51,7,0,43,45,62,31,90,77,84,Moderately Ready
68,85,0,9,80,83,96,76,94,75,44,Highly Ready
81,85,7,9,0,57,52,42,69,81,52,Moderately Ready
14,0,18,12,47,26,27,21,31,8,8,Not Ready Yet
67,64,12,2,20,75,95,89,85,94,81,Highly Ready
59,93,5,2,72,89,66,60,74,95,52,Highly Ready
84,69,10,0,43,75,49,51,74,77,99,Moderately Ready
13,12,0,12,75,14,19,42,41,28,53,Not Ready Yet
16,38,7,9,84,7,1,21,50,16,37,Not Ready Yet
91,68,20,0,83,63,56,69,85,69,57,Highly Ready
67,59,4,8,26,67,93,89,88,86,80,Highly Ready
23,27,20,1,100,27,28,40,14,35,24,Not Ready Yet
30,20,0,12,44,40,27,9,47,23,10,Not Ready Yet
63,39,4,0,51,31,39,70,76,63,82,Moderately Ready
38,55,20,12,100,49,52,30,63,53,31,Needs Improvement
34,55,11,12,52,54,54,31,64,23,43,Needs Improvement
97,100,0,5,17,74,99,74,74,94,72,Highly Ready
44,82,7,3,81,56,40,61,80,45,79,Moderately Ready
52,60,9,0,30,80,53,67,82,84,58,Moderately Ready
69,83,5,3,0,66,74,100,72,84,77,Highly Ready
54,70,4,0,76,88,67,71,48,79,37,Moderately Ready
35,21,20,3,89,33,18,38,52,54,27,Needs Improvement
42,6,8,11,13,24,28,41,36,49,19,Needs Improvement
20,50,19,10,3,69,55,35,56,31,58,Needs Improvement
59,27,0,5,11,20,43,59,60,25,57,Needs Improvement
32,10,14,0,36,43,13,20,28,56,14,Not Ready Yet
48,43,20,4,78,53,54,39,68,61,24,Needs Improvement
36,17,0,11,80,33,29,30,49,23,10,Not Ready Yet
46,53,1,12,68,42,47,78,70,59,70,Moderately Ready
76,50,9,0,0,63,56,40,63,59,90,Moderately Ready
23,0,20,12,44,14,22,21,16,24,10,Not Ready Yet
58,62,6,10,66,62,48,92,73,79,72,Moderately Ready
29,11,20,0,25,20,0,1,68,26,46,Not Ready Yet
72,77,0,0,79,88,72,59,100,74,91,Highly Ready
100,69,0,1,3,93,70,41,91,80,100,Highly Ready
89,83,2,0,93,73,87,100,94,100,97,Highly Ready
78,92,13,7,75,62,51,52,100,79,93,Highly Ready
65,96,7,1,4,93,85,66,64,71,52,Moderately Ready
60,55,4,1,50,39,42,26,79,59,54,Needs Improvement
24,21,20,8,73,39,33,24,50,33,26,Not Ready Yet
46,23,10,7,31,54,49,37,63,43,32,Needs Improvement
99,77,10,0,83,93,50,43,85,74,70,Highly Ready
23,21,6,1,17,47,46,56,37,29,30,Not Ready Yet
3,22,14,6,58,24,35,34,21,48,30,Needs Improvement
51,44,17,11,64,54,21,31,40,46,60,Needs Improvement
16,11,17,0,97,29,40,35,41,33,25,Not Ready Yet
55,44,13,6,76,66,84,84,75,59,55,Moderately Ready
22,4,0,0,38,32,29,5,29,40,24,Not Ready Yet
63,48,7,0,31,78,83,78,86,67,48,Moderately Ready
12,21,11,12,24,14,6,19,41,10,7,Not Ready Yet
79,100,0,0,56,98,48,85,51,60,82,Highly Ready
61,94,0,0,32,69,72,91,83,74,64,Highly Ready
13,19,6,12,14,18,21,3,7,31,21,Not Ready Yet
66,44,20,3,90,25,26,46,45,29,40,Moderately Ready
35,32,12,6,38,22,24,46,14,65,30,Not Ready Yet
33,0,6,11,81,40,13,0,35,32,24,Not Ready Yet
8,8,20,8,18,29,12,14,59,38,51,Not Ready Yet
76,90,0,6,79,72,50,80,83,74,69,Highly Ready
65,72,3,3,53,67,36,41,68,65,56,Moderately Ready
49,52,13,3,40,67,82,72,73,62,44,Moderately Ready
55,53,12,12,30,55,76,42,81,63,73,Moderately Ready
85,78,14,0,66,86,71,72,90,69,95,Highly Ready
87,94,0,3,63,55,82,70,78,62,71,Highly Ready
13,0,20,5,31,9,25,21,55,57,24,Not Ready Yet
25,31,11,0,26,44,51,20,28,56,26,Not Ready Yet
83,100,2,3,100,90,29,57,96,78,100,Highly Ready
6,0,17,0,8,18,22,47,6,43,32,Not Ready Yet
47,51,9,1,22,41,69,48,67,77,48,Needs Improvement
98,70,0,4,13,86,73,74,96,100,80,Highly Ready
69,45,3,12,89,58,38,40,44,55,34,Needs Improvement
51,76,10,0,65,67,41,54,74,72,71,Moderately Ready
20,13,9,4,100,42,17,30,11,40,2,Not Ready Yet
88,70,0,2,58,36,71,100,68,56,91,Moderately Ready
65,84,5,12,43,72,20,75,85,72,62,Moderately Ready
18,37,4,12,96,49,40,40,32,35,40,Not Ready Yet
74,48,8,12,35,85,22,32,76,97,73,Moderately Ready
73,89,0,1,31,42,63,42,62,86,59,Moderately Ready
21,22,6,8,69,29,3,18,6,15,51,Not Ready Yet
48,57,4,5,45,35,31,52,60,49,42,Needs Improvement
72,87,0,5,39,59,85,67,70,65,98,Highly Ready
58,68,14,0,100,60,37,56,54,66,39,Moderately Ready
100,94,3,2,90,88,94,56,66,68,91,Highly Ready
52,34,10,12,27,13,29,28,28,23,37,Not Ready Yet
62,54,6,7,69,63,77,70,53,45,60,Needs Improvement
81,97,0,0,80,93,46,61,97,97,100,Highly Ready
61,17,2,0,41,37,33,31,48,48,44,Needs Improvement
73,80,0,1,100,85,47,75,54,61,80,Moderately Ready
13,45,7,6,41,38,21,16,51,47,54,Needs Improvement
68,49,4,0,44,57,81,68,96,61,86,Moderately Ready
89,57,9,0,87,97,94,100,100,62,63,Highly Ready
22,9,14,6,91,37,41,75,45,52,65,Needs Improvement
74,64,10,3,96,58,72,87,72,90,84,Moderately Ready
35,51,12,5,62,61,52,23,68,32,31,Needs Improvement
74,94,5,12,8,59,39,35,65,52,68,Moderately Ready
57,85,0,0,41,82,52,80,100,69,99,Highly Ready
75,63,0,10,59,86,64,98,88,62,96,Highly Ready
15,24,9,12,27,21,42,0,36,36,38,Not Ready Yet
100,62,14,0,0,73,81,57,93,88,100,Highly Ready
82,100,0,12,98,100,95,77,78,95,73,Highly Ready
90,96,8,0,38,84,100,60,70,81,92,Highly Ready
82,75,0,12,51,88,84,59,76,98,79,Highly Ready
86,68,10,8,54,92,73,98,100,74,66,Highly Ready
72,47,7,0,59,51,53,69,66,69,48,Moderately Ready
62,48,20,10,46,44,69,23,50,56,47,Needs Improvement
50,68,11,6,62,62,46,62,79,38,78,Moderately Ready
39,11,4,12,18,47,0,0,31,18,27,Needs Improvement
50,68,9,10,55,63,78,93,67,52,48,Moderately Ready
33,0,20,0,89,3,26,42,18,47,27,Not Ready Yet
59,71,1,11,83,63,55,73,100,95,59,Highly Ready
82,72,8,6,34,96,91,77,73,70,74,Highly Ready
98,99,7,0,41,53,62,82,87,82,99,Highly Ready
13,15,20,0,33,46,25,49,45,12,37,Not Ready Yet
40,51,11,12,63,62,73,66,51,42,54,Moderately Ready
84,88,0,0,17,94,71,90,87,50,73,Highly Ready
43,50,11,12,21,48,34,55,44,60,46,Needs Improvement
7,7,5,12,17,15,34,12,24,19,23,Not Ready Yet
0,16,20,2,100,25,10,44,43,46,32,Not Ready Yet
74,74,11,7,85,72,79,70,79,59,73,Highly Ready
67,63,0,4,39,56,98,100,100,53,96,Highly Ready
17,21,0,1,47,46,22,0,15,10,37,Needs Improvement
48,44,6,0,48,95,76,84,66,59,70,Moderately Ready
35,50,8,12,66,49,21,39,50,49,29,Moderately Ready
23,39,1,0,45,40,53,14,46,46,46,Needs Improvement
6,19,16,12,90,5,15,44,34,11,21,Not Ready Yet
24,66,17,12,5,65,52,48,39,20,50,Needs Improvement
2,4,15,12,7,32,39,18,12,12,50,Not Ready Yet
73,52,0,10,60,71,53,76,49,45,69,Moderately Ready
47,44,7,0,100,64,62,72,58,71,69,Moderately Ready
29,37,0,0,33,57,38,72,80,52,86,Moderately Ready
62,48,9,4,92,37,34,21,57,64,50,Moderately Ready
43,25,5,12,5,24,39,41,32,45,18,Not Ready Yet
29,6,20,1,0,37,27,38,25,6,19,Not Ready Yet
17,38,3,9,13,33,4,38,46,23,33,Not Ready Yet
40,52,20,12,17,34,54,10,47,58,57,Needs Improvement
77,59,0,7,90,88,69,71,96,94,77,Highly Ready
45,35,12,1,82,67,11,34,51,19,23,Needs Improvement
91,67,19,2,88,88,76,94,63,62,74,Needs Improvement
42,79,7,0,73,59,56,84,41,56,48,Moderately Ready
27,35,11,0,69,71,27,42,42,37,28,Needs Improvement
51,47,15,0,19,64,42,69,92,92,62,Moderately Ready
82,100,0,2,84,79,28,82,87,90,81,Highly Ready
48,60,2,6,25,75,79,34,57,84,86,Moderately Ready
19,34,9,0,69,48,18,59,54,43,66,Needs Improvement
74,64,10,0,71,88,62,40,73,59,96,Highly Ready
89,82,20,12,81,85,83,89,93,93,91,Highly Ready
62,100,0,0,88,59,65,76,100,95,80,Highly Ready
87,97,2,12,74,66,92,68,62,81,89,Highly Ready
69,52,18,0,33,98,57,59,43,66,72,Moderately Ready
49,53,2,0,52,68,61,41,47,39,70,Moderately Ready
5,7,20,11,15,32,3,31,49,46,45,Not Ready Yet
83,72,0,3,86,77,27,60,73,67,47,Highly Ready
78,86,14,9,100,59,58,69,58,61,60,Highly Ready
66,43,9,4,90,50,41,31,56,58,54,Needs Improvement
48,45,7,0,76,13,51,20,52,60,47,Needs Improvement
91,99,0,0,59,85,88,82,89,98,99,Highly Ready
16,11,19,8,68,72,52,68,47,35,36,Needs Improvement
25,8,20,1,100,35,11,36,21,45,31,Not Ready Yet
83,69,0,7,87,58,79,98,88,49,64,Highly Ready
50,43,9,12,47,35,59,61,58,33,25,Needs Improvement
72,83,0,12,29,55,59,97,81,93,46,Moderately Ready
20,15,20,0,73,8,7,1,43,32,14,Not Ready Yet
97,70,8,5,71,84,91,83,91,58,85,Highly Ready
57,68,4,5,59,85,38,90,68,83,61,Moderately Ready
39,28,16,12,99,31,54,37,49,23,50,Not Ready Yet
76,82,0,0,1,94,72,47,94,100,88,Highly Ready
82,89,13,4,19,62,88,65,81,96,85,Highly Ready
58,48,2,0,64,25,28,21,79,35,38,Needs Improvement
96,79,0,0,100,100,74,90,98,61,66,Highly Ready
86,41,5,1,23,77,74,91,72,69,61,Moderately Ready
53,60,7,3,65,22,60,62,66,45,40,Needs Improvement
85,60,6,0,58,100,60,46,100,60,80,Moderately Ready
20,26,9,11,93,32,48,0,37,19,59,Not Ready Yet
95,79,0,9,70,85,51,100,83,93,88,Highly Ready
36,39,13,3,52,39,1,20,21,20,31,Not Ready Yet
49,25,3,1,1,33,35,27,51,57,13,Needs Improvement
74,74,6,0,15,44,65,45,64,58,72,Moderately Ready
46,23,4,12,90,32,73,39,81,53,58,Needs Improvement
77,73,12,0,67,55,70,79,100,89,80,Highly Ready
68,15,20,11,54,56,60,39,40,42,21,Needs Improvement
57,82,11,0,13,51,26,51,78,82,56,Moderately Ready
92,97,6,1,55,89,93,89,88,71,75,Highly Ready
19,9,17,0,27,60,41,4,34,18,50,Not Ready Yet
81,47,9,10,17,15,38,26,60,49,36,Needs Improvement
59,69,5,0,34,41,80,33,54,81,61,Moderately Ready
10,36,16,11,88,29,47,19,30,29,16,Not Ready Yet
16,50,12,12,67,23,16,8,38,49,33,Not Ready Yet
82,86,0,2,73,91,50,71,97,81,99,Moderately Ready
93,74,9,0,100,75,76,65,95,97,84,Highly Ready
38,52,1,12,16,58,41,28,88,50,55,Moderately Ready
97,77,2,0,61,100,96,86,80,71,93,Highly Ready
65,66,3,4,23,94,87,45,88,81,87,Highly Ready
34,28,20,10,46,31,7,6,46,10,18,Not Ready Yet
56,46,3,5,68,81,78,55,62,58,81,Moderately Ready
54,76,3,0,62,64,49,46,95,51,78,Moderately Ready
89,85,6,0,21,63,83,62,98,53,87,Highly Ready
98,80,2,0,96,75,77,50,80,67,97,Highly Ready
20,34,0,0,92,39,54,28,39,60,17,Needs Improvement
43,18,20,4,30,30,24,27,21,45,22,Not Ready Yet
97,100,4,4,77,96,52,40,64,70,73,Highly Ready
55,33,6,4,24,8,46,19,57,12,3,Not Ready Yet
78,87,0,0,46,65,83,92,91,81,81,Highly Ready
76,100,16,4,19,68,62,57,85,92,68,Highly Ready
100,82,0,0,100,92,67,84,86,88,94,Highly Ready
61,72,5,9,87,70,71,36,86,75,65,Moderately Ready
43,84,12,0,81,44,66,81,49,54,77,Moderately Ready
77,70,0,0,75,91,71,61,71,81,81,Highly Ready
84,62,20,12,51,43,36,34,38,63,84,Moderately Ready
100,87,8,0,74,100,80,79,87,87,77,Highly Ready
88,71,10,0,22,100,99,76,73,63,75,Highly Ready
89,64,6,6,91,76,49,52,65,81,50,Moderately Ready
44,68,0,4,52,49,62,55,67,49,53,Moderately Ready
24,14,7,12,100,34,17,19,53,47,15,Not Ready Yet
92,69,1,0,86,87,48,100,100,74,67,Highly Ready
96,67,0,3,78,87,81,92,76,100,51,Highly Ready
83,51,8,11,75,46,41,32,69,56,77,Moderately Ready
32,46,7,6,43,34,13,56,33,26,43,Needs Improvement
28,52,3,0,6,52,15,30,74,53,62,Needs Improvement
64,47,6,0,42,84,72,63,52,58,92,Moderately Ready
41,27,20,12,16,32,7,3,38,6,57,Not Ready Yet
54,61,1,5,20,66,53,32,55,84,81,Moderately Ready
85,72,5,7,31,80,55,90,93,100,83,Highly Ready
37,74,6,1,43,60,67,34,65,62,70,Moderately Ready
32,37,15,2,36,41,49,49,48,42,33,Needs Improvement
71,47,0,2,86,52,64,50,56,54,80,Moderately Ready
27,16,13,5,43,15,36,25,30,42,40,Not Ready Yet
48,5,20,12,91,21,5,25,33,47,35,Not Ready Yet
38,22,7,6,66,69,42,54,59,40,39,Needs Improvement
87,93,3,12,69,77,62,65,69,91,85,Moderately Ready
45,28,10,12,97,44,38,52,57,42,37,Needs Improvement
80,64,0,4,50,45,57,57,65,68,75,Moderately Ready
78,81,16,10,72,72,28,74,88,62,67,Moderately Ready
53,41,6,1,71,45,30,33,51,54,28,Needs Improvement
49,80,12,7,7,47,27,27,67,43,53,Moderately Ready
69,49,16,4,44,47,45,70,100,50,64,Moderately Ready
76,74,3,4,32,100,61,76,66,55,73,Highly Ready
20,58,9,12,80,49,45,54,48,45,39,Needs Improvement
49,44,9,8,0,51,49,48,47,52,51,Needs Improvement
32,56,12,0,42,60,41,28,38,65,46,Needs Improvement
74,92,4,12,20,55,49,56,73,56,77,Highly Ready
70,48,13,10,33,55,43,74,56,66,68,Moderately Ready
58,54,12,12,83,38,32,61,44,37,47,Needs Improvement
33,30,20,12,95,21,20,5,33,10,28,Not Ready Yet
61,77,0,11,16,52,84,42,100,94,72,Highly Ready
70,69,2,7,19,68,31,51,78,59,77,Moderately Ready
79,86,15,12,36,60,76,60,87,71,77,Highly Ready
86,78,5,0,49,55,69,53,100,99,87,Highly Ready
31,50,10,0,47,0,29,17,9,44,27,Not Ready Yet
94,92,0,2,63,76,64,52,75,47,83,Highly Ready
90,65,14,11,24,85,82,56,98,69,51,Highly Ready
39,74,15,3,34,75,73,34,58,53,78,Moderately Ready
88,88,18,1,34,68,68,78,93,76,73,Highly Ready
31,19,9,3,14,30,49,39,45,61,30,Needs Improvement
18,52,0,12,84,47,59,65,27,70,39,Needs Improvement
73,37,15,0,0,63,54,26,100,50,61,Moderately Ready
49,22,20,12,97,57,52,28,75,49,44,Needs Improvement
74,84,3,0,32,52,87,49,41,70,70,Moderately Ready
91,100,18,2,0,78,78,86,66,82,82,Highly Ready
60,64,10,0,53,56,74,43,51,66,71,Moderately Ready
0,36,20,12,29,26,4,4,39,23,30,Not Ready Yet
41,48,15,12,47,33,55,49,64,38,44,Needs Improvement
26,26,20,0,98,10,29,19,35,14,16,Not Ready Yet
55,69,2,9,14,71,43,38,53,48,51,Moderately Ready
21,68,16,2,5,37,35,32,70,40,46,Needs Improvement
36,17,0,12,24,46,48,15,35,30,48,Not Ready Yet
45,65,10,6,8,61,39,74,83,76,80,Moderately Ready
17,38,7,1,71,5,14,46,9,18,13,Not Ready Yet
3,9,20,12,15,32,29,47,34,0,51,Not Ready Yet
34,50,4,12,83,21,31,12,45,15,37,Not Ready Yet
74,46,0,0,29,89,83,51,94,54,69,Moderately Ready
28,15,10,7,20,22,18,23,43,26,39,Not Ready Yet
43,57,20,10,39,63,73,55,67,79,80,Moderately Ready
70,68,11,2,23,75,44,100,90,87,81,Highly Ready
83,75,0,2,75,67,100,92,90,80,97,Highly Ready
64,46,18,1,86,54,66,55,63,70,25,Moderately Ready
23,19,17,12,100,9,38,10,49,21,21,Not Ready Yet
55,67,3,0,48,48,62,57,59,63,66,Moderately Ready
49,67,8,0,31,60,51,73,73,61,74,Moderately Ready
94,96,8,5,2,67,88,51,87,82,65,Highly Ready
100,51,3,10,44,100,71,68,71,100,96,Highly Ready
92,64,8,12,69,52,58,41,83,99,93,Highly Ready
67,77,4,6,59,62,77,62,97,49,46,Moderately Ready
43,38,17,0,40,60,16,41,66,65,65,Needs Improvement
67,73,0,2,63,45,63,46,57,57,87,Moderately Ready
95,60,17,12,76,65,93,72,100,84,100,Highly Ready
52,75,20,3,96,39,55,42,37,28,13,Needs Improvement
24,33,18,4,87,18,4,3,32,21,48,Not Ready Yet
53,79,4,0,33,40,60,35,56,70,69,Moderately Ready
91,89,0,7,72,98,66,73,99,74,88,Highly Ready
33,47,5,4,0,39,27,6,50,60,33,Needs Improvement
11,33,13,2,89,64,45,41,53,70,37,Needs Improvement
43,65,0,0,24,56,43,52,57,55,31,Needs Improvement
89,69,13,5,60,62,47,53,60,86,90,Highly Ready
48,36,2,10,31,49,39,42,66,69,43,Needs Improvement
30,31,3,3,23,45,64,56,70,62,79,Needs Improvement
41,41,11,12,47,59,22,21,77,71,24,Needs Improvement
40,27,7,1,51,45,5,46,75,37,32,Needs Improvement
14,35,20,0,40,13,43,38,46,25,50,Needs Improvement
58,40,20,12,36,46,26,46,60,24,32,Needs Improvement
84,71,0,6,89,74,97,43,73,96,100,Highly Ready
75,72,20,0,10,73,71,93,72,50,68,Moderately Ready
96,84,2,6,88,85,94,54,57,59,87,Highly Ready
36,18,15,8,43,27,18,18,24,25,27,Not Ready Yet
47,29,20,12,18,9,17,10,35,42,41,Not Ready Yet
47,37,8,1,59,72,24,76,69,47,23,Needs Improvement
49,17,13,3,9,27,41,29,27,24,35,Not Ready Yet
36,7,20,0,79,36,39,63,50,35,35,Needs Improvement
54,1,19,12,65,45,1,22,37,39,24,Not Ready Yet
77,70,14,0,0,67,75,71,73,76,93,Highly Ready
25,0,8,6,16,34,14,49,24,26,12,Not Ready Yet
67,100,2,0,53,57,85,71,76,82,87,Highly Ready
94,87,0,0,59,65,59,78,94,96,56,Highly Ready
84,62,0,12,82,75,27,73,66,64,45,Moderately Ready
39,25,16,0,48,28,13,1,14,15,34,Not Ready Yet
41,27,8,1,93,33,23,23,56,49,46,Not Ready Yet
72,70,13,6,26,76,92,76,62,79,67,Moderately Ready
67,91,0,6,6,100,84,38,73,67,79,Highly Ready
69,78,0,0,17,73,82,66,62,81,69,Moderately Ready
0,40,20,10,0,40,39,17,45,48,23,Not Ready Yet
73,69,6,0,36,87,75,49,53,55,69,Moderately Ready
39,61,6,2,32,68,30,42,65,25,41,Needs Improvement
39,77,20,7,53,52,56,28,53,39,44,Needs Improvement
44,86,10,0,100,100,74,53,86,63,66,Moderately Ready
35,38,11,12,74,67,51,42,45,39,62,Needs Improvement
61,57,20,9,71,64,52,70,76,74,69,Moderately Ready
74,41,10,4,98,58,32,46,54,34,53,Needs Improvement
64,21,6,3,57,48,72,49,75,83,57,Moderately Ready
74,66,8,0,100,74,42,84,71,53,87,Moderately Ready
60,64,0,0,17,76,87,40,63,86,61,Moderately Ready
60,80,0,0,56,42,39,41,75,65,69,Moderately Ready
66,67,6,0,19,73,75,87,94,87,55,Highly Ready
46,35,19,4,4,51,36,42,74,59,32,Needs Improvement
59,33,19,4,31,48,26,38,50,46,27,Needs Improvement
25,58,20,3,48,34,43,39,56,33,47,Needs Improvement
98,69,10,8,57,89,48,100,64,49,88,Highly Ready
23,21,6,0,42,23,13,24,23,14,40,Not Ready Yet
73,70,8,12,96,56,43,72,62,52,68,Moderately Ready
72,71,12,12,64,72,58,60,56,89,79,Moderately Ready
24,53,8,0,11,45,53,13,55,28,57,Needs Improvement
30,29,11,12,75,58,54,26,74,43,43,Needs Improvement
39,59,8,12,98,57,41,13,70,31,33,Needs Improvement
22,19,10,0,90,0,43,39,15,24,41,Not Ready Yet
32,31,11,0,17,57,44,48,55,70,69,Needs Improvement
80,69,5,10,92,70,58,37,94,81,94,Highly Ready
87,40,6,8,87,91,43,30,68,57,60,Moderately Ready
60,67,7,2,23,62,70,65,59,54,81,Moderately Ready
81,64,2,0,41,83,100,72,59,94,67,Highly Ready
52,48,0,12,73,48,7,15,34,65,47,Needs Improvement
30,57,7,4,0,60,50,18,48,64,44,Needs Improvement
91,61,0,0,55,54,93,95,99,95,68,Highly Ready
70,74,10,12,14,98,32,41,69,57,69,Moderately Ready
81,75,5,7,43,81,49,84,71,57,76,Moderately Ready
91,97,0,0,46,100,69,78,80,90,82,Highly Ready
100,74,1,12,57,93,48,63,100,97,71,Highly Ready
75,100,2,0,40,89,100,60,82,91,73,Highly Ready
100,83,9,0,37,64,84,60,100,100,62,Highly Ready
25,19,11,3,65,35,55,0,48,43,0,Not Ready Yet
8,41,18,12,62,4,39,0,54,49,6,Needs Improvement
69,83,0,0,54,100,88,75,99,98,72,Highly Ready
100,67,8,3,47,85,75,56,77,88,100,Highly Ready
51,36,0,0,55,36,32,33,57,51,38,Needs Improvement
94,76,0,0,62,85,85,74,60,57,90,Highly Ready
43,62,16,0,11,43,28,37,39,64,24,Needs Improvement
100,80,0,5,29,86,66,62,91,97,94,Highly Ready
74,75,11,12,77,78,60,86,85,78,46,Moderately Ready
44,48,12,1,87,96,74,67,81,96,65,Moderately Ready
9,26,20,12,98,0,25,2,51,32,30,Not Ready Yet
38,36,7,4,84,40,59,1,14,25,7,Not Ready Yet
24,66,5,2,53,35,53,59,84,40,50,Needs Improvement
66,44,10,0,17,53,53,36,78,65,60,Moderately Ready
81,49,20,12,58,67,52,28,74,77,88,Moderately Ready
61,41,0,0,26,45,40,58,51,46,56,Moderately Ready
64,68,4,5,10,78,100,85,77,57,87,Highly Ready
67,76,4,0,7,51,34,82,71,63,87,Moderately Ready
60,78,14,9,78,73,76,93,94,83,93,Highly Ready
72,60,6,3,32,80,55,70,84,73,53,Highly Ready
69,49,0,6,78,94,65,56,72,70,50,Moderately Ready
28,24,19,1,2,15,28,2,58,27,17,Needs Improvement
79,54,6,0,26,49,27,75,47,38,35,Moderately Ready
83,62,0,0,63,69,91,61,70,65,100,Highly Ready
27,40,10,10,3,15,18,34,58,33,14,Not Ready Yet
46,76,12,8,0,86,64,45,63,79,50,Moderately Ready
38,29,1,12,17,57,29,66,68,35,36,Needs Improvement
26,28,0,12,85,39,43,5,18,23,8,Not Ready Yet
62,35,19,0,60,42,29,49,61,52,83,Needs Improvement
62,75,10,8,75,70,47,23,92,43,58,Moderately Ready
24,34,0,9,37,60,35,26,67,29,32,Needs Improvement
24,9,20,4,18,43,0,33,43,33,16,Not Ready Yet
80,72,4,0,80,100,73,83,81,76,100,Highly Ready
54,74,0,12,1,28,32,9,69,81,71,Needs Improvement
92,79,9,1,55,100,76,68,85,68,95,Highly Ready
83,84,7,0,81,75,79,87,80,63,77,Highly Ready
100,100,4,0,9,82,59,52,72,77,71,Highly Ready
100,77,0,7,85,69,36,38,88,56,77,Highly Ready
89,100,0,0,56,81,55,95,91,65,54,Highly Ready
29,15,12,12,76,53,32,59,71,50,35,Needs Improvement
38,68,11,0,45,41,14,35,67,43,43,Needs Improvement
72,57,9,1,28,65,77,96,80,58,72,Moderately Ready
30,16,11,12,34,49,29,26,65,64,39,Needs Improvement
33,17,4,8,6,30,29,52,33,33,34,Needs Improvement
60,85,1,0,12,96,99,49,72,70,85,Highly Ready
74,67,6,0,16,68,50,68,54,84,79,Highly Ready
70,88,0,1,81,43,71,36,53,53,83,Moderately Ready
39,19,19,10,13,7,10,39,22,46,42,Not Ready Yet
55,53,12,0,10,74,78,98,96,83,56,Highly Ready
55,44,2,2,25,48,33,27,59,51,57,Needs Improvement
23,33,8,12,67,11,35,41,39,28,17,Needs Improvement
94,77,0,0,96,100,60,70,79,91,92,Highly Ready
88,68,3,3,26,58,85,74,64,75,100,Highly Ready
67,68,0,0,15,57,42,79,88,69,92,Moderately Ready
15,20,20,12,58,36,29,23,55,24,32,Not Ready Yet
66,79,7,1,54,93,80,73,66,91,84,Moderately Ready
78,55,11,0,53,51,76,33,43,40,58,Moderately Ready
17,24,8,5,11,0,15,34,39,39,43,Not Ready Yet
35,16,11,6,5,15,26,26,44,39,50,Needs Improvement
66,37,4,12,17,30,32,23,59,36,52,Needs Improvement
70,82,0,4,52,34,60,24,59,66,69,Moderately Ready
23,33,6,7,1,27,32,3,38,18,43,Not Ready Yet
53,27,0,8,11,44,52,3,78,31,48,Moderately Ready
57,33,4,0,24,41,30,45,64,64,47,Moderately Ready
86,59,6,0,7,83,77,70,74,71,100,Highly Ready
42,55,19,0,26,36,56,40,39,51,68,Needs Improvement
64,65,0,12,100,100,54,80,86,71,56,Highly Ready
53,60,19,10,26,41,57,15,46,39,43,Needs Improvement
50,45,0,0,67,53,70,74,77,87,88,Moderately Ready
68,70,4,12,76,81,88,90,100,89,96,Highly Ready
78,80,10,3,90,41,51,43,79,85,78,Moderately Ready
89,68,5,5,38,86,40,63,72,85,91,Highly Ready
64,50,12,2,66,48,52,77,82,58,84,Highly Ready
38,84,14,12,40,40,51,46,68,40,58,Needs Improvement
78,100,0,5,0,72,71,88,76,50,77,Highly Ready
61,48,16,0,0,44,53,62,61,77,64,Highly Ready
76,100,0,12,73,56,27,66,81,62,76,Highly Ready
22,0,8,9,0,17,25,42,30,17,49,Not Ready Yet
100,51,10,0,86,77,100,70,82,82,84,Highly Ready
93,79,7,3,43,80,62,71,68,50,64,Moderately Ready
70,42,8,0,12,65,66,80,49,91,90,Highly Ready
33,42,20,3,85,4,37,29,13,23,37,Not Ready Yet
54,62,14,4,67,84,57,81,58,94,61,Moderately Ready
44,56,20,0,26,48,85,44,47,45,66,Moderately Ready
79,85,1,2,26,57,55,45,71,61,75,Moderately Ready
100,62,10,6,9,97,78,60,74,71,88,Highly Ready
77,94,3,1,33,72,52,66,76,86,60,Highly Ready
46,9,20,12,6,44,4,21,43,6,38,Not Ready Yet
59,65,10,3,9,80,31,60,92,57,52,Moderately Ready
67,83,5,12,86,99,77,56,78,55,44,Moderately Ready
63,56,0,0,10,49,73,73,49,83,72,Moderately Ready
58,68,3,0,19,50,38,22,66,52,58,Highly Ready
86,63,16,0,71,57,48,80,86,38,75,Moderately Ready
31,67,4,7,55,36,54,55,40,51,58,Not Ready Yet
45,43,10,4,42,49,22,51,65,57,46,Needs Improvement
59,39,10,0,51,48,69,37,67,52,73,Moderately Ready
18,0,18,1,45,44,25,0,31,57,55,Not Ready Yet
72,41,3,0,99,47,64,80,74,68,67,Moderately Ready
31,46,2,8,17,38,32,26,57,43,28,Not Ready Yet
100,57,0,8,90,76,57,91,100,74,72,Highly Ready
55,54,5,10,76,49,73,43,83,59,63,Moderately Ready
92,100,0,0,0,77,69,100,93,100,49,Highly Ready
25,16,20,12,55,22,30,28,32,19,12,Not Ready Yet
41,31,14,12,83,67,20,52,55,43,50,Needs Improvement
50,10,13,0,100,19,26,1,41,15,30,Not Ready Yet
41,79,4,0,71,65,61,26,52,59,58,Moderately Ready
52,49,10,0,40,65,76,73,55,73,37,Moderately Ready
18,36,5,0,66,27,44,28,33,57,21,Needs Improvement
33,29,1,4,41,34,21,22,25,37,32,Not Ready Yet
40,64,15,0,66,31,52,68,59,24,54,Needs Improvement
46,37,0,9,94,60,90,61,86,49,83,Moderately Ready
46,46,12,2,57,78,42,47,60,37,71,Needs Improvement
74,64,9,3,6,70,69,90,62,74,81,Moderately Ready
70,57,17,12,25,62,49,55,47,41,44,Needs Improvement
58,64,20,0,93,50,53,75,84,71,56,Moderately Ready
94,85,0,0,77,79,57,92,84,89,72,Highly Ready
23,9,20,11,50,49,6,35,34,20,17,Not Ready Yet
62,95,0,2,62,64,93,78,71,80,100,Highly Ready
52,66,9,10,62,40,47,50,64,89,68,Highly Ready
54,60,0,12,30,64,45,71,51,62,89,Highly Ready
48,41,4,0,93,40,26,64,66,35,77,Needs Improvement
50,37,11,0,76,46,41,36,38,42,31,Needs Improvement
68,75,11,0,93,72,72,88,83,90,68,Highly Ready
90,75,14,12,84,77,73,88,72,73,85,Highly Ready
58,83,17,2,57,81,36,24,84,58,81,Moderately Ready
88,59,0,0,37,79,38,95,69,91,89,Highly Ready
53,78,1,0,72,82,62,43,45,71,78,Moderately Ready
31,34,20,10,13,36,38,43,49,26,23,Not Ready Yet
34,37,6,12,3,51,30,9,58,43,18,Not Ready Yet
30,20,20,7,78,44,33,31,32,51,40,Not Ready Yet
56,47,14,12,15,52,54,38,77,48,64,Needs Improvement
80,76,4,12,22,76,44,92,76,87,99,Highly Ready
67,92,5,0,59,90,83,44,79,73,83,Highly Ready
58,100,0,12,46,68,77,63,96,57,53,Highly Ready
46,58,0,0,61,64,87,43,81,65,67,Moderately Ready
86,85,0,0,9,90,46,95,82,53,100,Highly Ready
55,61,10,7,35,86,55,56,74,77,63,Moderately Ready
72,50,3,0,44,62,67,70,94,94,66,Moderately Ready
53,53,14,3,4,58,71,55,71,66,84,Moderately Ready
98,76,4,0,30,88,46,57,77,91,74,Highly Ready
73,59,0,11,59,60,76,45,75,98,100,Highly Ready
64,92,11,0,63,69,71,100,73,100,100,Highly Ready
99,70,0,7,28,76,64,54,65,52,87,Highly Ready
26,32,0,0,83,36,57,30,43,60,24,Needs Improvement
29,84,0,0,3,46,40,53,98,77,69,Needs Improvement
74,100,5,0,76,82,77,67,67,84,92,Highly Ready
38,37,13,2,79,2,19,7,32,54,49,Not Ready Yet
22,22,6,9,21,42,49,18,67,23,71,Needs Improvement
40,24,7,0,86,34,7,41,34,20,46,Not Ready Yet
46,43,18,12,3,34,8,45,55,57,20,Needs Improvement
9,15,20,9,80,2,26,31,20,48,35,Not Ready Yet
25,0,13,10,53,32,3,33,49,28,50,Not Ready Yet
46,64,16,0,55,46,58,45,69,55,27,Needs Improvement
73,82,0,0,80,89,55,100,67,87,88,Highly Ready
71,76,16,9,42,43,71,71,88,69,57,Moderately Ready
43,9,7,6,2,15,37,8,49,15,20,Not Ready Yet
69,60,13,0,59,88,72,79,61,73,80,Highly Ready
77,84,6,9,71,80,82,71,72,70,86,Highly Ready
75,44,5,0,82,24,13,49,60,41,56,Needs Improvement
81,65,0,12,64,86,52,48,53,60,85,Moderately Ready
33,33,13,5,10,51,21,3,31,41,28,Not Ready Yet
75,44,6,12,82,74,51,75,94,55,66,Moderately Ready
54,78,0,1,61,63,49,72,78,86,60,Highly Ready
47,16,20,5,49,45,51,44,61,42,71,Needs Improvement
56,94,10,8,37,54,81,67,53,48,66,Moderately Ready
59,46,0,9,100,54,25,23,63,51,45,Needs Improvement
3,24,20,0,44,38,47,12,50,30,35,Not Ready Yet
55,51,17,2,27,61,36,71,67,44,71,Highly Ready
92,73,15,0,32,100,58,68,97,61,80,Highly Ready
97,90,0,4,24,77,60,54,87,93,87,Highly Ready
15,0,15,12,36,9,26,29,8,23,21,Not Ready Yet
41,37,4,12,31,66,17,47,40,38,57,Needs Improvement
63,37,20,10,32,60,35,35,79,58,42,Needs Improvement
31,54,20,5,100,37,8,19,39,18,31,Not Ready Yet
74,85,17,12,59,90,48,79,86,67,71,Highly Ready
53,51,7,12,80,73,50,59,43,92,41,Moderately Ready
54,26,12,12,89,38,56,38,72,24,39,Needs Improvement
58,67,6,0,70,81,97,82,57,50,73,Moderately Ready
44,56,11,1,89,41,60,30,43,27,7,Needs Improvement
85,96,11,4,0,84,48,39,93,81,84,Highly Ready
79,34,0,12,88,83,43,76,59,77,55,Moderately Ready
68,66,2,0,46,68,57,82,51,52,92,Highly Ready
100,100,0,5,84,90,88,68,67,94,56,Highly Ready
22,5,0,0,59,37,0,1,39,14,14,Not Ready Yet
87,60,0,1,74,92,99,64,82,71,77,Highly Ready
80,36,4,4,52,40,43,51,61,49,63,Needs Improvement
6,27,16,4,81,36,38,9,50,23,34,Not Ready Yet
17,72,8,0,72,60,19,25,63,65,57,Needs Improvement
49,84,3,10,50,40,38,56,94,54,92,Moderately Ready
67,56,0,12,0,46,29,44,82,22,36,Needs Improvement
55,64,16,12,73,39,80,85,54,47,83,Moderately Ready
57,65,9,0,59,72,56,100,70,65,96,Highly Ready
86,79,2,8,61,59,42,78,61,62,77,Highly Ready
3,27,17,9,14,31,23,14,61,39,35,Not Ready Yet
15,24,20,6,76,26,25,22,34,34,52,Not Ready Yet
34,20,20,12,0,41,22,34,16,11,34,Not Ready Yet
72,52,0,0,91,43,62,56,61,62,63,Moderately Ready
35,60,20,0,58,41,55,43,66,32,39,Needs Improvement
79,47,16,0,50,62,55,89,100,93,61,Moderately Ready
92,66,12,0,20,62,50,95,99,78,63,Highly Ready
76,80,18,12,72,81,82,59,61,66,55,Moderately Ready
41,48,0,10,9,67,31,67,53,70,79,Moderately Ready
46,95,9,0,23,56,28,39,78,56,46,Moderately Ready
42,34,0,10,0,62,38,10,65,42,66,Needs Improvement
31,8,12,7,28,10,17,33,38,52,29,Not Ready Yet
76,95,6,0,61,91,91,80,95,72,70,Highly Ready
70,62,7,0,41,57,44,79,82,75,62,Highly Ready
73,68,0,12,48,61,95,100,96,70,91,Highly Ready
98,71,13,5,14,72,87,70,63,49,100,Highly Ready
11,6,20,11,25,22,18,41,5,54,22,Not Ready Yet
63,40,4,9,14,65,49,85,100,82,57,Needs Improvement
72,66,12,0,63,73,31,56,61,49,65,Moderately Ready
94,54,9,0,25,89,82,90,100,69,89,Highly Ready
46,13,5,7,78,21,40,17,13,21,19,Not Ready Yet
98,100,0,0,77,59,85,87,59,61,99,Highly Ready
62,53,20,12,50,68,68,47,71,77,78,Moderately Ready
48,26,19,0,98,47,42,48,59,35,71,Needs Improvement
72,73,19,0,22,65,53,82,51,57,76,Needs Improvement
12,1,10,12,26,34,4,49,46,37,23,Not Ready Yet
64,37,13,12,34,57,47,30,70,61,28,Needs Improvement
88,59,9,9,93,86,75,75,97,87,100,Highly Ready
55,64,1,10,50,69,77,32,57,51,53,Moderately Ready
75,82,10,2,90,82,88,37,87,59,76,Highly Ready
44,45,13,2,63,57,37,62,42,36,48,Needs Improvement
32,41,16,2,20,21,50,70,41,33,40,Not Ready Yet
48,58,0,5,90,93,76,44,65,83,85,Moderately Ready
65,56,0,12,24,60,50,93,68,89,85,Highly Ready
72,77,12,0,68,76,43,77,75,76,100,Highly Ready
55,63,0,3,72,89,71,37,46,53,47,Moderately Ready
83,79,5,6,100,100,63,48,78,91,61,Highly Ready
56,34,6,3,59,58,43,14,40,43,62,Needs Improvement
4,37,7,12,79,28,38,20,33,27,35,Not Ready Yet
45,56,13,10,82,69,50,48,100,70,80,Highly Ready
69,72,4,1,54,69,100,72,80,98,88,Highly Ready
73,73,6,7,7,100,73,89,71,82,80,Highly Ready
55,62,15,0,36,68,39,52,37,71,19,Needs Improvement
54,73,0,0,17,61,52,37,83,48,90,Moderately Ready
47,14,12,3,54,32,0,16,44,6,14,Not Ready Yet
87,87,8,8,4,94,47,88,96,97,61,Highly Ready
52,59,19,12,54,4,19,15,68,43,39,Moderately Ready
25,28,6,0,92,31,30,15,34,49,44,Needs Improvement
73,71,7,6,75,68,60,57,92,63,95,Highly Ready
71,100,7,0,30,78,68,54,84,72,68,Highly Ready
56,49,12,12,82,49,16,32,82,55,62,Needs Improvement
32,25,15,3,74,14,0,0,31,42,34,Not Ready Yet
54,43,14,0,31,41,56,62,44,42,41,Needs Improvement
79,95,0,0,29,89,78,37,88,83,61,Highly Ready
100,81,0,0,30,94,46,90,66,87,87,Highly Ready
44,32,7,2,100,57,35,36,59,51,53,Needs Improvement
64,51,20,1,57,78,17,68,80,46,67,Moderately Ready
12,4,14,12,62,22,24,25,8,49,30,Not Ready Yet
77,55,5,0,70,94,70,76,63,52,84,Highly Ready
55,42,3,0,44,62,49,35,82,64,83,Moderately Ready
30,34,20,0,65,50,42,45,62,63,38,Not Ready Yet
27,40,11,5,75,50,61,28,38,32,79,Needs Improvement
20,44,0,0,100,50,46,46,59,41,66,Needs Improvement
22,26,0,1,0,30,41,50,81,76,36,Needs Improvement
48,48,20,1,85,38,68,2,70,58,63,Needs Improvement
22,74,18,0,61,66,26,42,52,71,28,Needs Improvement
100,72,0,11,31,100,67,80,75,100,66,Highly Ready
15,36,20,0,15,28,37,13,22,11,20,Not Ready Yet
63,63,20,0,7,46,39,39,56,32,31,Needs Improvement
59,44,0,12,81,48,44,29,52,31,52,Needs Improvement
67,53,19,12,2,53,44,66,77,87,53,Moderately Ready
73,57,0,0,45,48,65,50,85,56,74,Moderately Ready
83,82,13,0,80,67,68,100,94,66,78,Highly Ready
66,50,12,3,15,36,23,41,50,52,38,Needs Improvement
82,83,12,0,34,99,40,48,82,82,92,Highly Ready
1,8,14,3,84,20,47,24,32,12,53,Not Ready Yet
67,92,0,0,78,75,71,88,82,46,88,Highly Ready
30,17,20,12,29,24,30,64,37,46,30,Not Ready Yet
50,44,16,8,42,10,12,4,39,17,21,Not Ready Yet
30,36,0,12,71,62,24,57,52,42,21,Moderately Ready
39,91,3,0,74,47,71,72,87,95,79,Moderately Ready
1,4,0,9,11,21,21,40,49,23,39,Not Ready Yet
57,61,0,0,34,37,68,67,45,71,75,Moderately Ready
52,48,0,7,86,71,35,36,73,85,38,Moderately Ready
93,86,2,0,89,87,48,83,80,67,61,Moderately Ready
5,23,13,12,46,39,28,20,29,3,10,Not Ready Yet
100,80,8,4,26,88,49,92,66,84,91,Highly Ready
89,79,11,0,90,61,76,50,100,65,75,Highly Ready
80,77,20,0,87,68,45,78,98,65,61,Moderately Ready
82,88,0,8,40,65,47,66,86,79,58,Highly Ready
46,88,15,0,58,57,69,81,68,58,51,Moderately Ready
69,60,2,0,70,78,34,42,80,54,73,Moderately Ready
31,48,11,12,13,60,68,32,48,54,73,Needs Improvement
63,57,0,0,82,64,64,85,90,98,84,Moderately Ready
51,63,15,12,100,52,32,42,56,30,21,Not Ready Yet
80,88,8,0,98,65,54,53,55,63,57,Moderately Ready
63,56,18,0,54,47,66,40,36,32,55,Needs Improvement
84,88,4,0,36,92,60,59,77,77,79,Highly Ready
36,60,0,12,47,46,15,37,57,57,47,Needs Improvement
81,78,3,0,98,45,84,52,77,67,86,Moderately Ready
55,24,20,1,80,28,24,51,61,34,34,Needs Improvement
68,21,19,11,47,36,47,33,55,54,44,Needs Improvement
38,15,20,2,60,25,13,8,41,24,44,Not Ready Yet
73,23,11,0,89,22,36,25,25,60,32,Needs Improvement
30,79,19,2,88,50,28,30,70,32,63,Needs Improvement
90,74,2,1,35,72,74,47,94,66,83,Highly Ready
46,61,7,12,84,42,51,32,66,47,39,Needs Improvement
76,62,7,0,64,96,63,89,94,91,78,Highly Ready
63,45,0,0,40,39,38,41,25,31,57,Needs Improvement
73,100,0,0,78,70,40,51,72,86,65,Highly Ready
45,69,0,7,95,78,94,45,81,70,66,Moderately Ready
46,45,0,0,100,45,63,49,31,33,39,Needs Improvement
72,89,10,5,69,77,69,51,95,75,67,Moderately Ready
83,54,0,2,60,73,82,46,66,66,74,Needs Improvement
100,86,10,9,76,66,67,64,76,90,94,Highly Ready
37,36,12,0,26,48,38,40,63,54,56,Needs Improvement
55,56,6,11,85,37,66,59,71,58,47,Needs Improvement
31,9,2,8,39,11,46,38,1,35,15,Not Ready Yet
3,30,8,12,20,13,0,36,35,41,55,Not Ready Yet
88,65,0,6,92,63,65,37,91,64,65,Highly Ready
61,69,0,0,56,71,72,66,76,77,62,Highly Ready
26,47,7,7,64,45,41,47,36,53,24,Needs Improvement
31,23,10,12,6,38,20,23,56,17,27,Needs Improvement
38,73,20,0,4,35,50,71,44,29,57,Needs Improvement
83,71,0,0,32,58,84,29,93,63,87,Moderately Ready
23,27,20,8,6,46,31,0,8,16,24,Not Ready Yet
35,57,20,3,61,10,20,11,16,23,35,Not Ready Yet
67,71,16,4,76,54,39,51,74,56,46,Moderately Ready
46,70,12,12,29,56,60,93,72,70,71,Moderately Ready
48,66,4,0,50,56,15,86,92,52,78,Moderately Ready
100,91,0,0,1,79,100,51,71,85,68,Highly Ready
74,73,11,9,100,66,67,73,92,55,61,Moderately Ready
49,43,20,0,61,42,39,61,75,54,46,Needs Improvement
61,50,8,7,94,47,40,24,37,53,39,Needs Improvement
75,85,1,0,37,83,40,64,70,55,59,Moderately Ready
43,20,18,12,98,39,32,28,51,48,40,Not Ready Yet
17,32,20,11,11,25,37,42,18,42,38,Not Ready Yet
68,45,3,12,13,47,42,78,90,62,51,Moderately Ready
59,77,0,0,20,79,60,54,64,72,100,Highly Ready
91,48,0,0,10,73,39,79,50,75,56,Moderately Ready
50,42,6,0,10,47,67,42,55,69,57,Moderately Ready
89,80,1,0,83,83,76,73,91,60,77,Highly Ready
63,20,10,8,69,68,27,68,30,55,43,Needs Improvement
100,100,2,5,40,71,69,78,91,87,61,Highly Ready
55,47,17,4,70,57,21,23,83,32,24,Needs Improvement
66,42,0,12,4,59,59,56,38,46,51,Needs Improvement
35,34,15,12,73,48,23,58,71,76,31,Needs Improvement
39,35,10,12,87,29,55,48,28,33,58,Needs Improvement
52,85,20,2,60,76,30,39,47,95,45,Moderately Ready
74,73,7,0,0,66,59,64,74,51,43,Moderately Ready
63,65,5,12,58,100,56,89,52,74,65,Moderately Ready
78,97,17,0,80,61,59,56,93,86,75,Highly Ready
20,0,12,0,60,25,22,42,47,26,50,Not Ready Yet
77,77,8,0,18,73,85,46,97,73,74,Highly Ready
34,72,6,12,57,69,80,51,84,82,68,Moderately Ready
42,15,20,4,46,28,11,69,49,40,48,Needs Improvement
78,66,11,10,49,81,41,50,46,56,100,Moderately Ready
0,33,13,9,91,35,41,25,24,28,20,Not Ready Yet
44,74,5,4,26,33,19,19,51,69,57,Needs Improvement
66,38,20,8,33,44,52,50,27,47,41,Needs Improvement
68,84,0,0,18,55,71,88,69,69,71,Moderately Ready
73,83,17,1,55,71,27,36,88,72,55,Moderately Ready
92,81,2,8,100,96,74,78,93,74,65,Highly Ready
30,49,16,6,11,38,41,39,82,35,45,Needs Improvement
34,70,10,3,66,26,43,38,43,60,71,Needs Improvement
20,13,14,12,39,9,32,35,48,36,22,Not Ready Yet
20,25,20,2,54,13,0,19,25,13,2,Not Ready Yet
81,73,0,0,15,87,74,100,64,64,86,Highly Ready
34,89,6,0,40,73,58,61,91,76,76,Needs Improvement
39,23,0,9,31,46,37,36,23,66,62,Needs Improvement
87,83,0,1,53,76,89,66,84,74,87,Highly Ready
60,29,11,12,26,33,54,46,48,18,33,Needs Improvement
29,43,3,12,0,27,11,31,48,21,23,Not Ready Yet
58,62,11,0,77,50,79,40,77,82,34,Moderately Ready
45,10,0,4,0,54,53,49,67,36,21,Needs Improvement
73,66,4,4,12,43,87,44,78,79,72,Moderately Ready
47,37,20,0,100,28,41,45,69,46,45,Needs Improvement
57,23,10,0,68,66,34,34,41,41,45,Needs Improvement
20,56,13,3,55,23,14,38,24,44,50,Needs Improvement
57,40,11,12,61,38,28,34,46,50,53,Needs Improvement
88,76,0,4,100,93,65,65,79,61,97,Highly Ready
9,0,18,12,58,14,29,1,30,28,18,Not Ready Yet
56,49,20,12,80,48,31,73,79,72,78,Moderately Ready
37,26,8,1,44,44,33,69,52,48,57,Moderately Ready
0,53,13,9,46,38,28,15,15,36,6,Not Ready Yet
26,14,19,4,26,63,14,28,38,9,3,Not Ready Yet
100,94,0,0,1,60,35,74,89,72,60,Highly Ready
84,100,0,0,37,99,39,50,78,94,81,Highly Ready
47,74,10,12,7,57,13,73,48,48,74,Needs Improvement
96,79,16,0,79,100,52,63,100,98,80,Highly Ready
56,56,2,3,41,41,59,36,60,42,39,Needs Improvement
51,56,0,0,81,70,64,59,63,62,51,Moderately Ready
73,66,0,2,95,34,69,70,63,67,43,Moderately Ready
90,79,13,0,13,81,46,100,97,56,72,Highly Ready
55,67,3,7,67,47,48,73,59,35,51,Moderately Ready
43,54,13,4,90,35,58,57,34,35,72,Needs Improvement
12,14,14,7,18,30,0,12,24,8,25,Not Ready Yet
90,72,7,10,0,76,68,64,74,79,63,Highly Ready
18,37,14,0,87,42,51,62,41,53,63,Needs Improvement
44,15,10,12,32,23,16,40,44,45,9,Not Ready Yet
49,50,10,1,43,69,58,18,33,61,42,Needs Improvement
83,93,0,6,3,74,73,47,67,74,74,Highly Ready
26,38,11,9,19,37,44,0,63,0,30,Not Ready Yet
80,32,0,0,9,63,22,62,84,84,92,Moderately Ready
23,66,5,1,90,52,34,37,73,35,32,Needs Improvement
79,80,1,12,57,98,83,78,80,59,75,Highly Ready
100,57,0,0,45,80,100,81,69,99,90,Highly Ready
75,69,6,0,38,52,65,80,81,73,67,Moderately Ready
83,69,3,8,69,95,76,72,93,49,57,Moderately Ready
6,25,16,12,78,3,26,29,35,29,31,Not Ready Yet
98,80,20,4,51,73,57,86,92,93,66,Highly Ready
37,34,20,4,19,35,43,0,49,44,20,Not Ready Yet
90,74,11,6,36,57,65,44,74,68,41,Moderately Ready
70,100,0,0,75,72,83,94,82,100,99,Highly Ready
71,55,8,4,56,94,79,55,77,54,97,Moderately Ready
82,100,18,2,96,100,83,84,80,100,100,Highly Ready
26,40,15,12,69,58,68,18,81,50,43,Moderately Ready
35,43,0,6,97,63,24,22,57,55,43,Needs Improvement
15,21,1,6,5,46,34,43,28,18,18,Not Ready Yet
43,6,15,12,80,31,0,8,25,45,25,Not Ready Yet
33,29,8,12,15,68,38,54,55,60,62,Needs Improvement
57,46,7,0,32,52,33,49,86,37,60,Needs Improvement
61,41,0,0,21,45,57,56,71,48,86,Moderately Ready
24,41,0,12,0,10,24,45,32,28,25,Not Ready Yet
66,84,3,9,58,75,51,57,72,59,75,Moderately Ready
22,17,18,11,0,15,49,0,31,20,45,Not Ready Yet
37,57,0,2,90,61,44,20,39,41,33,Needs Improvement
73,81,4,0,59,78,93,65,98,65,100,Highly Ready
71,30,2,0,73,23,25,46,39,67,40,Needs Improvement
54,42,17,1,0,29,18,17,54,47,42,Not Ready Yet
15,39,16,0,52,48,36,32,23,20,37,Not Ready Yet
69,75,18,6,78,88,53,92,66,97,81,Highly Ready
89,60,4,0,58,63,56,86,78,39,48,Moderately Ready
54,28,18,2,22,58,35,46,36,48,33,Needs Improvement
74,62,4,1,50,84,69,49,61,76,76,Moderately Ready
40,37,1,12,38,20,0,33,33,37,36,Not Ready Yet
64,71,18,12,31,61,40,40,59,64,70,Needs Improvement
53,59,16,0,90,56,62,59,68,76,59,Moderately Ready
52,53,4,0,82,36,35,39,29,27,29,Needs Improvement
2,42,20,6,63,22,40,7,27,54,5,Not Ready Yet
21,52,2,4,15,55,40,9,61,49,37,Needs Improvement
47,61,12,7,47,66,45,23,49,37,21,Needs Improvement
32,50,20,7,43,36,40,22,67,62,30,Needs Improvement
75,42,6,2,40,70,64,73,81,67,91,Highly Ready
66,34,0,7,0,55,79,69,88,54,82,Moderately Ready
63,40,20,0,2,24,21,66,52,41,71,Needs Improvement
58,19,9,0,29,28,29,19,31,62,57,Needs Improvement
100,67,0,0,17,67,66,72,60,99,59,Highly Ready
68,68,0,3,94,51,43,50,65,79,75,Highly Ready
54,71,1,12,66,77,69,40,82,76,44,Moderately Ready
53,44,3,12,48,29,16,7,32,30,27,Not Ready Yet
80,47,8,0,100,41,30,57,59,62,58,Highly Ready
34,34,15,12,77,8,29,28,48,37,17,Not Ready Yet
60,94,0,11,44,89,34,100,81,81,69,Highly Ready
44,21,20,10,1,15,24,22,40,40,16,Not Ready Yet
11,50,20,12,100,26,23,67,71,40,33,Needs Improvement
68,37,8,12,0,31,28,52,64,49,44,Needs Improvement
59,48,9,4,55,47,48,48,42,62,32,Needs Improvement
76,94,2,0,41,65,74,67,86,61,29,Moderately Ready
54,68,0,0,54,26,66,60,60,13,29,Needs Improvement
31,50,14,2,59,72,35,50,57,50,57,Moderately Ready
52,37,14,10,68,47,44,55,80,57,26,Not Ready Yet
65,40,0,0,92,34,42,65,57,64,55,Needs Improvement
79,65,1,11,63,81,41,42,73,77,65,Highly Ready
64,21,6,4,67,69,65,17,81,28,49,Needs Improvement
52,60,0,5,3,69,16,53,63,79,67,Moderately Ready
28,13,17,0,45,1,15,13,24,16,42,Not Ready Yet
47,29,11,12,56,51,18,40,51,53,30,Needs Improvement
66,75,15,1,41,14,61,13,41,63,27,Needs Improvement
70,82,7,7,82,53,36,63,82,49,52,Highly Ready
0,7,16,12,41,27,8,57,53,22,19,Not Ready Yet
76,48,12,0,85,45,43,86,49,71,35,Moderately Ready
100,77,4,0,36,69,56,74,89,100,85,Highly Ready
92,60,9,6,100,77,96,43,89,76,88,Highly Ready
55,64,4,5,58,88,78,28,56,37,69,Moderately Ready
60,77,3,0,16,71,29,35,49,35,62,Moderately Ready
12,51,5,0,95,64,10,27,76,41,35,Moderately Ready
74,74,14,0,98,67,65,34,80,83,74,Moderately Ready
31,13,12,0,9,39,26,39,27,32,47,Not Ready Yet
42,59,14,0,42,60,21,47,49,41,30,Needs Improvement
47,52,11,0,25,51,79,43,63,86,57,Moderately Ready
32,84,0,12,28,62,87,49,80,69,81,Moderately Ready
82,82,6,0,50,75,94,41,58,100,68,Highly Ready
77,69,15,0,60,99,58,47,80,98,80,Highly Ready
46,42,17,9,42,41,37,39,37,61,57,Needs Improvement
52,55,1,11,42,22,51,43,45,33,21,Needs Improvement
57,55,5,0,81,51,60,25,79,52,72,Moderately Ready
67,68,10,7,65,100,63,45,70,100,76,Highly Ready
79,90,0,0,21,88,81,58,92,79,95,Moderately Ready
11,41,13,12,69,29,24,36,30,20,13,Not Ready Yet
63,62,14,5,14,55,52,57,53,64,47,Moderately Ready
70,68,0,6,25,82,66,85,94,76,71,Moderately Ready
6,26,15,1,61,11,9,20,24,18,5,Not Ready Yet
43,54,0,0,0,34,14,58,45,60,61,Needs Improvement
25,57,9,0,24,51,33,22,60,54,52,Needs Improvement
37,48,20,1,8,37,46,15,80,43,53,Needs Improvement
48,40,15,7,53,31,57,37,47,34,45,Needs Improvement
74,93,4,7,57,75,78,76,69,96,75,Highly Ready
62,82,20,3,17,48,29,79,83,79,68,Moderately Ready
89,63,2,0,0,85,61,76,65,85,81,Highly Ready
73,66,1,4,73,76,66,53,58,76,68,Moderately Ready
9,23,20,12,68,14,6,30,30,13,34,Not Ready Yet
47,25,7,0,43,25,22,37,22,46,37,Needs Improvement
86,81,0,12,0,78,88,72,93,79,59,Highly Ready
14,25,8,12,0,12,42,7,26,42,20,Not Ready Yet
49,30,5,2,79,13,30,18,29,17,51,Not Ready Yet
46,86,11,0,20,65,70,89,79,51,42,Moderately Ready
56,57,0,4,84,74,24,74,66,46,46,Highly Ready
87,86,20,6,53,82,60,66,71,58,81,Highly Ready
83,62,18,3,70,91,54,41,93,97,100,Moderately Ready
74,83,15,5,48,64,52,100,98,97,70,Highly Ready
40,47,18,12,24,4,36,20,20,21,37,Not Ready Yet
68,79,0,0,100,89,65,62,73,100,79,Highly Ready
78,52,5,0,76,71,36,65,80,45,80,Moderately Ready
72,81,7,12,75,76,61,62,64,68,100,Highly Ready
79,65,8,0,41,95,83,58,100,87,75,Highly Ready
45,54,0,5,55,86,78,49,72,79,53,Moderately Ready
45,13,6,7,30,2,19,5,39,15,10,Not Ready Yet
57,100,0,0,59,98,43,73,66,85,69,Highly Ready
18,27,14,5,96,34,22,28,23,24,0,Not Ready Yet
44,27,15,11,33,66,11,48,24,51,33,Needs Improvement
48,16,10,12,74,45,34,26,33,31,32,Not Ready Yet
75,100,0,2,87,72,70,69,64,98,92,Highly Ready
9,22,20,9,0,50,10,24,37,48,8,Not Ready Yet
65,33,0,1,40,53,32,80,79,51,76,Moderately Ready
33,14,4,12,100,58,37,22,45,58,42,Needs Improvement
64,48,4,4,49,27,22,17,31,62,47,Needs Improvement
88,89,0,0,33,81,52,49,91,91,83,Highly Ready
85,65,9,2,27,77,97,91,90,62,94,Highly Ready
68,85,8,8,59,63,93,89,84,63,63,Highly Ready
37,50,0,0,85,39,50,39,40,51,43,Needs Improvement
66,63,17,12,76,78,82,59,91,69,55,Highly Ready
56,43,15,1,84,67,97,80,80,76,70,Moderately Ready
39,54,10,12,12,35,50,54,57,51,54,Needs Improvement
8,2,20,12,48,33,31,30,17,47,44,Not Ready Yet
68,74,0,12,10,52,83,88,79,63,48,Moderately Ready
20,26,0,0,53,54,49,40,63,58,44,Needs Improvement
45,37,11,7,59,52,7,15,50,21,60,Needs Improvement
81,58,15,1,70,80,53,91,77,74,70,Highly Ready
82,73,9,1,73,95,47,66,72,81,70,Highly Ready
65,82,16,8,41,90,60,78,78,46,49,Moderately Ready
69,38,20,7,48,70,40,19,65,53,44,Needs Improvement
61,62,0,4,0,72,73,74,100,67,76,Highly Ready
46,48,20,0,41,61,83,84,85,38,91,Moderately Ready
15,25,12,8,40,38,56,42,52,57,32,Needs Improvement
39,37,0,12,93,28,47,32,44,56,24,Needs Improvement
83,77,7,8,45,75,75,75,54,70,90,Needs Improvement
51,47,15,12,25,52,32,36,62,49,61,Needs Improvement
63,71,0,4,36,60,33,71,80,82,43,Moderately Ready
83,67,11,0,64,52,63,44,54,69,55,Moderately Ready
27,44,20,2,92,40,42,2,42,24,25,Not Ready Yet
72,57,8,12,34,59,64,45,53,72,50,Moderately Ready
39,48,14,0,74,33,29,19,67,68,18,Needs Improvement
56,46,2,7,26,67,64,37,88,66,74,Moderately Ready
99,81,3,1,18,99,88,92,100,85,51,Highly Ready
86,55,9,0,49,87,67,43,64,57,82,Moderately Ready
72,76,5,0,86,75,100,95,87,97,69,Highly Ready
80,58,2,0,57,81,55,63,91,73,65,Highly Ready
37,24,20,12,81,46,32,40,50,42,53,Not Ready Yet
60,39,20,2,55,56,28,61,58,80,63,Moderately Ready
53,64,6,0,49,24,46,31,75,39,42,Needs Improvement
45,51,0,0,13,63,53,36,76,62,59,Moderately Ready
47,68,0,12,23,63,59,10,28,30,58,Needs Improvement
11,23,20,7,42,20,27,31,45,23,34,Not Ready Yet
92,73,7,4,0,68,40,84,71,65,77,Highly Ready
63,63,0,12,96,82,100,94,78,96,57,Highly Ready
78,56,12,5,27,70,32,45,68,33,54,Needs Improvement
49,45,4,0,57,33,15,27,29,10,50,Not Ready Yet
74,49,20,5,87,59,39,29,38,24,40,Needs Improvement
37,12,6,6,60,13,15,52,15,49,17,Not Ready Yet
94,78,14,10,46,95,100,79,58,69,75,Highly Ready
63,82,2,12,50,28,26,7,74,49,28,Needs Improvement
15,29,13,12,77,5,16,39,63,35,18,Not Ready Yet
58,57,0,2,80,51,15,56,44,51,55,Needs Improvement
70,64,0,12,15,66,87,69,75,92,89,Highly Ready
61,67,7,5,68,43,74,50,83,87,68,Moderately Ready
64,50,20,6,43,38,58,37,49,30,63,Needs Improvement
100,81,1,0,100,78,41,72,92,87,84,Highly Ready
59,76,13,12,85,66,53,77,62,62,76,Moderately Ready
91,73,3,0,17,84,97,90,67,98,83,Highly Ready
74,58,4,7,68,65,39,64,78,46,81,Moderately Ready
55,47,20,7,49,41,32,86,47,74,63,Moderately Ready
85,59,12,6,42,72,100,65,83,100,85,Highly Ready
39,18,0,12,7,32,12,6,27,35,23,Not Ready Yet
97,38,6,0,24,96,48,89,76,77,79,Highly Ready
23,40,15,0,43,16,18,39,25,31,37,Not Ready Yet
47,48,1,1,93,27,53,53,32,53,35,Needs Improvement
75,84,0,11,43,82,61,62,69,76,50,Highly Ready
13,27,13,12,65,43,59,32,24,41,44,Not Ready Yet
33,47,7,12,24,27,59,49,41,68,19,Needs Improvement
32,36,4,3,81,53,43,68,41,58,46,Needs Improvement
46,73,11,6,42,70,57,37,57,59,57,Moderately Ready
93,97,0,12,18,59,96,53,71,68,93,Highly Ready
46,78,0,0,100,63,65,63,98,71,39,Moderately Ready
78,65,10,12,47,85,88,90,100,94,72,Highly Ready
10,18,20,9,16,32,27,46,40,48,23,Not Ready Yet
14,22,1,11,63,0,9,32,58,35,6,Not Ready Yet
41,44,19,6,100,32,38,57,82,59,60,Needs Improvement
77,73,7,0,2,46,90,67,84,58,94,Highly Ready
40,66,10,11,28,40,28,59,46,77,55,Needs Improvement
60,82,0,0,47,63,35,36,44,73,46,Moderately Ready
73,71,0,0,47,100,79,75,77,50,93,Highly Ready
100,86,0,10,30,90,68,71,70,57,100,Highly Ready
42,16,17,12,25,16,5,13,39,48,24,Not Ready Yet
73,66,8,7,53,76,79,38,98,67,60,Moderately Ready
79,69,1,0,2,60,98,73,84,70,75,Highly Ready
50,73,10,0,93,69,78,60,84,57,74,Moderately Ready
12,15,18,12,14,21,42,45,31,35,11,Not Ready Yet
25,38,0,4,14,43,47,25,34,24,21,Needs Improvement
26,59,8,3,80,29,37,32,30,59,44,Needs Improvement
91,62,0,1,62,69,49,62,66,72,91,Highly Ready
71,89,9,5,74,66,96,30,92,96,72,Moderately Ready
43,39,20,12,26,49,34,31,13,41,25,Not Ready Yet
68,75,16,4,84,74,86,41,87,46,65,Moderately Ready
82,32,13,0,0,77,71,71,66,63,81,Moderately Ready
24,8,0,10,100,14,34,47,50,46,38,Needs Improvement
37,28,0,0,41,50,73,57,58,58,63,Needs Improvement
70,20,18,11,42,26,44,47,40,28,68,Needs Improvement
58,85,3,0,64,98,64,99,77,66,75,Highly Ready
51,25,7,6,30,21,39,16,46,37,49,Not Ready Yet
88,75,0,7,14,69,81,41,65,76,98,Highly Ready
55,75,15,11,84,64,34,31,59,77,84,Moderately Ready
54,76,12,0,5,62,54,64,54,54,58,Moderately Ready
0,4,20,2,56,37,50,20,32,47,4,Not Ready Yet
23,23,8,8,22,24,25,19,56,24,60,Needs Improvement
2,22,20,6,70,9,49,0,33,11,19,Not Ready Yet
16,19,20,12,68,40,35,11,63,26,39,Not Ready Yet
76,50,7,3,75,63,69,88,88,89,50,Moderately Ready
62,46,20,0,100,18,27,26,48,53,52,Needs Improvement
67,41,12,4,20,83,78,85,79,81,77,Moderately Ready
28,30,12,0,66,52,37,42,35,2,32,Not Ready Yet
53,100,0,4,53,80,52,44,84,74,89,Highly Ready
46,58,15,5,6,60,59,76,80,95,72,Moderately Ready
37,20,4,3,14,50,21,52,35,29,40,Needs Improvement
19,49,19,8,29,12,0,12,44,16,24,Not Ready Yet
46,46,16,12,74,24,27,46,36,51,30,Needs Improvement
6,20,8,8,83,3,48,20,15,16,30,Not Ready Yet
82,72,20,8,100,61,83,51,49,72,76,Moderately Ready
64,77,12,0,91,69,48,62,70,50,68,Moderately Ready
0,23,20,12,51,42,17,35,17,4,16,Not Ready Yet
44,80,8,8,43,70,57,78,56,52,43,Moderately Ready
92,85,0,12,34,89,58,90,84,98,79,Highly Ready
51,34,20,0,32,33,25,27,63,51,7,Not Ready Yet
0,0,20,10,0,36,23,33,50,29,56,Not Ready Yet
71,46,0,0,15,58,19,37,62,60,40,Needs Improvement
76,67,7,9,39,60,28,42,71,75,84,Highly Ready
60,29,17,2,72,63,41,66,58,49,26,Needs Improvement
55,61,5,3,75,63,45,65,50,37,64,Moderately Ready
49,39,20,5,100,27,39,30,40,49,0,Not Ready Yet
69,53,7,0,20,79,96,59,68,75,75,Moderately Ready
60,57,0,0,44,96,90,85,79,70,82,Highly Ready
90,100,0,0,53,57,75,92,75,58,68,Highly Ready
53,52,13,12,31,63,9,61,60,27,72,Needs Improvement
66,45,4,2,50,80,76,59,56,61,75,Moderately Ready
44,57,9,1,48,32,61,58,71,95,67,Moderately Ready
100,100,1,0,14,80,68,91,95,81,83,Highly Ready
64,90,0,0,25,75,95,70,76,96,70,Highly Ready
67,44,7,0,93,84,99,47,100,58,67,Highly Ready
80,75,12,4,17,75,88,61,67,86,90,Highly Ready
81,92,18,0,61,84,45,68,84,60,100,Highly Ready
43,48,7,12,17,55,43,76,87,45,61,Moderately Ready
100,67,0,0,48,81,89,93,86,75,73,Highly Ready
57,39,15,0,25,40,24,18,69,31,23,Needs Improvement
77,59,6,6,92,76,24,44,99,49,65,Highly Ready
32,26,10,0,6,3,33,9,14,33,25,Not Ready Yet
92,58,7,0,23,72,67,87,100,55,81,Highly Ready
57,63,17,8,60,64,30,65,87,79,51,Needs Improvement
51,23,7,0,5,64,35,28,49,72,36,Needs Improvement
30,51,11,6,79,29,64,50,75,54,48,Needs Improvement
60,35,14,0,44,77,27,59,62,64,87,Moderately Ready
67,31,0,0,31,43,57,56,50,34,45,Needs Improvement
65,48,18,4,87,54,29,21,58,46,72,Moderately Ready
87,44,0,0,28,44,72,25,90,65,71,Moderately Ready
100,100,11,7,37,62,77,57,82,76,85,Highly Ready
84,66,0,12,58,72,93,84,87,100,96,Highly Ready
53,76,9,3,34,71,48,55,85,59,80,Moderately Ready
100,83,6,0,55,86,51,71,96,77,84,Highly Ready
100,57,0,2,25,75,97,45,82,96,67,Highly Ready
48,35,4,9,86,44,34,48,81,56,36,Needs Improvement
20,47,1,0,7,40,30,24,48,38,78,Needs Improvement
11,22,18,7,11,22,0,26,38,36,46,Not Ready Yet
67,63,7,12,46,72,48,43,70,68,70,Highly Ready
43,40,7,0,48,36,20,40,62,39,28,Needs Improvement
86,84,15,12,30,66,74,59,63,64,60,Moderately Ready
60,51,2,3,12,79,70,64,93,78,65,Moderately Ready
70,95,0,0,85,77,62,57,88,84,65,Highly Ready
86,90,0,0,29,76,53,70,77,80,66,Moderately Ready
69,63,15,12,29,71,19,18,73,46,70,Needs Improvement
32,21,0,0,37,46,29,21,30,48,57,Needs Improvement
49,32,15,6,48,44,8,0,43,50,41,Not Ready Yet
36,47,10,12,74,76,52,32,60,57,53,Needs Improvement
36,37,1,7,100,54,66,60,28,42,61,Needs Improvement
61,65,20,9,81,53,56,61,37,38,68,Needs Improvement
56,36,0,0,25,40,59,56,75,35,62,Needs Improvement
30,12,11,12,74,1,4,0,49,13,28,Not Ready Yet
97,95,0,7,42,78,57,78,68,78,90,Highly Ready
56,49,0,7,75,49,27,21,45,48,69,Needs Improvement
48,31,9,5,58,37,60,31,35,59,35,Needs Improvement
73,92,5,0,95,88,90,65,100,88,98,Highly Ready
8,32,20,0,11,28,28,5,16,15,25,Not Ready Yet
75,88,0,12,93,82,66,49,72,100,88,Highly Ready
44,49,13,5,38,18,29,37,42,36,43,Needs Improvement
83,73,11,0,83,70,46,75,58,68,55,Moderately Ready
96,96,2,7,57,62,80,69,99,90,79,Highly Ready
58,39,12,0,55,82,55,71,93,63,71,Moderately Ready
100,77,0,0,20,100,53,57,79,89,81,Highly Ready
22,30,0,3,22,30,5,41,49,35,46,Not Ready Yet
58,48,0,3,21,49,78,88,57,60,60,Moderately Ready
53,78,0,0,37,61,62,75,90,53,86,Moderately Ready
75,79,12,0,57,48,82,35,70,72,100,Moderately Ready
34,50,2,0,52,84,43,42,77,74,69,Moderately Ready
65,45,7,0,56,65,47,86,73,80,75,Moderately Ready
18,23,10,12,100,45,40,43,47,27,3,Not Ready Yet
53,39,20,12,41,30,24,19,47,57,49,Needs Improvement
50,38,20,8,52,58,20,47,29,63,53,Needs Improvement
63,40,19,0,39,88,59,86,62,65,77,Moderately Ready
90,100,11,3,30,87,72,71,81,68,75,Highly Ready
0,22,11,0,22,40,18,10,37,48,30,Not Ready Yet
100,76,14,2,73,81,76,35,72,80,86,Highly Ready
14,25,20,12,52,9,10,21,53,34,28,Not Ready Yet
62,68,8,7,0,61,84,62,75,26,77,Highly Ready
23,7,7,0,23,27,7,35,31,14,9,Not Ready Yet
62,57,16,12,21,82,62,24,82,51,96,Moderately Ready
59,68,7,6,32,57,84,48,73,63,73,Moderately Ready
36,31,7,12,56,12,40,36,29,42,28,Not Ready Yet
52,43,0,12,7,50,24,44,73,46,49,Needs Improvement
89,95,13,0,46,96,96,60,68,87,71,Highly Ready
41,18,17,9,34,36,20,7,35,43,49,Not Ready Yet
40,39,13,3,62,34,1,34,6,28,7,Not Ready Yet
56,59,20,12,60,44,69,52,49,62,89,Moderately Ready
48,56,20,2,92,11,25,60,52,52,61,Needs Improvement
46,17,17,4,81,77,62,33,47,26,43,Needs Improvement
52,59,0,12,55,44,31,40,55,64,48,Needs Improvement
19,42,14,9,76,5,2,31,27,22,62,Not Ready Yet
53,48,7,3,10,62,72,83,84,63,47,Moderately Ready
63,58,14,0,81,64,74,34,78,63,36,Moderately Ready
74,83,4,0,66,63,51,67,57,78,58,Moderately Ready
86,95,11,0,23,75,76,73,71,72,81,Highly Ready
29,15,20,12,31,25,46,40,49,48,42,Not Ready Yet
41,46,3,8,51,23,12,22,45,83,65,Needs Improvement
59,60,12,12,78,33,22,57,67,29,23,Needs Improvement
46,20,7,12,0,50,23,53,30,41,57,Needs Improvement
63,88,0,6,91,82,28,50,88,82,53,Moderately Ready
21,3,6,12,34,7,4,34,12,23,8,Not Ready Yet
31,53,20,3,75,48,34,31,31,52,51,Needs Improvement
82,62,1,7,55,83,70,88,95,72,81,Moderately Ready
2,10,20,0,65,44,22,19,37,37,21,Not Ready Yet
63,42,3,12,89,52,26,74,72,73,74,Moderately Ready
66,61,0,0,66,50,60,68,74,63,90,Moderately Ready
49,67,4,0,81,52,49,27,74,45,70,Moderately Ready
85,71,0,7,23,77,65,58,100,56,97,Highly Ready
85,88,2,0,25,90,42,81,62,86,77,Highly Ready
60,61,11,7,0,60,43,38,48,53,32,Not Ready Yet
63,34,3,0,81,55,39,20,55,47,52,Needs Improvement
51,57,9,0,60,37,66,48,59,50,52,Needs Improvement
53,24,0,7,92,34,24,18,66,47,39,Moderately Ready
42,41,10,0,61,31,3,46,70,26,61,Not Ready Yet
63,49,0,10,42,58,57,54,84,44,53,Moderately Ready
15,31,18,7,50,11,27,23,49,30,31,Not Ready Yet
75,47,4,0,29,65,73,87,91,56,70,Needs Improvement
48,71,2,0,85,71,49,34,55,53,62,Moderately Ready
71,28,0,10,14,43,22,38,67,69,41,Needs Improvement
57,76,6,3,7,67,54,61,71,56,59,Moderately Ready
54,26,13,1,25,64,38,28,55,55,51,Needs Improvement
51,45,0,7,72,93,39,70,69,53,34,Moderately Ready
56,24,20,0,25,27,55,20,69,72,58,Needs Improvement
45,72,17,0,3,51,27,58,78,75,52,Moderately Ready
78,84,0,8,25,82,51,75,91,79,98,Highly Ready
53,40,4,11,19,67,51,92,56,58,47,Moderately Ready
37,60,10,11,53,63,44,25,43,27,66,Needs Improvement
43,13,1,12,62,29,16,17,65,46,42,Needs Improvement
68,69,11,5,39,62,58,51,86,63,93,Highly Ready
79,57,16,12,67,60,44,44,86,71,45,Highly Ready
100,83,0,9,25,97,63,43,62,93,89,Highly Ready
40,23,13,12,62,60,45,29,55,56,64,Needs Improvement
89,65,0,12,79,42,86,77,89,83,67,Moderately Ready
50,39,16,6,37,55,69,36,54,39,46,Moderately Ready
96,74,12,12,49,58,86,49,47,72,57,Moderately Ready
92,82,1,5,85,77,33,83,68,72,80,Moderately Ready
84,93,10,1,34,100,73,85,90,87,80,Highly Ready
52,37,8,5,71,39,57,14,44,58,55,Needs Improvement
58,41,6,2,22,68,58,46,61,69,45,Moderately Ready
71,56,10,0,87,69,44,50,94,85,51,Moderately Ready
46,79,10,0,47,45,36,30,86,74,65,Moderately Ready
45,29,5,0,3,14,40,30,15,25,56,Not Ready Yet
38,2,10,3,94,26,72,42,38,50,32,Needs Improvement
68,90,0,10,55,80,74,52,59,43,85,Moderately Ready
84,66,19,12,40,84,57,53,82,58,75,Highly Ready
67,58,12,0,0,63,66,63,69,48,65,Moderately Ready
80,98,0,7,66,82,71,43,100,67,100,Highly Ready
70,55,14,9,64,73,41,80,72,59,50,Moderately Ready
82,89,0,3,69,92,86,92,83,96,93,Highly Ready
77,69,0,0,29,79,68,66,72,90,61,Highly Ready
81,66,5,2,10,74,82,67,63,58,39,Moderately Ready
22,16,12,12,35,39,51,7,45,14,8,Not Ready Yet
57,89,12,9,86,85,88,48,84,83,71,Highly Ready
89,65,17,2,50,54,84,36,82,51,52,Moderately Ready
52,77,3,11,30,52,74,57,94,50,79,Moderately Ready
66,82,20,1,3,87,79,74,99,92,100,Highly Ready
74,40,18,12,100,63,57,50,85,52,59,Moderately Ready
46,70,17,4,19,51,54,10,54,27,32,Needs Improvement
77,77,0,12,61,83,73,67,88,62,39,Moderately Ready
56,64,6,12,25,78,28,69,56,68,65,Moderately Ready
43,54,5,12,46,73,53,52,65,71,83,Needs Improvement
67,54,10,0,18,59,67,50,91,62,61,Moderately Ready
25,55,3,12,22,33,45,53,61,66,64,Needs Improvement
66,71,19,0,75,46,75,92,80,80,92,Moderately Ready
68,49,20,12,17,54,29,55,46,36,40,Needs Improvement
73,46,10,0,92,73,78,85,61,72,40,Moderately Ready
54,63,8,5,40,64,77,34,77,31,53,Moderately Ready
26,6,20,10,72,0,39,24,21,37,24,Not Ready Yet
77,82,5,0,32,50,75,70,77,57,75,Moderately Ready
69,80,7,6,12,68,100,53,80,96,74,Highly Ready
3,17,15,7,52,36,13,13,39,30,31,Not Ready Yet
100,100,12,12,97,87,94,83,90,87,91,Highly Ready
70,80,6,9,44,92,37,69,92,78,81,Highly Ready
88,42,20,12,62,82,62,78,55,64,72,Moderately Ready
59,57,13,10,86,54,43,64,64,37,57,Moderately Ready
27,68,3,12,59,21,48,58,46,29,63,Needs Improvement
71,60,17,0,4,70,56,87,74,68,55,Moderately Ready
21,22,13,2,30,15,50,29,17,9,35,Not Ready Yet
52,32,18,12,57,37,51,26,52,48,49,Needs Improvement
36,91,0,0,57,67,70,39,72,56,60,Moderately Ready
38,38,4,3,45,44,48,42,25,52,75,Needs Improvement
8,0,20,11,68,1,8,37,28,24,49,Not Ready Yet
40,88,1,11,18,81,57,83,66,47,91,Moderately Ready
25,37,13,12,34,2,26,0,18,32,38,Not Ready Yet
64,27,20,12,37,37,23,49,49,74,54,Needs Improvement
74,67,1,0,40,100,49,58,99,91,83,Highly Ready
15,9,14,11,88,52,25,55,51,66,67,Needs Improvement
25,17,11,0,25,47,31,24,50,43,31,Not Ready Yet
19,31,11,12,85,45,56,41,62,50,40,Needs Improvement
91,64,1,3,0,65,81,97,100,95,94,Highly Ready
56,40,11,0,55,49,55,72,66,51,48,Needs Improvement
48,11,10,12,27,41,1,39,18,20,13,Not Ready Yet
25,8,20,10,17,20,16,19,8,52,22,Not Ready Yet
69,76,14,2,79,90,79,58,75,82,73,Highly Ready
19,29,15,12,52,49,9,30,45,11,16,Not Ready Yet
86,82,11,6,58,92,64,43,100,89,87,Highly Ready
34,63,9,3,40,36,45,10,71,32,35,Not Ready Yet
62,52,11,12,44,43,62,19,58,51,16,Needs Improvement
15,25,20,3,54,0,16,17,49,31,16,Not Ready Yet
60,47,20,2,37,61,39,37,71,75,88,Moderately Ready
70,69,0,0,82,88,70,45,94,89,97,Highly Ready
65,100,16,7,46,70,82,82,71,88,69,Highly Ready
42,43,8,2,85,26,41,42,43,28,31,Needs Improvement
69,46,12,2,32,59,23,6,70,45,49,Needs Improvement
58,43,0,0,23,74,50,45,73,63,45,Moderately Ready
57,78,10,1,63,53,36,75,72,85,87,Moderately Ready
72,53,15,4,49,34,64,52,55,39,42,Needs Improvement
100,57,20,0,98,93,46,61,100,82,81,Highly Ready
70,91,0,5,20,90,83,98,65,95,90,Highly Ready
24,11,20,2,43,33,35,22,53,52,34,Not Ready Yet
50,40,14,0,85,50,44,64,96,58,47,Moderately Ready
47,34,10,9,26,20,16,9,38,21,18,Not Ready Yet
17,23,19,12,28,27,39,7,31,63,7,Not Ready Yet
47,56,12,12,43,35,18,35,51,33,42,Needs Improvement
25,27,1,12,100,65,29,35,23,32,58,Needs Improvement
67,64,20,0,82,67,80,70,40,72,79,Moderately Ready
38,70,8,12,23,38,41,51,88,64,59,Needs Improvement
45,54,5,0,100,64,33,65,70,64,74,Moderately Ready
68,43,4,10,96,69,40,64,55,79,45,Moderately Ready
36,0,6,12,27,7,32,26,53,42,17,Not Ready Yet
47,77,14,0,0,70,73,83,72,45,64,Moderately Ready
69,61,15,2,100,69,83,92,62,57,68,Moderately Ready
35,50,18,12,90,39,40,55,41,58,37,Needs Improvement
76,37,9,6,17,76,67,89,64,78,47,Moderately Ready
65,79,14,12,62,61,34,36,80,73,75,Moderately Ready
69,38,15,2,56,67,34,54,42,45,55,Moderately Ready
63,74,19,10,89,44,54,34,79,77,44,Moderately Ready
93,66,3,0,22,62,87,100,70,71,66,Highly Ready
35,39,12,10,33,16,19,28,24,16,26,Not Ready Yet
41,39,15,0,20,8,22,0,43,20,24,Not Ready Yet
60,51,1,7,30,69,64,82,82,53,45,Moderately Ready
61,57,4,0,16,79,75,94,46,61,77,Moderately Ready
73,90,0,12,46,65,47,58,77,78,68,Moderately Ready
14,19,12,12,82,41,9,24,39,44,53,Not Ready Yet
63,50,10,9,32,55,31,56,43,44,57,Moderately Ready
97,78,0,0,65,91,58,60,68,83,71,Highly Ready
72,78,0,4,99,74,69,97,73,64,100,Highly Ready
78,49,17,5,15,75,73,78,88,57,58,Moderately Ready
47,50,13,12,39,16,44,57,59,45,51,Not Ready Yet
31,30,9,12,3,31,34,16,14,52,27,Not Ready Yet
47,18,15,6,54,0,30,30,29,17,26,Not Ready Yet
47,30,14,6,23,51,63,46,84,28,55,Needs Improvement
65,96,0,0,56,87,65,65,73,69,78,Highly Ready
38,27,12,0,96,26,47,20,40,37,44,Not Ready Yet
79,82,11,2,66,72,67,76,64,71,84,Moderately Ready
70,100,14,7,31,76,51,100,97,72,69,Highly Ready
70,56,8,8,0,76,40,57,88,63,71,Moderately Ready
26,55,11,9,72,55,6,18,49,57,27,Moderately Ready
62,80,5,0,57,89,91,54,93,89,75,Highly Ready
11,19,6,12,10,0,24,26,61,45,27,Not Ready Yet
1,20,8,4,63,50,28,46,36,16,30,Not Ready Yet
97,57,0,7,73,73,66,53,70,64,78,Highly Ready
29,40,20,6,95,0,4,14,36,13,18,Not Ready Yet
25,45,4,0,11,13,26,43,59,43,23,Needs Improvement
97,58,0,0,100,79,79,59,91,73,87,Highly Ready
82,62,8,6,49,85,72,92,79,77,80,Moderately Ready
12,57,11,0,11,27,26,25,83,32,34,Needs Improvement
63,18,3,3,31,28,32,23,51,41,30,Needs Improvement
76,63,13,0,92,45,51,100,87,95,95,Highly Ready
77,32,3,8,27,85,51,73,43,84,32,Moderately Ready
24,36,7,11,17,54,37,57,68,30,71,Needs Improvement
38,47,4,10,7,40,32,62,44,31,66,Needs Improvement
63,44,8,4,59,73,69,28,53,77,56,Moderately Ready
72,60,19,0,0,67,33,62,76,56,79,Moderately Ready
9,44,9,12,44,37,11,24,44,48,31,Not Ready Yet
100,88,20,0,28,62,50,100,70,61,68,Highly Ready
61,11,9,0,100,65,15,50,68,42,34,Needs Improvement
78,67,10,0,85,82,59,56,82,71,100,Highly Ready
53,57,0,0,75,88,56,19,40,56,73,Moderately Ready
54,73,2,0,93,52,54,61,58,54,55,Moderately Ready
54,70,0,1,89,43,83,53,57,47,63,Moderately Ready
49,63,4,0,50,58,71,57,58,75,56,Moderately Ready
72,68,3,7,72,73,100,74,89,100,94,Highly Ready
32,26,11,8,20,0,29,35,41,49,36,Not Ready Yet
28,22,8,2,24,24,9,3,28,7,26,Not Ready Yet
79,65,13,2,94,85,57,38,52,61,38,Moderately Ready
35,100,18,9,52,67,68,88,63,47,71,Moderately Ready
44,8,20,11,16,14,21,5,17,32,41,Not Ready Yet
88,94,2,11,67,92,100,75,90,80,77,Highly Ready
55,60,15,3,100,15,75,46,65,57,51,Needs Improvement
17,34,17,12,2,7,41,1,19,31,52,Not Ready Yet
74,56,2,4,100,66,25,37,71,49,28,Moderately Ready
68,100,0,1,100,79,88,49,64,88,83,Highly Ready
0,24,15,9,55,13,26,22,32,42,31,Not Ready Yet
77,38,13,0,47,59,46,48,57,47,88,Moderately Ready
71,51,0,0,0,79,76,91,54,82,62,Moderately Ready
49,66,0,0,86,86,52,56,89,66,88,Moderately Ready
59,61,3,0,54,72,84,78,52,65,75,Needs Improvement
34,21,20,9,69,26,26,44,73,47,77,Needs Improvement
93,56,1,6,76,100,53,66,98,92,100,Highly Ready
92,87,7,6,20,96,60,82,80,64,96,Highly Ready
7,26,2,0,61,27,21,33,9,49,51,Not Ready Yet
58,14,8,10,19,58,8,24,45,33,50,Needs Improvement
65,98,2,5,61,59,100,42,100,75,90,Highly Ready
52,50,9,0,21,58,32,22,38,33,54,Needs Improvement
47,64,0,0,6,91,63,59,80,78,44,Moderately Ready
96,71,0,11,76,52,88,22,94,48,45,Moderately Ready
66,74,3,4,20,54,89,19,100,63,79,Needs Improvement
56,28,4,12,24,58,65,25,69,56,27,Needs Improvement
83,73,0,0,64,63,60,52,67,84,68,Moderately Ready
32,28,9,5,67,49,53,41,53,53,55,Needs Improvement
35,22,20,10,72,25,71,46,58,38,57,Needs Improvement
74,71,11,0,71,100,72,77,86,77,76,Highly Ready
78,95,0,0,38,68,79,98,71,69,96,Highly Ready
37,27,11,12,56,43,58,23,83,65,29,Needs Improvement
100,55,4,0,23,96,69,93,90,77,66,Highly Ready
18,32,12,0,53,44,41,54,24,45,9,Not Ready Yet
47,33,15,12,98,42,57,47,60,36,54,Needs Improvement
88,84,0,0,22,82,71,82,99,94,100,Highly Ready
38,13,5,1,0,36,48,25,58,26,23,Not Ready Yet
50,20,17,12,45,39,37,14,55,37,37,Not Ready Yet
55,57,0,0,100,71,48,43,57,43,74,Needs Improvement
37,63,4,5,95,24,1,4,37,45,46,Needs Improvement
71,37,0,0,8,90,44,55,64,63,89,Moderately Ready
5,21,15,6,16,49,30,8,22,18,60,Not Ready Yet
73,53,4,0,41,84,61,85,85,95,71,Highly Ready
87,71,13,0,11,83,71,48,87,51,75,Moderately Ready
59,100,0,0,58,100,85,81,95,78,67,Highly Ready
46,44,3,4,77,45,40,46,60,22,63,Needs Improvement
50,65,5,12,91,60,24,26,56,26,65,Needs Improvement
92,82,3,0,47,83,75,17,50,37,43,Moderately Ready
45,42,2,6,93,45,27,68,73,28,47,Needs Improvement
38,42,0,5,81,53,56,62,61,54,53,Needs Improvement
40,13,10,11,30,34,48,56,61,33,54,Needs Improvement
58,32,17,0,100,68,33,45,71,79,23,Needs Improvement
58,48,7,10,78,41,25,33,74,51,28,Needs Improvement
39,57,5,0,13,43,71,57,46,32,44,Needs Improvement
10,34,17,12,12,51,36,24,35,22,20,Not Ready Yet
80,94,3,0,95,76,100,91,90,81,59,Highly Ready
84,90,0,0,84,69,100,100,97,86,75,Highly Ready
40,55,19,0,99,70,42,0,51,30,53,Needs Improvement
36,0,18,12,92,32,24,8,27,15,14,Not Ready Yet
55,25,9,0,100,36,52,40,73,79,47,Needs Improvement
48,9,20,12,64,20,30,3,65,40,35,Not Ready Yet
88,78,0,0,79,52,37,85,65,45,66,Moderately Ready
35,13,15,1,9,37,25,10,26,16,52,Not Ready Yet
52,48,0,12,72,19,52,43,60,49,52,Needs Improvement
74,36,20,0,12,64,53,48,76,65,60,Moderately Ready
62,29,13,0,57,25,39,69,52,85,58,Needs Improvement
68,84,2,6,44,61,79,39,46,77,55,Moderately Ready
61,47,19,5,47,68,45,63,79,60,63,Moderately Ready
21,30,16,12,56,33,11,9,20,27,43,Not Ready Yet
47,69,3,12,67,40,70,52,72,73,62,Moderately Ready
61,62,5,0,0,70,22,37,97,72,41,Moderately Ready
52,43,5,6,62,30,19,71,58,48,23,Needs Improvement
23,29,16,0,41,32,14,17,44,29,15,Not Ready Yet
28,23,2,1,84,46,41,35,36,39,36,Needs Improvement
26,30,4,12,19,9,30,8,28,27,46,Not Ready Yet
73,96,0,0,23,100,80,55,73,77,90,Highly Ready
45,37,20,12,61,9,7,12,5,39,5,Not Ready Yet
38,37,15,6,38,26,61,33,49,39,42,Needs Improvement
10,44,11,11,14,26,48,38,17,15,32,Not Ready Yet
27,47,14,7,82,10,26,22,38,33,33,Not Ready Yet
59,100,13,0,9,74,43,75,52,60,97,Highly Ready
40,22,0,12,71,33,21,18,34,1,19,Not Ready Yet
33,24,16,9,32,26,27,23,36,45,6,Not Ready Yet
83,91,0,12,23,99,73,95,60,90,82,Highly Ready
47,30,20,12,58,32,10,6,51,48,31,Not Ready Yet
93,60,0,0,64,59,86,96,86,81,82,Highly Ready
100,53,7,3,61,57,58,53,100,76,74,Highly Ready
27,26,3,12,6,40,31,29,25,45,43,Not Ready Yet
48,21,19,12,64,54,30,64,48,49,61,Needs Improvement
14,0,17,12,37,28,38,39,45,13,37,Not Ready Yet
52,96,0,0,91,72,59,81,79,65,78,Highly Ready
100,48,0,12,63,56,57,100,78,83,83,Highly Ready
3,25,15,8,2,22,14,32,24,26,37,Not Ready Yet
54,34,20,2,89,38,26,35,31,56,48,Needs Improvement
48,44,20,0,46,60,24,67,51,61,25,Needs Improvement
24,70,13,4,39,30,53,34,55,23,71,Needs Improvement
40,49,4,4,12,80,45,71,76,66,82,Moderately Ready
45,11,20,3,86,9,45,35,34,45,49,Not Ready Yet
46,75,19,0,48,64,79,38,73,79,79,Moderately Ready
73,82,0,0,66,65,25,33,78,58,83,Moderately Ready
56,41,0,0,22,62,90,79,53,36,90,Moderately Ready
85,61,2,3,68,54,54,56,53,62,61,Moderately Ready
77,47,3,1,41,64,58,60,52,53,67,Moderately Ready
62,22,18,0,23,26,49,58,74,42,73,Needs Improvement
38,59,0,12,44,63,20,18,60,51,39,Moderately Ready
64,58,2,12,94,56,65,71,60,54,75,Needs Improvement
41,56,13,1,47,15,65,23,60,34,63,Needs Improvement
64,49,7,12,100,40,55,57,45,65,57,Moderately Ready
31,20,16,0,95,36,50,5,32,69,33,Needs Improvement
76,68,0,0,78,100,59,50,74,100,79,Highly Ready
74,40,10,8,0,52,71,50,100,53,75,Moderately Ready
10,8,8,12,9,4,25,14,18,30,31,Not Ready Yet
69,86,2,3,11,56,36,39,72,68,82,Moderately Ready
61,34,17,9,80,46,64,18,45,32,47,Needs Improvement
38,39,18,5,70,62,3,15,53,15,58,Not Ready Yet
66,70,4,10,59,74,72,28,80,61,84,Moderately Ready
78,59,9,12,77,84,68,55,89,93,82,Highly Ready
34,47,6,12,46,48,10,34,19,15,15,Not Ready Yet
37,53,0,12,96,38,20,36,57,41,44,Needs Improvement
50,39,8,10,95,63,70,48,80,67,85,Moderately Ready
44,50,15,12,48,20,32,27,71,44,43,Needs Improvement
64,65,3,12,48,53,10,40,57,46,45,Needs Improvement
44,61,12,5,10,85,60,31,58,55,50,Moderately Ready
30,28,20,12,87,54,14,18,13,58,20,Not Ready Yet
79,63,7,10,25,57,94,29,53,74,42,Moderately Ready
23,19,18,12,48,36,3,44,62,29,38,Not Ready Yet
62,71,0,2,86,87,86,49,67,69,91,Highly Ready
68,71,0,0,56,46,28,89,81,48,98,Moderately Ready
15,40,14,8,35,3,24,31,58,17,31,Not Ready Yet
74,42,0,12,61,33,72,38,54,84,49,Moderately Ready
98,74,0,3,39,91,90,50,73,82,83,Highly Ready
15,54,16,12,81,28,11,45,56,51,55,Not Ready Yet
91,72,5,0,19,62,81,46,71,85,62,Highly Ready
82,83,7,0,81,77,41,89,79,81,59,Highly Ready
54,57,2,4,0,51,76,80,52,68,91,Moderately Ready
47,53,9,0,90,79,43,75,78,64,54,Moderately Ready
83,65,0,12,68,78,93,59,68,80,100,Highly Ready
35,22,3,12,29,44,36,49,43,35,27,Not Ready Yet
38,54,17,0,52,32,22,48,43,61,24,Needs Improvement
96,92,0,0,9,89,100,73,70,84,65,Highly Ready
20,29,20,5,45,35,8,38,35,46,7,Not Ready Yet
30,59,11,10,100,23,49,28,67,31,32,Needs Improvement
27,24,18,12,45,18,3,12,23,65,37,Not Ready Yet
74,100,3,0,93,68,42,56,97,86,78,Highly Ready
34,21,13,12,88,26,53,52,34,38,36,Needs Improvement
78,59,0,0,90,79,83,69,90,90,73,Highly Ready
61,50,5,12,38,39,43,28,77,49,61,Needs Improvement
24,24,20,5,24,50,31,31,24,14,26,Not Ready Yet
62,40,19,6,17,53,36,53,57,55,30,Needs Improvement
51,87,7,0,78,57,52,67,81,79,75,Moderately Ready
49,51,16,12,80,35,21,53,70,41,44,Needs Improvement
27,30,7,0,85,53,44,71,48,62,56,Needs Improvement
49,46,10,2,85,43,30,33,70,66,27,Needs Improvement
75,67,8,0,87,47,100,45,83,50,93,Highly Ready
28,20,19,5,62,17,42,24,8,28,32,Not Ready Yet
31,58,4,11,47,58,33,17,71,39,61,Needs Improvement
48,55,9,12,79,55,28,15,51,35,40,Needs Improvement
52,47,0,0,88,75,26,70,88,46,60,Moderately Ready
61,68,5,1,3,68,54,46,88,36,87,Highly Ready
28,47,3,0,100,5,24,20,40,27,42,Not Ready Yet
71,50,20,1,50,70,33,16,41,26,66,Needs Improvement
74,74,0,0,53,65,48,84,67,62,74,Moderately Ready
17,1,8,0,93,14,0,45,16,2,61,Needs Improvement
66,77,15,0,28,57,61,88,87,75,74,Highly Ready
8,14,14,12,49,26,10,24,35,43,29,Not Ready Yet
77,44,3,6,8,76,45,52,76,91,85,Moderately Ready
30,10,0,2,4,28,56,71,53,38,27,Needs Improvement
30,29,10,0,6,31,16,34,65,56,37,Needs Improvement
64,54,13,3,45,100,33,70,55,65,60,Moderately Ready
43,26,12,9,67,34,59,10,29,23,36,Needs Improvement
82,84,13,11,16,76,73,55,89,66,64,Highly Ready
92,83,8,6,18,81,92,88,62,82,79,Highly Ready
41,53,0,1,50,71,87,70,76,64,73,Moderately Ready
23,29,8,12,5,3,22,52,43,35,34,Not Ready Yet
19,53,10,7,71,40,48,32,73,27,31,Needs Improvement
83,62,9,1,28,53,77,34,59,63,72,Moderately Ready
35,14,4,6,31,41,49,68,69,54,40,Needs Improvement
71,100,0,4,5,100,95,78,69,100,82,Highly Ready
84,96,0,9,68,99,100,94,62,76,61,Highly Ready
54,47,14,1,68,58,21,58,79,29,53,Needs Improvement
26,75,4,3,74,46,61,46,49,74,49,Needs Improvement
67,31,4,0,8,31,79,46,65,32,48,Moderately Ready
32,56,12,12,20,61,84,42,94,47,77,Moderately Ready
82,100,6,4,44,100,80,100,95,83,89,Highly Ready
55,38,0,0,100,84,59,45,63,56,63,Moderately Ready
8,12,19,0,84,7,0,5,46,34,31,Not Ready Yet
67,63,11,3,25,56,17,31,28,40,62,Needs Improvement
76,97,0,8,69,100,72,51,80,85,68,Highly Ready
29,22,13,6,31,50,54,73,59,46,30,Needs Improvement
56,57,2,11,17,74,75,42,60,51,75,Moderately Ready
71,76,7,1,3,90,50,75,52,48,77,Moderately Ready
34,51,1,6,49,44,43,56,33,24,28,Needs Improvement
26,45,2,11,51,31,32,72,37,47,18,Needs Improvement
54,47,19,12,18,51,50,22,67,28,25,Needs Improvement
47,46,2,4,5,53,39,48,58,43,64,Needs Improvement
74,78,1,0,8,37,47,18,93,37,45,Needs Improvement
43,17,20,0,15,8,38,36,55,39,16,Not Ready Yet
38,1,5,10,80,0,4,0,25,48,31,Not Ready Yet
97,69,9,0,34,95,52,95,90,84,67,Highly Ready
75,37,20,0,53,49,65,64,49,84,34,Moderately Ready
87,100,7,0,43,84,79,91,100,100,90,Highly Ready
81,93,14,6,32,90,69,99,81,79,100,Highly Ready
30,33,10,7,15,42,41,20,76,67,47,Needs Improvement
32,42,0,10,78,48,36,47,45,64,38,Needs Improvement
69,78,7,12,67,72,47,52,82,52,44,Moderately Ready
80,80,9,0,72,86,72,81,100,100,70,Highly Ready
9,32,20,2,76,21,0,42,37,46,44,Not Ready Yet
38,20,15,12,75,42,17,18,40,22,6,Not Ready Yet
100,100,3,0,9,75,100,43,51,93,56,Highly Ready
1,22,20,10,9,10,47,28,26,60,28,Not Ready Yet
49,6,13,1,34,38,30,15,28,10,59,Not Ready Yet
84,60,0,0,28,82,79,94,91,88,100,Highly Ready
13,21,12,12,100,15,42,11,32,20,28,Not Ready Yet
54,90,0,0,47,80,55,91,52,56,66,Moderately Ready
52,42,0,3,8,84,54,30,80,71,54,Moderately Ready
91,86,15,0,62,61,59,67,97,88,68,Highly Ready
100,97,11,0,23,69,100,100,79,63,94,Highly Ready
52,69,9,0,44,62,43,66,45,78,67,Moderately Ready
68,80,16,12,11,70,62,86,57,84,47,Moderately Ready
43,80,4,7,99,70,25,76,59,57,73,Needs Improvement
24,17,20,0,57,9,19,12,43,4,4,Not Ready Yet
68,65,19,9,64,62,73,77,70,71,72,Moderately Ready
57,90,0,0,61,70,88,61,87,60,74,Highly Ready
25,17,8,5,89,34,3,12,30,39,59,Not Ready Yet
44,71,4,7,63,47,66,58,79,52,46,Moderately Ready
80,55,0,0,87,44,43,70,41,58,35,Needs Improvement
78,98,0,0,80,58,50,69,97,85,100,Highly Ready
48,42,7,7,47,58,41,6,74,31,44,Needs Improvement
57,81,0,3,81,63,59,46,37,65,67,Moderately Ready
12,25,20,3,100,15,8,23,58,21,14,Not Ready Yet
60,25,12,3,33,49,48,57,44,48,51,Needs Improvement
51,84,20,0,95,71,60,72,59,40,52,Moderately Ready
78,80,11,4,60,71,52,100,64,72,83,Highly Ready
96,70,0,2,43,90,61,100,53,48,95,Highly Ready
10,40,3,12,82,46,67,33,69,65,71,Needs Improvement
98,94,0,0,75,80,88,61,76,75,57,Highly Ready
72,83,0,0,0,68,72,52,78,90,65,Highly Ready
41,19,15,6,14,27,37,59,29,39,61,Needs Improvement
93,74,20,0,16,72,62,51,100,78,89,Highly Ready
66,51,5,0,67,79,40,65,37,52,87,Moderately Ready
61,41,3,12,76,59,53,63,39,42,45,Needs Improvement
60,90,11,0,13,49,73,100,80,63,55,Moderately Ready
75,74,13,0,88,100,93,70,98,90,85,Highly Ready
23,25,20,0,6,3,11,11,21,27,21,Not Ready Yet
84,34,0,10,73,84,72,69,87,54,86,Moderately Ready
59,61,0,0,35,81,20,91,56,73,69,Moderately Ready
81,71,0,0,27,83,71,62,80,97,73,Highly Ready
63,39,0,0,20,63,22,37,69,21,60,Moderately Ready
62,76,20,0,85,79,13,87,45,54,75,Moderately Ready
66,85,5,2,89,97,65,56,89,79,67,Highly Ready
62,83,0,0,63,65,29,66,78,60,47,Moderately Ready
59,50,7,4,61,45,41,54,85,92,42,Moderately Ready
70,71,6,0,8,71,63,31,60,65,69,Moderately Ready
64,73,6,0,41,83,30,37,68,59,67,Moderately Ready
45,26,17,0,93,24,0,6,33,0,25,Not Ready Yet
7,33,12,0,23,39,0,0,20,43,10,Not Ready Yet
43,23,15,11,54,8,0,22,28,54,20,Not Ready Yet
100,95,4,0,52,89,62,50,100,43,61,Highly Ready
91,88,13,11,0,65,50,67,78,95,97,Highly Ready
86,72,15,4,86,94,56,76,69,99,71,Highly Ready
86,47,0,3,36,72,56,73,63,79,72,Moderately Ready
82,63,4,3,54,59,70,66,92,81,91,Highly Ready
100,80,0,4,17,82,58,49,74,65,66,Highly Ready
92,63,3,0,67,69,77,80,93,56,93,Highly Ready
48,49,17,0,52,55,32,29,49,45,29,Needs Improvement
68,83,1,0,18,100,76,89,96,74,87,Highly Ready
43,32,7,0,19,46,40,78,66,44,64,Needs Improvement
49,60,10,11,73,82,56,38,68,74,63,Moderately Ready
81,49,0,5,47,72,53,45,100,88,86,Highly Ready
81,81,8,0,25,88,60,58,58,47,63,Moderately Ready
42,73,7,12,26,65,59,75,52,81,72,Moderately Ready
36,69,5,3,21,25,31,8,82,62,23,Needs Improvement
54,37,8,0,85,29,63,65,28,32,54,Not Ready Yet
92,78,16,12,67,53,70,87,75,87,90,Highly Ready
37,6,20,0,12,17,44,14,44,35,29,Not Ready Yet
100,79,0,9,40,82,67,100,100,63,81,Highly Ready
82,82,0,5,4,67,96,60,79,84,83,Highly Ready
17,10,2,6,80,10,44,48,43,34,20,Not Ready Yet
29,22,20,8,58,8,35,19,55,19,48,Not Ready Yet
58,60,5,12,88,77,100,100,100,96,83,Highly Ready
55,17,7,10,1,77,19,4,52,31,21,Needs Improvement
48,38,20,0,11,40,37,47,30,23,3,Not Ready Yet
96,98,8,2,26,73,100,73,95,83,80,Highly Ready
81,57,0,8,52,50,45,45,49,61,67,Moderately Ready
80,82,6,0,59,75,77,33,67,58,61,Moderately Ready
69,56,16,0,56,71,36,35,75,84,74,Moderately Ready
16,37,8,9,73,41,13,40,45,25,13,Needs Improvement
100,75,4,1,70,63,72,91,83,73,70,Highly Ready
48,71,20,0,47,43,57,32,47,45,44,Needs Improvement
86,61,1,3,52,57,74,70,87,85,90,Moderately Ready
76,76,0,0,8,83,95,72,79,81,91,Highly Ready
35,0,14,8,43,39,25,1,46,19,41,Not Ready Yet
64,64,20,1,22,65,58,75,93,60,49,Moderately Ready
72,52,2,0,27,76,87,43,65,67,93,Moderately Ready
87,51,0,0,47,48,16,44,63,65,65,Moderately Ready
74,44,3,5,23,25,51,54,69,56,19,Needs Improvement
50,71,16,2,20,56,45,59,27,43,36,Moderately Ready
59,57,4,10,27,52,54,59,64,27,38,Needs Improvement
37,45,7,3,61,32,42,33,77,59,51,Needs Improvement
60,100,3,5,19,72,60,71,81,52,68,Highly Ready
66,59,7,1,8,65,88,54,73,78,74,Moderately Ready
72,44,17,0,88,26,34,54,48,25,32,Needs Improvement
87,61,7,12,13,84,93,66,90,75,90,Highly Ready
59,62,6,0,0,41,62,44,94,51,73,Moderately Ready
37,21,16,4,80,67,63,37,53,32,55,Needs Improvement
86,69,6,0,80,85,86,53,71,86,59,Highly Ready
28,83,8,7,73,69,44,58,43,59,77,Moderately Ready
36,65,8,11,80,36,38,11,48,58,46,Needs Improvement
31,51,9,3,9,58,23,31,38,33,25,Needs Improvement
62,75,0,0,20,80,83,100,75,81,100,Highly Ready
30,44,20,12,67,49,0,18,40,14,18,Not Ready Yet
55,63,3,8,39,45,26,63,87,65,67,Moderately Ready
52,70,10,2,56,90,79,100,68,93,70,Highly Ready
19,36,14,12,66,15,50,2,45,22,42,Not Ready Yet
46,27,5,0,66,27,51,66,38,60,31,Needs Improvement
26,4,14,10,98,24,13,10,12,18,41,Not Ready Yet
43,29,0,12,59,37,12,67,51,26,42,Needs Improvement
16,31,20,12,74,42,25,12,22,46,22,Not Ready Yet
40,80,13,4,59,70,29,79,76,91,72,Moderately Ready
27,21,5,0,94,20,35,43,55,22,45,Not Ready Yet
59,77,8,0,43,66,51,83,74,82,52,Moderately Ready
17,62,10,8,88,31,13,31,62,56,30,Needs Improvement
89,81,7,12,78,62,84,89,68,84,64,Highly Ready
97,100,0,7,38,59,89,64,72,72,64,Highly Ready
8,25,13,11,98,24,36,25,46,41,33,Not Ready Yet
51,73,11,0,82,82,66,17,39,55,38,Moderately Ready
37,41,5,5,56,51,74,47,67,71,57,Needs Improvement
98,74,12,0,32,63,100,48,81,94,84,Highly Ready
45,38,4,0,79,41,31,37,66,40,58,Needs Improvement
31,60,0,0,21,60,78,56,62,68,48,Moderately Ready
53,95,6,3,67,45,86,59,95,77,82,Moderately Ready
43,82,2,12,97,58,54,66,64,67,62,Moderately Ready
96,100,17,9,46,77,80,84,68,89,73,Highly Ready
69,39,19,0,17,54,46,66,60,21,64,Needs Improvement
72,56,0,0,0,91,80,40,97,100,59,Highly Ready
31,0,17,12,42,27,55,1,19,44,31,Not Ready Yet
51,80,10,6,73,66,31,51,82,54,49,Moderately Ready
80,71,0,10,65,87,95,87,100,95,69,Highly Ready
83,59,13,11,73,75,68,67,76,76,86,Highly Ready
87,97,0,0,25,79,73,98,78,85,86,Highly Ready
8,27,20,11,35,44,28,43,35,24,36,Not Ready Yet
51,66,0,12,9,41,40,20,25,21,36,Needs Improvement
100,76,9,1,18,71,80,36,66,56,75,Moderately Ready
33,21,20,12,0,1,14,10,28,1,24,Not Ready Yet
26,32,16,4,30,68,22,32,45,60,54,Needs Improvement
87,86,0,8,88,94,62,81,86,58,68,Highly Ready
64,75,0,0,100,67,61,80,51,62,60,Moderately Ready
61,25,5,0,97,39,67,24,63,54,57,Needs Improvement
100,81,9,4,92,72,95,76,60,79,50,Highly Ready
58,42,0,0,97,48,61,24,61,55,62,Moderately Ready
69,91,4,3,62,66,72,77,88,87,76,Moderately Ready
77,76,4,12,18,93,60,92,96,91,92,Highly Ready
43,25,12,0,58,57,53,23,75,54,27,Needs Improvement
26,18,20,12,89,46,24,46,48,44,64,Not Ready Yet
66,64,0,0,100,72,78,58,84,77,51,Moderately Ready
55,50,2,3,67,40,17,33,34,40,47,Needs Improvement
33,38,14,2,73,37,5,26,11,38,38,Not Ready Yet
39,22,0,10,71,43,19,43,49,31,48,Not Ready Yet
89,65,4,11,15,99,61,34,83,44,73,Moderately Ready
63,41,17,7,20,47,52,19,55,53,67,Needs Improvement
63,48,4,5,33,65,61,46,65,74,88,Highly Ready
85,60,16,0,11,100,87,43,77,73,66,Highly Ready
50,27,20,12,25,58,20,33,52,35,23,Needs Improvement
23,33,15,0,36,47,61,65,71,54,59,Needs Improvement
70,86,8,10,76,64,45,82,79,76,56,Moderately Ready
60,61,3,9,51,46,25,36,67,53,40,Needs Improvement
51,77,17,12,69,80,76,47,77,55,52,Moderately Ready
50,41,3,10,30,45,36,54,57,58,64,Moderately Ready
20,33,8,0,17,16,29,37,38,28,30,Not Ready Yet
59,39,6,12,70,66,57,85,62,93,84,Moderately Ready
74,74,20,5,96,63,93,86,57,62,80,Moderately Ready
12,7,9,0,19,0,8,3,34,45,33,Not Ready Yet
26,10,13,8,29,47,7,29,43,5,32,Not Ready Yet
68,67,20,0,52,61,46,42,74,87,67,Moderately Ready
49,36,0,12,100,35,32,10,76,44,68,Needs Improvement
50,34,0,0,54,54,62,11,32,21,62,Needs Improvement
67,100,0,12,58,85,57,50,99,51,76,Highly Ready
44,51,8,0,61,54,62,75,82,68,81,Moderately Ready
83,49,18,12,0,78,77,98,84,66,68,Moderately Ready
52,65,8,2,43,58,74,75,84,42,62,Moderately Ready
100,61,0,11,30,73,97,100,73,99,95,Moderately Ready
91,38,20,0,71,47,79,53,69,48,54,Moderately Ready
53,35,0,12,89,70,88,54,74,66,63,Moderately Ready
71,86,17,12,63,84,76,50,60,80,64,Highly Ready
77,57,0,1,97,55,72,76,88,71,60,Moderately Ready
68,55,20,10,94,61,75,31,46,60,51,Moderately Ready
51,30,15,0,20,51,55,69,61,79,64,Moderately Ready
49,43,13,3,56,60,68,23,46,25,25,Needs Improvement
53,37,7,8,22,59,38,58,49,35,41,Moderately Ready
77,63,3,6,18,54,35,66,79,41,66,Moderately Ready
64,50,10,12,26,65,38,36,79,45,51,Needs Improvement
10,56,15,0,84,23,44,35,70,27,20,Needs Improvement
0,18,20,0,40,19,41,14,55,41,47,Not Ready Yet
12,18,20,0,100,50,32,38,18,46,46,Not Ready Yet
85,95,8,0,12,75,45,73,94,77,69,Highly Ready
33,43,20,0,42,21,38,41,25,50,38,Not Ready Yet
40,54,11,0,76,53,22,48,49,52,57,Needs Improvement
29,48,13,5,0,13,57,17,72,51,52,Needs Improvement
48,31,13,0,61,69,58,61,47,52,57,Moderately Ready
35,34,0,12,79,21,36,61,49,26,40,Needs Improvement
71,83,7,12,99,54,67,54,69,58,80,Moderately Ready
63,48,3,0,81,27,35,54,29,24,28,Needs Improvement
38,60,12,12,79,30,37,34,59,60,58,Moderately Ready
31,28,2,11,81,37,0,37,59,35,38,Not Ready Yet
31,36,13,5,57,51,25,38,61,40,35,Needs Improvement
60,45,8,9,96,100,22,35,77,87,58,Needs Improvement
90,94,0,2,70,100,98,45,56,68,100,Highly Ready
30,36,20,0,28,22,43,29,56,38,55,Needs Improvement
63,62,9,6,16,51,47,44,85,36,46,Needs Improvement
31,56,15,12,27,52,54,48,64,57,46,Needs Improvement
100,80,0,0,34,89,100,59,92,87,67,Highly Ready
52,38,1,11,41,62,50,44,77,71,65,Moderately Ready
55,55,1,0,72,58,41,26,58,50,45,Moderately Ready
72,69,0,12,23,51,45,64,58,36,84,Moderately Ready
83,84,9,0,40,66,58,44,64,73,96,Moderately Ready
84,57,0,2,68,79,89,87,90,78,55,Highly Ready
70,45,13,0,16,61,48,48,76,81,74,Moderately Ready
47,51,0,1,88,38,43,52,49,17,24,Needs Improvement
81,54,1,0,84,59,57,53,85,62,51,Moderately Ready
84,100,0,0,100,85,55,80,100,88,100,Highly Ready
81,65,15,0,28,69,93,84,88,71,76,Needs Improvement
34,64,2,12,71,46,44,63,35,34,40,Needs Improvement
15,73,0,0,25,35,61,61,60,28,34,Needs Improvement
55,33,4,8,19,45,65,18,52,59,41,Needs Improvement
23,10,20,6,49,49,26,23,41,44,21,Not Ready Yet
2,9,11,0,24,28,18,24,28,14,29,Not Ready Yet
88,97,0,3,84,70,85,66,75,55,63,Highly Ready
93,62,2,7,51,70,60,69,77,64,61,Moderately Ready
55,46,6,0,66,61,23,68,50,40,33,Needs Improvement
80,65,20,0,18,59,42,50,67,51,61,Moderately Ready
31,63,4,9,42,81,35,90,91,68,60,Moderately Ready
84,97,2,8,37,98,73,91,90,93,84,Highly Ready
59,86,8,12,15,88,81,59,42,54,57,Highly Ready
9,45,2,10,7,37,40,57,43,31,17,Not Ready Yet
55,70,0,2,60,98,67,65,68,87,97,Highly Ready
69,68,18,4,32,59,54,37,52,65,82,Moderately Ready
100,65,0,2,64,98,64,58,94,87,92,Highly Ready
52,77,5,12,45,79,71,65,83,62,51,Moderately Ready
84,50,4,4,22,86,54,84,81,68,74,Moderately Ready
71,85,0,0,51,65,75,100,78,95,72,Highly Ready
73,68,20,5,82,78,95,91,79,74,74,Highly Ready
91,67,12,2,12,100,72,39,61,56,100,Highly Ready
85,93,2,0,29,100,71,74,65,84,65,Highly Ready
65,43,4,12,98,57,43,41,83,60,68,Moderately Ready
66,68,20,11,83,82,83,99,69,78,60,Moderately Ready
96,71,4,5,76,85,98,68,80,62,69,Highly Ready
74,81,12,10,100,76,51,68,69,84,64,Highly Ready
81,78,17,0,0,52,43,53,96,47,65,Moderately Ready
48,38,3,7,51,29,45,73,69,52,42,Moderately Ready
43,48,0,0,94,91,64,34,72,47,72,Moderately Ready
93,35,20,7,67,28,73,41,81,58,70,Moderately Ready
31,40,20,0,33,18,29,52,56,5,47,Not Ready Yet
56,72,6,12,75,51,48,74,42,50,72,Needs Improvement
53,76,6,4,89,52,46,49,70,62,43,Moderately Ready
43,25,20,12,51,56,18,20,51,52,61,Needs Improvement
58,55,0,0,47,50,45,69,53,64,63,Moderately Ready
60,52,0,0,57,80,72,34,45,69,67,Needs Improvement
31,64,10,12,27,63,37,30,21,52,50,Needs Improvement
96,37,0,0,11,87,38,71,86,62,46,Moderately Ready
53,40,1,0,55,74,59,45,75,78,65,Moderately Ready
19,10,17,9,30,33,35,17,25,18,32,Not Ready Yet
23,9,9,12,54,46,29,43,58,5,31,Not Ready Yet
38,30,7,0,84,48,20,53,58,64,55,Needs Improvement
53,70,0,4,100,53,43,38,96,58,57,Moderately Ready
29,34,11,11,33,22,24,20,34,21,50,Not Ready Yet
96,69,16,0,30,73,91,70,80,62,87,Highly Ready
57,80,1,0,91,81,58,63,61,71,65,Moderately Ready
19,30,20,4,69,29,8,24,37,12,17,Not Ready Yet
75,73,7,0,21,38,47,88,49,43,67,Moderately Ready
82,48,0,7,67,56,80,43,76,59,76,Moderately Ready
57,39,6,0,44,73,59,75,49,75,31,Moderately Ready
100,77,0,9,85,89,71,77,99,63,58,Highly Ready
58,9,11,11,19,34,37,22,71,17,51,Needs Improvement
50,46,18,6,33,54,56,38,22,58,39,Needs Improvement
53,50,7,1,39,65,81,62,53,91,92,Moderately Ready
100,83,0,2,30,71,73,65,74,76,85,Highly Ready
100,82,0,12,43,65,81,74,83,84,53,Highly Ready
48,65,1,7,50,43,60,21,73,57,60,Moderately Ready
71,84,7,2,70,52,52,81,67,76,83,Highly Ready
73,74,3,12,75,100,93,77,82,84,80,Highly Ready
84,100,0,0,24,74,53,81,73,88,100,Highly Ready
43,0,15,0,78,19,14,43,61,25,62,Not Ready Yet
62,81,5,3,74,83,51,98,95,60,43,Highly Ready
52,40,11,0,35,92,28,45,66,50,52,Moderately Ready
45,70,0,5,84,71,79,67,82,74,71,Moderately Ready
55,80,2,0,35,68,36,33,77,84,85,Moderately Ready
82,84,5,2,85,48,43,62,81,50,82,Moderately Ready
54,39,6,4,88,38,53,56,61,63,64,Moderately Ready
29,37,16,0,99,30,52,0,32,29,46,Not Ready Yet
66,37,6,8,100,67,65,8,57,44,77,Moderately Ready
87,57,13,0,8,78,82,59,87,100,69,Highly Ready
94,66,9,0,56,87,58,75,52,74,65,Highly Ready
97,46,15,0,87,46,33,49,79,49,46,Moderately Ready
83,34,15,10,0,64,78,47,59,81,47,Moderately Ready
87,54,20,5,88,67,48,50,83,61,50,Highly Ready
38,28,12,12,57,0,35,47,26,50,37,Not Ready Yet
78,53,0,9,31,66,100,58,64,84,94,Highly Ready
77,43,0,0,79,100,66,60,89,61,84,Highly Ready
13,0,0,3,37,38,30,15,53,23,21,Not Ready Yet
71,91,0,0,35,90,42,63,84,79,92,Highly Ready
72,91,0,9,86,100,73,93,66,100,94,Highly Ready
40,61,20,6,0,23,19,17,40,39,36,Needs Improvement
20,19,7,4,66,37,29,39,26,50,34,Needs Improvement
31,52,13,0,40,50,33,29,35,18,58,Needs Improvement
60,35,20,9,3,55,45,56,54,36,18,Needs Improvement
62,63,11,7,7,46,39,72,51,62,30,Needs Improvement
60,65,4,12,82,97,75,37,48,88,84,Moderately Ready
46,53,12,7,44,46,82,78,71,82,38,Moderately Ready
36,47,20,10,2,49,19,47,74,13,47,Needs Improvement
42,29,6,0,87,58,52,28,32,43,30,Needs Improvement
79,68,12,9,40,48,37,55,85,86,79,Highly Ready
90,100,0,12,45,79,82,98,84,80,61,Highly Ready
71,57,7,10,83,90,50,92,84,63,85,Highly Ready
32,39,12,12,67,16,11,35,55,35,30,Not Ready Yet
66,43,14,0,100,95,60,58,77,67,76,Moderately Ready
69,62,1,10,82,80,100,85,72,67,64,Highly Ready
47,59,2,12,80,96,85,76,84,93,60,Highly Ready
25,51,12,12,0,23,58,39,32,22,55,Not Ready Yet
70,80,18,0,93,98,49,58,71,60,80,Highly Ready
36,73,6,6,19,35,46,44,47,33,49,Not Ready Yet
23,64,20,0,90,39,51,61,34,36,62,Needs Improvement
85,59,7,0,94,81,66,14,68,68,80,Moderately Ready
26,47,17,7,33,39,25,50,66,21,64,Needs Improvement
19,5,20,2,12,21,25,6,34,3,9,Not Ready Yet
94,87,0,0,75,100,100,77,74,81,91,Highly Ready
6,20,20,0,37,32,17,27,32,16,3,Not Ready Yet
27,34,10,12,19,22,17,45,21,45,3,Not Ready Yet
91,71,7,3,9,61,24,34,71,63,65,Moderately Ready
87,73,5,9,55,74,83,90,83,81,74,Highly Ready
100,70,0,6,80,71,83,79,99,71,98,Highly Ready
76,100,2,0,40,98,60,72,82,91,63,Highly Ready
40,42,12,1,33,77,46,80,40,63,68,Moderately Ready
44,0,7,12,42,55,17,15,43,56,6,Not Ready Yet
65,58,10,6,46,75,68,82,67,69,73,Highly Ready
11,21,20,4,51,1,30,29,21,52,43,Not Ready Yet
73,79,7,8,27,65,55,76,88,79,66,Highly Ready
72,75,20,0,62,65,62,57,90,88,71,Moderately Ready
45,14,14,3,17,48,31,37,50,36,29,Not Ready Yet
38,43,20,10,11,41,27,39,52,30,42,Not Ready Yet
42,48,19,0,85,27,53,30,47,37,69,Needs Improvement
88,65,17,9,51,47,69,53,57,46,85,Moderately Ready
72,85,3,11,43,75,59,56,72,65,76,Moderately Ready
75,80,5,12,56,89,56,82,99,81,66,Highly Ready
64,52,0,0,87,62,87,60,59,80,54,Moderately Ready
34,20,7,7,12,42,34,16,61,66,43,Needs Improvement
83,97,0,0,71,64,64,100,92,95,100,Highly Ready
44,42,3,0,41,71,23,25,73,55,63,Moderately Ready
59,58,3,0,14,37,41,62,62,26,49,Needs Improvement
72,56,10,9,27,73,77,89,77,67,67,Moderately Ready
13,35,6,0,2,10,0,12,32,11,29,Not Ready Yet
26,39,1,12,48,31,43,42,37,42,77,Needs Improvement
71,90,5,0,73,93,100,96,89,97,72,Highly Ready
50,69,20,12,68,47,62,37,54,40,18,Needs Improvement
35,27,13,5,45,73,22,45,35,44,38,Needs Improvement
61,68,0,6,55,59,91,54,64,59,45,Moderately Ready
40,33,5,10,22,18,37,22,39,44,49,Not Ready Yet
44,67,12,0,72,84,79,87,52,80,59,Moderately Ready
59,55,3,12,20,60,79,64,82,63,82,Moderately Ready
49,47,9,2,97,75,61,21,45,39,75,Needs Improvement
52,71,0,0,11,76,56,63,57,60,48,Moderately Ready
80,81,7,6,55,66,58,74,59,44,70,Moderately Ready
9,15,2,7,51,26,19,30,24,17,14,Not Ready Yet
78,62,13,0,19,64,58,97,79,71,71,Highly Ready
56,28,6,0,38,20,35,7,8,34,25,Not Ready Yet
63,45,12,12,33,51,71,69,83,63,79,Highly Ready
54,20,0,12,58,49,26,24,46,27,28,Needs Improvement
66,76,12,0,58,90,67,79,100,84,65,Highly Ready
92,35,19,1,13,60,75,87,75,54,84,Moderately Ready
51,68,0,12,41,22,45,56,47,34,55,Needs Improvement
14,52,0,0,90,24,45,29,48,12,35,Not Ready Yet
18,18,6,11,49,32,51,4,40,36,27,Not Ready Yet
45,44,13,0,27,27,67,36,57,53,68,Needs Improvement
63,79,2,0,39,77,59,100,100,100,94,Highly Ready
60,34,4,12,18,64,52,52,64,64,60,Needs Improvement
20,29,10,12,92,37,37,22,55,13,36,Not Ready Yet
15,6,8,10,50,22,0,25,37,0,48,Not Ready Yet
75,50,17,8,0,70,86,58,76,64,45,Moderately Ready
66,61,0,0,14,37,70,45,79,57,71,Moderately Ready
77,52,6,12,94,51,55,40,73,40,54,Needs Improvement
70,61,2,12,96,46,47,47,82,90,45,Moderately Ready
51,80,0,0,76,59,72,48,76,63,72,Moderately Ready
71,78,14,0,51,100,50,80,100,74,81,Moderately Ready
31,13,18,8,20,29,22,9,17,51,40,Not Ready Yet
78,69,0,8,69,100,79,99,56,54,79,Highly Ready
48,2,20,12,100,47,20,21,38,21,13,Not Ready Yet
68,62,6,0,84,82,52,80,69,76,65,Moderately Ready
46,36,16,1,1,66,28,49,85,68,55,Moderately Ready
83,82,0,0,16,87,68,40,100,71,72,Highly Ready
72,93,0,2,77,53,68,94,70,90,70,Highly Ready
31,39,14,4,32,35,68,59,59,62,56,Needs Improvement
82,100,7,0,30,73,78,62,100,62,62,Highly Ready
64,64,7,7,83,56,36,38,96,82,45,Needs Improvement
38,57,7,7,73,44,57,55,66,41,64,Highly Ready
48,85,15,0,12,48,78,49,50,71,69,Moderately Ready
41,45,4,2,0,49,30,60,61,55,45,Needs Improvement
7,25,13,5,86,37,3,46,39,22,48,Not Ready Yet
78,53,10,0,61,61,84,57,59,48,60,Moderately Ready
64,84,4,10,44,62,62,35,70,50,57,Moderately Ready
61,78,20,12,49,63,48,44,71,81,47,Moderately Ready
80,66,0,8,49,65,95,55,80,82,100,Highly Ready
35,38,7,0,75,56,46,20,60,22,34,Needs Improvement
30,17,20,5,37,17,43,14,50,38,33,Not Ready Yet
65,64,14,0,29,43,36,1,32,48,69,Needs Improvement
85,84,1,0,72,65,100,100,82,87,60,Highly Ready
28,34,5,12,72,66,10,42,47,20,21,Needs Improvement
77,50,8,4,55,65,62,68,88,84,41,Moderately Ready
75,65,1,4,45,57,48,83,68,72,54,Moderately Ready
55,55,9,5,100,81,46,43,77,54,45,Moderately Ready
32,44,20,4,26,39,43,40,47,15,37,Not Ready Yet
69,80,9,6,72,61,72,61,52,72,35,Moderately Ready
34,60,12,0,13,36,59,48,44,67,63,Needs Improvement
20,9,18,12,79,24,28,31,29,37,36,Not Ready Yet
38,52,2,5,27,24,48,23,45,28,35,Not Ready Yet
23,3,20,10,57,17,18,38,48,36,42,Not Ready Yet
16,61,4,12,0,60,63,40,54,42,56,Needs Improvement
66,97,3,11,100,74,36,55,63,61,39,Moderately Ready
35,7,15,2,30,3,31,18,35,40,37,Not Ready Yet
72,60,11,12,61,57,70,58,79,79,69,Moderately Ready
73,58,0,0,67,99,56,52,70,41,91,Moderately Ready
81,63,4,0,30,73,100,100,70,83,84,Highly Ready
50,52,19,1,47,47,32,60,49,14,34,Needs Improvement
62,30,7,9,9,15,5,24,41,22,17,Not Ready Yet
22,67,20,5,13,46,12,37,63,54,26,Needs Improvement
100,90,7,0,40,100,53,50,97,65,57,Highly Ready
86,72,4,0,0,42,82,74,91,42,69,Moderately Ready
100,71,5,12,23,79,83,59,83,84,73,Highly Ready
100,84,6,0,41,63,91,100,73,58,79,Highly Ready
19,57,0,12,4,66,36,40,49,62,47,Needs Improvement
65,59,6,11,62,55,54,68,68,62,72,Needs Improvement
20,8,20,6,30,40,8,45,37,36,34,Not Ready Yet
58,47,0,6,9,34,41,52,45,46,27,Needs Improvement
66,66,20,1,6,41,26,29,31,65,47,Needs Improvement
85,56,19,12,47,70,71,38,68,86,67,Moderately Ready
59,56,19,0,61,56,34,61,71,35,64,Needs Improvement
31,36,12,12,22,8,14,20,34,23,22,Not Ready Yet
21,15,10,0,12,0,45,19,15,53,24,Not Ready Yet
41,29,20,9,59,38,23,48,35,66,34,Needs Improvement
32,21,14,0,5,34,48,15,49,68,54,Needs Improvement
100,50,2,0,80,68,55,83,98,99,71,Highly Ready
45,51,0,11,95,40,56,57,71,29,42,Needs Improvement
85,72,20,0,40,78,77,56,52,66,63,Moderately Ready
29,30,14,0,50,30,12,37,36,33,37,Not Ready Yet
26,29,13,12,77,26,27,17,52,30,17,Not Ready Yet
48,50,20,7,20,90,63,82,90,87,59,Moderately Ready
39,23,7,9,98,38,48,44,68,30,48,Needs Improvement
23,7,16,0,30,20,59,19,31,39,9,Not Ready Yet
53,35,0,6,18,68,76,47,62,60,61,Moderately Ready
69,73,5,0,33,73,51,67,41,61,46,Moderately Ready
90,100,3,6,0,59,80,100,73,100,83,Highly Ready
90,32,0,0,100,68,82,68,84,56,52,Moderately Ready
75,64,16,5,31,56,77,35,64,54,71,Moderately Ready
16,35,20,5,67,55,45,49,40,24,11,Needs Improvement
22,67,3,12,54,56,64,35,48,36,30,Needs Improvement
43,23,16,8,47,47,66,55,61,66,27,Needs Improvement
66,85,7,0,67,91,45,65,74,57,78,Highly Ready
69,91,9,0,77,79,64,50,70,73,100,Highly Ready
38,43,0,4,49,46,0,24,51,38,9,Needs Improvement
56,61,9,0,31,67,53,62,37,46,51,Needs Improvement
57,50,13,0,95,71,100,63,53,64,82,Moderately Ready
45,66,14,0,12,83,51,48,64,76,63,Moderately Ready
85,69,5,0,37,79,96,49,73,68,86,Moderately Ready
98,94,0,0,36,93,64,100,82,59,83,Highly Ready
20,32,20,12,32,49,28,9,40,23,36,Not Ready Yet
22,34,5,11,30,30,44,21,52,31,71,Needs Improvement
95,62,3,9,15,89,69,100,76,87,85,Highly Ready
61,54,3,0,87,47,53,52,63,92,79,Moderately Ready
100,53,0,0,82,77,31,80,80,81,73,Highly Ready
23,12,20,10,41,12,9,16,54,31,36,Not Ready Yet
52,36,20,12,57,38,49,10,66,56,50,Needs Improvement
61,75,15,12,17,41,51,65,68,66,84,Moderately Ready
29,13,20,12,38,11,34,25,23,13,21,Not Ready Yet
66,74,0,2,65,87,59,63,78,77,76,Moderately Ready
34,17,14,12,52,17,32,42,37,33,21,Not Ready Yet
54,26,20,12,93,8,14,26,24,24,44,Not Ready Yet
58,58,14,10,70,54,41,40,45,50,59,Needs Improvement
64,64,4,12,10,73,56,61,79,47,46,Needs Improvement
21,74,0,0,88,44,64,34,52,42,57,Needs Improvement
72,87,0,5,68,78,89,40,90,85,100,Highly Ready
24,18,14,0,63,68,64,34,63,64,28,Needs Improvement
85,58,5,4,95,88,76,60,88,100,87,Highly Ready
16,14,20,7,43,15,11,0,48,14,16,Not Ready Yet
47,46,13,0,82,49,15,43,39,48,63,Needs Improvement
47,56,7,3,84,64,6,61,57,24,53,Needs Improvement
88,90,0,0,51,87,75,62,98,74,92,Highly Ready
79,54,0,12,82,48,40,35,100,75,60,Moderately Ready
78,52,14,0,99,81,45,47,75,49,55,Moderately Ready
60,61,11,4,79,30,53,22,65,73,71,Needs Improvement
29,35,6,1,35,38,6,21,70,40,68,Needs Improvement
22,40,7,6,79,60,31,65,56,23,74,Needs Improvement
41,34,11,12,74,48,62,70,85,40,52,Moderately Ready
16,22,15,12,100,51,0,0,22,37,15,Not Ready Yet
83,69,0,0,49,35,29,28,71,65,38,Needs Improvement
69,98,12,0,19,95,68,65,91,88,100,Highly Ready
95,64,12,6,44,45,70,60,89,85,60,Moderately Ready
94,96,0,0,62,99,83,78,96,100,77,Highly Ready
37,39,17,2,65,44,22,46,26,63,41,Needs Improvement
73,100,0,2,81,74,57,58,92,74,97,Highly Ready
10,24,19,0,100,50,42,51,22,15,4,Not Ready Yet
76,50,9,11,1,46,66,43,69,44,74,Needs Improvement
31,64,8,1,34,29,41,34,51,58,51,Needs Improvement
41,11,13,0,0,10,36,21,60,40,39,Not Ready Yet
64,75,7,12,46,93,50,60,57,46,72,Moderately Ready
80,86,11,6,14,47,53,66,60,64,74,Moderately Ready
77,83,14,0,77,66,86,68,63,56,67,Needs Improvement
29,62,1,12,4,42,38,54,54,21,60,Needs Improvement
0,18,20,11,48,19,8,0,53,21,51,Not Ready Yet
32,28,0,5,20,26,13,32,51,44,56,Needs Improvement
51,59,13,7,20,55,54,33,33,19,13,Needs Improvement
71,91,6,0,41,85,49,91,71,72,98,Highly Ready
79,91,0,6,40,50,59,94,64,100,56,Highly Ready
28,35,6,2,47,41,60,66,53,66,48,Needs Improvement
25,61,4,7,97,50,36,51,29,26,70,Needs Improvement
73,45,0,4,86,59,31,65,76,97,60,Moderately Ready
28,11,20,4,6,4,3,41,37,27,22,Not Ready Yet
80,75,16,2,8,80,72,40,89,77,41,Moderately Ready
12,26,20,0,51,12,38,10,28,33,21,Not Ready Yet
78,45,5,0,88,83,75,30,92,76,71,Moderately Ready
65,81,8,0,44,71,82,70,89,65,69,Highly Ready
43,21,20,0,22,28,36,11,7,12,31,Not Ready Yet
16,31,20,10,33,23,17,28,41,35,48,Not Ready Yet
62,57,9,1,0,43,34,28,69,69,64,Moderately Ready
36,58,5,4,75,31,46,26,56,28,23,Needs Improvement
76,79,13,10,48,75,69,58,89,61,54,Moderately Ready
38,88,0,8,82,64,56,40,56,58,58,Moderately Ready
28,52,16,0,25,59,47,39,64,40,61,Needs Improvement
77,87,0,0,40,70,86,38,84,84,97,Highly Ready
65,67,8,0,44,54,55,35,93,100,78,Moderately Ready
55,71,1,4,49,80,59,77,75,66,56,Moderately Ready
55,72,0,5,54,53,68,70,89,63,75,Moderately Ready
41,31,1,12,66,9,8,27,65,65,30,Not Ready Yet
57,28,0,2,53,81,15,5,62,61,37,Needs Improvement
41,36,4,4,33,16,22,44,52,41,52,Needs Improvement
42,61,19,0,13,56,20,68,68,40,45,Needs Improvement
81,64,0,2,28,46,43,72,64,86,84,Moderately Ready
41,17,20,12,74,3,1,38,24,23,32,Not Ready Yet
75,84,1,0,68,89,72,84,74,77,54,Highly Ready
54,77,6,0,42,68,54,68,78,52,46,Moderately Ready
62,41,20,0,78,51,60,58,84,51,32,Needs Improvement
55,86,14,0,55,86,60,97,90,91,100,Highly Ready
37,16,18,9,65,43,53,16,80,63,40,Needs Improvement
67,91,0,12,77,85,100,99,100,58,80,Highly Ready
64,70,1,12,89,89,73,49,62,81,59,Moderately Ready
64,46,20,5,93,41,66,52,74,57,25,Needs Improvement
75,48,0,0,32,68,53,62,73,68,62,Moderately Ready
19,27,20,1,100,7,3,0,49,16,51,Not Ready Yet
70,52,18,0,14,40,56,38,83,60,83,Moderately Ready
38,75,2,9,54,26,51,53,30,45,39,Needs Improvement
40,18,4,8,15,40,39,31,39,35,47,Needs Improvement
51,63,0,3,74,52,52,40,65,48,47,Moderately Ready
67,84,4,12,12,76,85,49,90,98,83,Highly Ready
54,45,0,4,91,29,54,33,64,41,51,Needs Improvement
85,68,19,1,12,54,30,53,90,50,78,Moderately Ready
85,84,0,11,88,57,29,79,73,66,68,Moderately Ready
51,94,0,4,56,57,74,31,57,73,100,Moderately Ready
30,15,12,12,71,40,4,6,53,39,31,Not Ready Yet
69,47,0,1,18,76,56,43,59,94,79,Highly Ready
55,60,17,0,100,26,42,53,37,78,33,Needs Improvement
63,80,20,0,96,43,47,42,63,44,69,Moderately Ready
85,79,14,6,72,69,100,87,68,64,84,Highly Ready
45,35,5,2,32,32,66,52,70,72,43,Needs Improvement
80,70,0,0,48,34,36,74,60,71,66,Moderately Ready
38,16,20,6,97,34,18,31,39,16,46,Not Ready Yet
7,0,11,4,77,0,0,25,56,21,22,Not Ready Yet
84,78,0,0,80,74,28,34,72,56,61,Moderately Ready
86,87,1,8,67,46,57,75,76,100,74,Highly Ready
35,46,0,1,29,47,59,65,68,54,71,Moderately Ready
29,31,0,0,45,50,72,20,43,35,29,Needs Improvement
63,59,0,0,35,56,92,89,67,54,72,Moderately Ready
90,92,0,3,0,80,74,100,63,59,94,Highly Ready
30,55,8,9,41,60,32,49,82,50,42,Needs Improvement
59,44,11,0,70,70,52,40,69,91,52,Moderately Ready
19,16,0,12,15,39,48,22,32,46,44,Not Ready Yet
82,72,0,0,90,78,27,64,75,58,46,Moderately Ready
20,44,3,0,7,38,38,18,41,16,33,Needs Improvement
68,9,5,5,88,32,22,19,74,56,33,Needs Improvement
44,45,13,12,28,57,16,64,85,23,26,Needs Improvement
35,18,0,12,0,31,41,64,54,46,67,Needs Improvement
22,35,5,12,7,23,19,45,83,49,63,Needs Improvement
40,27,20,9,78,46,61,27,61,56,12,Needs Improvement
100,71,11,7,0,100,100,63,74,89,69,Highly Ready
98,72,16,11,11,73,59,84,65,88,91,Highly Ready
73,80,0,12,55,84,62,80,67,65,77,Highly Ready
22,50,20,12,75,23,16,19,33,44,43,Not Ready Yet
36,42,1,9,28,63,52,26,54,40,62,Needs Improvement
76,67,7,0,56,64,100,83,73,58,89,Highly Ready
22,34,10,2,24,43,11,31,8,36,20,Not Ready Yet
69,78,5,12,61,78,41,37,77,64,70,Moderately Ready
16,26,0,12,23,21,10,20,15,21,8,Not Ready Yet
63,20,15,1,91,45,15,47,73,34,51,Not Ready Yet
48,84,9,5,90,31,18,62,62,35,68,Needs Improvement
86,100,2,2,100,60,82,76,99,85,91,Highly Ready
100,59,13,0,45,89,64,60,76,67,98,Highly Ready
17,26,20,1,83,14,16,42,47,29,54,Not Ready Yet
42,72,5,6,95,32,34,25,48,53,33,Needs Improvement
32,20,14,3,71,40,40,16,28,44,37,Not Ready Yet
38,71,11,12,66,63,36,30,74,58,65,Highly Ready
67,34,20,3,84,43,66,28,63,32,74,Needs Improvement
69,48,20,0,44,58,78,75,86,74,66,Moderately Ready
100,86,7,10,48,80,48,80,75,72,68,Highly Ready
49,77,10,0,27,66,100,67,72,70,72,Highly Ready
50,67,6,0,35,53,90,91,50,62,76,Moderately Ready
53,50,7,3,6,67,27,45,68,53,47,Moderately Ready
35,42,20,12,100,17,17,0,57,45,35,Not Ready Yet
61,70,0,11,81,85,52,47,76,67,56,Moderately Ready
75,97,0,5,68,83,93,95,93,87,69,Highly Ready
61,65,5,5,72,50,82,57,72,85,80,Moderately Ready
47,69,12,0,12,55,25,63,54,50,43,Needs Improvement
94,77,6,8,34,83,75,69,78,86,50,Highly Ready
59,50,8,1,91,67,40,63,66,62,59,Needs Improvement
45,23,17,12,36,8,36,1,38,56,39,Not Ready Yet
29,68,17,1,22,37,48,27,36,12,49,Needs Improvement
20,33,17,12,75,51,9,26,45,42,29,Not Ready Yet
32,0,11,12,20,7,8,43,18,36,43,Not Ready Yet
63,33,13,4,77,37,35,58,41,38,70,Needs Improvement
2,9,15,0,26,54,7,10,25,55,29,Not Ready Yet
37,30,1,0,40,56,42,50,77,14,37,Needs Improvement
47,43,5,2,77,83,51,63,72,72,50,Moderately Ready
64,62,20,11,28,81,23,67,92,62,70,Highly Ready
36,23,20,10,98,49,40,30,61,36,58,Needs Improvement
80,58,0,6,9,47,71,69,68,70,51,Moderately Ready
19,32,20,12,28,28,59,38,24,47,52,Needs Improvement
69,54,0,12,47,55,65,58,74,57,62,Moderately Ready
43,38,7,12,40,51,40,13,60,29,26,Needs Improvement
60,49,17,0,98,82,58,73,67,62,61,Moderately Ready
28,35,10,12,17,17,47,0,22,27,18,Not Ready Yet
34,26,11,12,61,31,9,19,41,24,25,Not Ready Yet
48,9,14,12,66,11,0,15,49,32,11,Not Ready Yet
84,100,4,0,100,84,61,66,86,59,99,Moderately Ready
56,32,13,8,80,44,19,15,61,11,18,Needs Improvement
8,38,14,0,73,17,50,40,46,41,46,Not Ready Yet
55,45,0,0,57,36,34,51,54,36,29,Needs Improvement
95,92,0,3,93,62,43,68,100,85,94,Highly Ready
69,70,5,11,33,89,95,58,78,93,78,Highly Ready
45,54,0,0,79,23,18,43,77,39,31,Needs Improvement
46,82,20,3,46,57,21,54,52,47,27,Moderately Ready
82,67,2,0,83,51,58,90,69,86,47,Moderately Ready
24,37,4,12,4,24,44,16,42,14,0,Not Ready Yet
44,49,10,12,69,38,55,17,71,37,46,Needs Improvement
79,81,0,0,9,82,90,100,90,98,64,Highly Ready
86,78,17,9,56,88,64,86,69,76,83,Highly Ready
99,89,14,12,73,100,99,92,93,66,55,Highly Ready
39,32,16,0,4,42,53,60,38,44,51,Needs Improvement
13,14,9,12,38,27,34,36,47,19,37,Not Ready Yet
76,68,5,7,55,76,79,62,91,65,54,Highly Ready
9,26,15,12,30,38,0,36,13,23,24,Not Ready Yet
46,34,8,3,61,76,71,86,57,65,71,Moderately Ready
50,60,14,2,5,84,29,48,55,91,74,Moderately Ready
50,74,5,0,0,39,81,31,74,54,67,Moderately Ready
62,32,6,0,27,66,48,50,90,49,56,Moderately Ready
30,14,20,5,44,36,8,20,35,53,32,Not Ready Yet
55,24,2,12,43,37,63,51,62,37,51,Needs Improvement
48,55,7,11,63,53,12,17,35,49,41,Needs Improvement
81,63,2,5,89,69,49,100,82,96,82,Highly Ready
46,74,7,2,61,41,85,78,87,76,65,Moderately Ready
85,89,0,12,56,89,63,75,82,73,91,Highly Ready
84,74,0,0,100,72,43,33,52,58,70,Moderately Ready
82,57,9,5,88,53,34,63,53,56,54,Moderately Ready
23,12,15,3,73,6,42,22,48,18,31,Not Ready Yet
85,62,0,0,70,79,86,76,47,70,70,Highly Ready
17,43,15,12,98,10,38,22,30,23,9,Not Ready Yet
15,8,11,10,5,46,34,0,42,48,14,Not Ready Yet
90,70,4,9,31,26,89,55,53,44,69,Moderately Ready
58,68,13,11,81,83,64,62,84,84,67,Moderately Ready
81,59,13,1,88,44,59,39,63,72,75,Moderately Ready
56,68,7,0,58,84,88,92,87,78,100,Highly Ready
59,63,7,5,0,64,52,67,57,67,59,Moderately Ready
81,65,8,0,83,84,73,83,95,87,63,Highly Ready
26,47,15,0,56,26,26,43,65,37,65,Needs Improvement
34,8,18,12,0,19,0,48,8,22,15,Not Ready Yet
40,57,0,6,88,69,50,37,28,57,24,Needs Improvement
40,17,9,5,83,36,51,28,42,21,51,Needs Improvement
22,48,3,5,88,44,41,15,57,64,39,Needs Improvement
100,100,7,3,17,58,67,73,68,100,93,Highly Ready
42,29,6,0,22,38,18,38,55,29,27,Not Ready Yet
28,23,9,7,20,54,0,0,14,31,30,Not Ready Yet
74,64,7,1,37,44,51,100,84,59,99,Highly Ready
79,71,1,10,22,74,38,79,38,49,79,Needs Improvement
65,43,6,0,15,60,60,43,29,59,42,Needs Improvement
35,24,8,0,47,60,66,55,67,39,14,Needs Improvement
39,43,6,5,100,0,46,46,23,23,19,Not Ready Yet
4,23,9,6,44,8,0,35,49,21,55,Not Ready Yet
59,44,6,8,31,52,28,83,60,69,73,Moderately Ready
86,66,0,0,5,82,67,74,65,64,90,Highly Ready
71,84,11,0,25,75,23,56,47,81,72,Moderately Ready
82,100,0,8,81,61,51,65,100,100,78,Highly Ready
36,14,20,0,43,29,21,1,39,33,27,Not Ready Yet
57,55,10,0,59,93,40,48,70,64,43,Needs Improvement
71,46,4,12,66,81,79,72,69,96,49,Moderately Ready
41,25,17,6,29,33,37,48,65,33,44,Moderately Ready
67,54,0,11,65,85,43,98,43,64,82,Moderately Ready
20,39,12,0,100,4,28,26,21,28,26,Not Ready Yet
60,75,0,10,55,89,41,49,54,56,57,Moderately Ready
0,33,20,3,12,12,10,18,42,32,49,Not Ready Yet
64,95,0,3,13,76,53,72,90,87,100,Highly Ready
79,57,0,6,93,80,47,60,57,56,62,Moderately Ready
62,60,9,9,18,50,25,71,44,63,37,Needs Improvement
45,66,9,12,72,79,44,64,63,45,95,Moderately Ready
82,98,0,0,3,61,82,66,78,93,72,Highly Ready
62,59,3,3,83,65,62,28,86,68,46,Moderately Ready
99,83,0,5,85,69,96,92,64,91,86,Highly Ready
38,36,16,4,69,45,3,9,58,11,45,Not Ready Yet
44,51,4,9,37,47,49,43,46,53,36,Needs Improvement
32,30,18,9,33,20,11,38,37,27,22,Not Ready Yet
86,63,15,8,52,57,90,31,56,78,59,Moderately Ready
87,55,0,10,21,81,71,80,67,64,47,Moderately Ready
56,79,8,0,84,47,64,52,53,80,48,Moderately Ready
75,52,17,12,67,59,56,53,90,53,50,Highly Ready
55,36,4,2,59,41,40,33,23,26,27,Needs Improvement
92,77,9,10,27,70,62,78,85,86,91,Highly Ready
11,14,2,11,19,23,5,12,33,20,42,Not Ready Yet
40,22,20,10,21,15,26,38,17,21,19,Not Ready Yet
15,40,7,7,100,11,29,8,40,5,28,Not Ready Yet
54,79,10,6,57,59,36,92,67,79,27,Moderately Ready
11,34,11,0,45,26,16,43,21,13,18,Not Ready Yet
39,33,2,6,78,66,26,29,57,78,65,Needs Improvement
75,85,6,5,49,60,95,80,64,63,63,Highly Ready
51,50,6,12,95,53,66,72,61,43,87,Moderately Ready
79,54,0,1,60,100,58,93,73,60,72,Highly Ready
40,77,10,8,39,44,16,35,68,67,35,Needs Improvement
30,14,14,12,44,0,31,32,36,27,42,Not Ready Yet
62,77,4,1,24,72,38,90,33,76,78,Moderately Ready
68,63,15,11,82,61,76,69,90,58,50,Moderately Ready
21,62,4,0,21,47,50,30,28,66,22,Needs Improvement
25,12,7,12,2,30,0,46,59,13,23,Not Ready Yet
40,36,9,12,93,19,23,29,31,17,55,Not Ready Yet
54,50,20,6,48,60,34,21,36,37,37,Needs Improvement
23,66,6,12,78,32,23,49,55,48,33,Needs Improvement
100,61,0,7,80,62,60,83,70,69,58,Moderately Ready
35,13,0,8,15,24,3,33,50,30,17,Not Ready Yet
58,72,7,0,24,61,57,56,74,63,57,Moderately Ready
38,46,0,5,81,56,62,39,58,62,38,Needs Improvement
77,60,0,0,50,71,31,85,80,50,41,Moderately Ready
72,61,9,0,80,69,49,30,39,51,82,Moderately Ready
69,75,0,12,13,100,49,81,76,63,97,Highly Ready
59,10,3,6,89,27,37,64,60,41,52,Needs Improvement
99,100,6,12,86,71,55,49,87,67,74,Highly Ready
91,39,1,11,100,80,59,66,100,75,90,Highly Ready
89,61,6,0,83,77,65,71,67,98,59,Moderately Ready
7,41,13,12,45,36,37,0,60,10,46,Not Ready Yet
41,34,8,0,88,40,46,50,69,35,32,Needs Improvement
46,71,12,8,48,55,42,50,57,52,29,Needs Improvement
60,61,9,10,67,48,45,62,69,67,92,Moderately Ready
45,32,20,3,33,18,11,50,28,9,58,Not Ready Yet
85,49,0,2,28,79,54,57,70,62,54,Moderately Ready
62,34,5,5,68,63,60,60,43,42,38,Needs Improvement
41,13,5,0,33,44,57,5,53,14,27,Not Ready Yet
84,96,0,2,98,91,81,54,87,60,53,Highly Ready
35,43,0,9,54,61,10,32,39,20,63,Needs Improvement
24,41,20,12,85,55,15,54,76,53,29,Needs Improvement
81,34,0,10,76,64,56,43,82,40,90,Moderately Ready
100,75,0,10,5,91,87,58,93,75,81,Highly Ready
42,27,15,9,26,32,34,4,31,9,20,Not Ready Yet
1,7,7,0,89,1,13,35,46,17,35,Not Ready Yet
51,34,10,0,97,11,37,8,28,42,5,Not Ready Yet
64,91,10,3,82,74,44,80,68,65,55,Moderately Ready
13,22,20,12,43,27,37,46,35,19,22,Needs Improvement
74,72,0,9,52,67,91,52,70,50,68,Highly Ready
45,71,20,8,81,41,25,38,51,45,75,Needs Improvement
92,67,7,10,100,93,74,46,80,88,74,Highly Ready
85,96,0,6,0,67,76,100,94,86,99,Highly Ready
53,69,4,4,55,83,45,77,48,46,42,Moderately Ready
51,41,0,0,60,31,61,33,61,45,57,Needs Improvement
98,67,5,0,41,69,100,71,78,95,90,Highly Ready
28,31,13,12,50,17,6,0,53,40,50,Not Ready Yet
38,47,14,12,49,45,54,31,82,55,82,Moderately Ready
3,13,19,9,22,1,5,15,29,9,16,Not Ready Yet
91,100,0,11,100,100,92,65,67,92,74,Highly Ready
31,42,12,0,0,72,50,43,66,38,65,Highly Ready
100,81,14,7,18,82,78,79,54,81,67,Highly Ready
63,20,7,1,47,54,5,46,44,20,53,Not Ready Yet
20,38,20,0,98,37,46,8,24,14,36,Not Ready Yet
60,49,8,3,20,78,36,81,88,98,51,Moderately Ready
100,81,0,0,86,59,48,100,85,71,77,Highly Ready
55,62,0,0,100,72,76,77,62,45,60,Moderately Ready
45,62,17,8,33,54,25,28,53,47,51,Moderately Ready
57,52,11,4,38,36,14,52,44,61,61,Needs Improvement
75,87,0,0,12,74,67,83,86,91,71,Highly Ready
36,39,11,12,21,0,37,42,45,5,32,Not Ready Yet
66,15,2,9,100,23,57,18,47,43,75,Needs Improvement
82,66,8,8,26,86,47,88,81,69,83,Highly Ready
93,57,0,0,0,88,52,38,87,100,95,Highly Ready
89,65,0,0,15,59,100,55,78,63,79,Highly Ready
39,73,0,7,0,53,70,50,80,82,75,Moderately Ready
74,45,0,3,90,65,25,78,62,63,90,Highly Ready
83,86,8,9,44,100,100,57,87,72,93,Highly Ready
74,100,0,4,54,77,91,81,90,65,79,Highly Ready
19,15,13,12,73,27,0,41,25,31,38,Needs Improvement
70,88,0,2,94,54,71,41,62,48,66,Moderately Ready
6,35,19,12,100,17,51,47,37,35,23,Not Ready Yet
74,77,0,12,33,73,27,55,86,46,87,Moderately Ready
39,59,0,1,64,61,43,61,76,82,63,Highly Ready
76,28,7,4,84,47,64,41,69,83,82,Moderately Ready
100,79,4,0,33,65,90,79,79,59,59,Highly Ready
51,83,15,12,95,56,73,81,50,63,67,Highly Ready
70,80,2,2,23,74,49,44,89,87,89,Highly Ready
58,76,7,9,25,61,22,56,78,73,73,Moderately Ready
37,12,10,0,78,23,19,33,59,9,34,Not Ready Yet
37,23,0,12,12,40,4,24,63,7,24,Not Ready Yet
57,45,16,4,15,76,63,70,93,79,61,Moderately Ready
70,39,0,8,50,41,22,47,63,44,45,Needs Improvement
12,29,16,12,29,11,19,63,63,21,52,Not Ready Yet
17,7,0,10,37,0,31,22,63,42,32,Not Ready Yet
54,32,4,12,51,58,37,80,70,53,68,Moderately Ready
30,45,1,1,47,55,23,46,63,66,63,Needs Improvement
24,47,9,0,15,9,30,13,26,26,35,Not Ready Yet
70,54,7,4,28,49,68,31,63,38,61,Needs Improvement
82,95,0,12,0,95,51,60,88,58,93,Highly Ready
13,34,20,6,28,48,24,13,27,35,45,Not Ready Yet
72,60,0,0,88,73,86,57,100,88,65,Highly Ready
48,60,0,11,54,41,20,17,61,29,67,Needs Improvement
75,88,0,6,78,98,73,81,75,88,85,Highly Ready
89,50,12,12,47,81,72,79,43,88,85,Moderately Ready
24,31,13,8,39,58,68,73,49,51,64,Needs Improvement
30,39,9,0,48,38,66,15,43,35,61,Needs Improvement
44,58,10,12,92,30,56,6,56,39,28,Needs Improvement
58,44,9,12,0,95,66,52,75,35,84,Moderately Ready
39,52,6,10,5,81,53,47,79,62,84,Moderately Ready
18,37,13,1,20,31,16,0,32,64,29,Not Ready Yet
63,19,8,8,0,49,25,14,41,52,54,Needs Improvement
33,34,0,0,82,29,56,26,57,40,27,Needs Improvement
37,13,20,0,74,45,35,15,24,26,47,Not Ready Yet
34,38,16,0,11,60,0,49,65,52,30,Needs Improvement
100,94,0,0,30,69,95,40,70,99,82,Highly Ready
54,96,3,0,73,70,65,61,52,62,97,Moderately Ready
65,79,12,0,80,91,45,64,68,88,57,Moderately Ready
93,75,12,11,75,49,66,76,51,68,66,Moderately Ready
48,80,14,11,74,60,30,49,60,34,32,Not Ready Yet
56,59,20,12,82,41,31,50,78,32,68,Needs Improvement
71,92,10,0,37,63,68,73,76,89,48,Moderately Ready
0,19,13,7,55,34,27,37,16,23,42,Not Ready Yet
50,75,3,3,34,67,44,75,96,59,75,Moderately Ready
86,67,0,0,16,99,96,90,58,67,78,Highly Ready
42,54,16,12,37,62,32,52,63,36,28,Needs Improvement
37,71,0,0,66,59,42,62,61,78,78,Moderately Ready
66,60,10,2,80,54,47,53,78,71,88,Moderately Ready
62,73,6,8,16,57,35,59,34,49,42,Needs Improvement
63,80,8,12,89,78,37,49,71,74,38,Moderately Ready
61,43,5,0,58,59,40,26,52,80,64,Moderately Ready
49,46,1,6,58,51,22,34,30,51,5,Needs Improvement
47,33,20,0,51,91,69,82,73,69,59,Moderately Ready
56,59,14,0,5,50,51,68,83,33,61,Moderately Ready
70,90,5,0,63,68,100,100,100,66,85,Highly Ready
39,18,16,12,13,27,17,61,54,61,27,Needs Improvement
75,94,0,5,72,80,92,64,99,50,88,Highly Ready
38,9,14,8,33,7,40,41,23,22,6,Needs Improvement
68,63,8,0,38,50,39,66,82,44,75,Moderately Ready
54,41,12,9,22,61,48,31,66,66,49,Not Ready Yet
71,75,6,0,23,75,91,55,70,57,59,Moderately Ready
50,16,3,9,52,34,30,2,50,53,41,Not Ready Yet
81,100,6,12,59,80,57,99,61,76,59,Highly Ready
82,70,5,12,27,82,50,61,71,96,83,Highly Ready
100,83,5,11,78,78,26,100,62,77,80,Highly Ready
53,84,0,4,29,87,89,58,82,91,82,Highly Ready
37,50,0,5,33,46,49,40,40,10,40,Needs Improvement
72,52,0,4,90,79,15,53,77,61,72,Moderately Ready
55,45,0,12,82,35,60,56,69,56,26,Needs Improvement
21,22,4,0,85,27,18,3,0,29,31,Not Ready Yet
0,26,20,7,1,7,29,45,58,22,18,Not Ready Yet
76,44,12,0,34,36,54,44,48,38,63,Needs Improvement
76,60,0,6,73,54,27,84,73,44,72,Moderately Ready
62,55,2,5,37,47,48,33,55,45,34,Not Ready Yet
45,21,16,5,55,35,7,19,40,49,20,Not Ready Yet
26,50,19,0,68,26,17,0,32,56,27,Not Ready Yet
40,18,6,0,17,45,25,34,45,41,22,Not Ready Yet
83,100,6,0,67,100,65,65,55,90,68,Highly Ready
81,89,0,0,77,84,47,47,88,73,48,Highly Ready
52,53,16,8,100,59,47,38,36,43,38,Needs Improvement
38,48,14,10,84,37,56,59,59,36,46,Needs Improvement
80,80,0,12,44,89,100,92,88,91,84,Highly Ready
21,42,10,5,5,34,35,9,15,53,43,Not Ready Yet
52,76,13,12,5,59,38,82,76,83,57,Moderately Ready
55,40,12,2,21,44,51,47,62,52,34,Needs Improvement
100,69,2,12,88,74,64,100,100,82,88,Highly Ready
11,42,11,0,18,17,31,22,38,26,17,Not Ready Yet
65,66,10,0,75,85,85,51,87,65,88,Moderately Ready
91,100,10,0,54,92,64,100,84,74,67,Highly Ready
26,30,9,12,0,50,17,3,57,14,17,Not Ready Yet
48,66,0,2,14,72,80,70,75,75,79,Highly Ready
73,56,0,0,92,42,35,79,60,47,64,Highly Ready
43,4,20,12,17,29,0,31,28,53,23,Not Ready Yet
51,27,15,1,82,26,57,39,75,11,52,Needs Improvement
54,87,3,1,46,81,27,44,81,53,58,Moderately Ready
69,79,13,6,19,75,45,34,81,66,46,Moderately Ready
66,72,13,0,79,59,63,89,69,66,70,Moderately Ready
69,47,0,2,60,67,93,23,65,88,78,Moderately Ready
46,60,0,8,11,65,64,50,47,50,54,Moderately Ready
65,43,8,4,20,45,74,51,64,92,63,Moderately Ready
90,100,0,0,81,79,100,60,69,82,94,Highly Ready
35,33,5,0,49,21,44,0,45,43,51,Not Ready Yet
60,67,8,0,53,35,43,55,68,38,48,Needs Improvement
66,72,10,1,31,92,56,100,76,94,92,Highly Ready
8,47,14,9,94,17,5,27,42,35,50,Not Ready Yet
31,45,2,0,74,49,59,21,47,55,36,Needs Improvement
52,65,4,1,67,62,45,79,77,79,66,Moderately Ready
100,90,19,0,0,91,77,82,84,97,52,Highly Ready
33,41,20,12,45,14,23,2,43,47,16,Not Ready Yet
17,20,20,0,18,57,43,20,33,23,28,Not Ready Yet
96,91,7,0,29,71,75,54,87,63,100,Highly Ready
62,63,17,0,10,31,14,51,36,45,51,Needs Improvement
100,89,19,3,68,100,100,86,100,60,73,Highly Ready
99,76,7,0,46,74,90,65,91,60,100,Highly Ready
37,28,20,0,89,0,6,0,46,27,0,Not Ready Yet
0,1,20,3,31,7,0,24,17,25,9,Not Ready Yet
28,35,18,12,96,41,34,31,49,46,43,Needs Improvement
26,38,12,2,75,50,41,15,52,52,22,Needs Improvement
34,45,16,11,0,45,20,35,43,41,43,Needs Improvement
26,38,20,11,51,46,1,5,42,15,48,Not Ready Yet
64,73,20,6,39,54,79,58,76,38,67,Moderately Ready
29,31,20,8,67,28,31,12,27,49,29,Not Ready Yet
54,42,12,0,12,30,63,5,54,28,61,Moderately Ready
53,68,0,7,58,81,56,62,44,72,64,Moderately Ready
89,43,10,11,62,61,83,72,75,100,100,Highly Ready
19,16,20,6,46,0,19,33,30,17,29,Not Ready Yet
43,0,13,1,39,32,13,36,30,24,16,Not Ready Yet
100,79,18,0,88,74,74,34,80,73,36,Moderately Ready
75,78,7,2,64,100,100,43,67,86,98,Highly Ready
83,54,11,0,45,83,76,40,51,77,76,Moderately Ready
20,32,6,0,43,12,11,46,22,29,27,Not Ready Yet
33,10,15,12,87,37,34,2,50,28,20,Not Ready Yet
22,33,4,12,31,24,18,33,42,44,43,Needs Improvement
45,38,13,9,17,43,42,43,46,77,52,Moderately Ready
57,74,7,0,7,55,55,52,87,51,46,Moderately Ready
68,92,4,5,93,100,100,83,85,95,100,Highly Ready
57,82,9,8,41,84,65,81,75,100,85,Highly Ready
50,76,0,5,9,51,80,46,75,63,91,Moderately Ready
81,100,10,2,20,74,68,78,76,79,92,Highly Ready
52,42,0,7,50,41,28,23,58,14,28,Needs Improvement
44,38,5,12,95,19,50,54,31,36,20,Needs Improvement
25,59,20,0,97,54,56,49,60,54,26,Needs Improvement
78,84,0,2,100,100,99,83,83,88,80,Highly Ready
10,44,11,6,56,21,29,6,48,46,44,Not Ready Yet
68,48,10,12,92,33,18,13,24,42,66,Needs Improvement
67,88,7,0,55,87,49,75,69,84,63,Highly Ready
57,77,0,12,18,39,45,32,78,47,71,Moderately Ready
67,19,0,10,81,48,48,11,71,36,26,Needs Improvement
64,55,0,12,20,72,36,28,61,71,60,Moderately Ready
96,78,0,1,82,69,82,65,89,100,100,Highly Ready
14,34,12,12,7,37,6,20,38,49,29,Not Ready Yet
68,63,19,6,39,51,61,65,72,55,46,Moderately Ready
49,25,20,0,51,36,31,79,79,48,54,Needs Improvement
91,58,13,0,29,100,100,73,96,68,100,Highly Ready
55,55,10,5,47,77,58,52,58,64,53,Moderately Ready
12,16,19,9,84,44,12,0,43,36,57,Needs Improvement
27,34,19,12,98,28,26,21,30,23,3,Not Ready Yet
75,100,0,0,84,100,67,70,67,74,84,Highly Ready
72,75,1,0,69,82,81,75,64,64,76,Moderately Ready
79,76,0,12,93,84,92,50,66,92,70,Moderately Ready
30,9,18,0,24,0,0,45,43,33,43,Needs Improvement
47,77,15,0,12,83,51,72,76,68,60,Moderately Ready
77,100,2,6,5,100,56,63,81,98,72,Highly Ready
38,52,12,7,36,76,25,76,33,66,49,Needs Improvement
39,41,7,4,51,56,79,66,73,79,68,Highly Ready
58,47,5,0,82,70,53,60,50,56,60,Moderately Ready
17,62,13,0,56,34,50,33,68,45,33,Needs Improvement
81,66,1,2,13,72,56,49,74,57,88,Highly Ready
70,32,16,0,70,44,52,21,73,18,45,Needs Improvement
62,100,10,4,83,78,75,100,80,63,65,Highly Ready
36,80,0,0,56,58,35,56,67,50,85,Moderately Ready
65,71,3,11,39,44,77,32,74,88,59,Moderately Ready
58,59,0,10,25,49,73,33,60,81,51,Needs Improvement
71,39,4,0,37,70,57,74,72,44,47,Moderately Ready
56,58,7,11,95,81,98,32,64,53,43,Moderately Ready
100,97,3,2,49,85,69,68,100,72,72,Highly Ready
10,15,14,4,8,40,14,2,31,12,34,Not Ready Yet
71,59,0,10,11,38,35,45,51,20,42,Needs Improvement
54,55,0,0,44,67,61,56,91,81,82,Highly Ready
36,15,10,12,72,16,27,26,37,20,24,Not Ready Yet
56,68,0,0,90,73,60,61,88,92,66,Highly Ready
80,82,5,8,2,96,70,66,81,73,100,Highly Ready
66,85,17,3,9,69,45,70,73,83,59,Moderately Ready
70,96,1,5,22,78,48,92,66,100,68,Highly Ready
89,68,0,9,6,38,43,67,59,59,71,Moderately Ready
62,41,0,0,59,65,60,26,45,35,49,Needs Improvement
51,46,20,12,18,19,34,0,42,31,40,Not Ready Yet
51,77,1,8,29,39,58,19,76,58,45,Needs Improvement
77,71,2,9,87,74,83,87,79,67,96,Highly Ready
83,61,0,12,0,72,30,96,92,78,100,Highly Ready
67,45,10,12,80,66,50,71,40,97,80,Moderately Ready
84,73,15,7,24,65,100,71,64,61,81,Highly Ready
73,46,13,8,66,92,76,79,43,81,71,Moderately Ready
97,74,18,5,55,53,35,37,70,74,63,Moderately Ready
36,59,0,0,71,66,18,33,37,63,72,Needs Improvement
39,50,0,0,72,84,82,64,65,53,76,Moderately Ready
48,52,10,5,100,58,83,75,58,81,40,Moderately Ready
37,37,15,12,69,48,40,18,34,46,31,Not Ready Yet
83,80,5,6,86,80,64,82,100,60,53,Moderately Ready
94,80,0,1,40,84,62,92,77,84,82,Highly Ready
40,38,16,6,28,5,35,0,32,50,28,Not Ready Yet
87,34,6,7,41,47,24,73,83,82,85,Moderately Ready
70,68,11,0,86,51,38,46,74,72,52,Needs Improvement
94,74,0,9,9,61,44,38,68,53,67,Highly Ready
62,92,16,0,100,77,57,78,74,73,93,Highly Ready
17,9,20,12,63,32,12,60,52,46,11,Not Ready Yet
47,66,7,10,81,55,83,72,86,66,63,Moderately Ready
41,47,14,12,81,62,53,45,50,51,35,Needs Improvement
74,88,0,0,83,89,58,82,80,73,69,Highly Ready
91,93,6,6,28,63,60,42,66,79,82,Highly Ready
81,76,7,7,55,76,77,91,100,76,69,Highly Ready
41,15,0,12,22,53,29,31,45,38,40,Not Ready Yet
63,33,4,0,25,41,11,2,63,65,45,Needs Improvement
56,26,8,8,48,60,17,37,76,48,40,Needs Improvement
65,76,12,0,72,53,29,71,69,58,86,Moderately Ready
55,66,19,8,63,73,55,83,64,88,74,Moderately Ready
74,55,10,12,81,81,33,59,83,79,38,Moderately Ready
77,88,8,0,13,49,56,80,65,67,46,Moderately Ready
51,65,19,9,86,29,14,48,60,35,38,Needs Improvement
24,3,20,4,45,36,12,38,10,21,2,Not Ready Yet
61,58,20,0,37,56,47,87,83,82,72,Moderately Ready
18,64,14,11,58,34,39,34,38,28,47,Needs Improvement
93,100,5,12,86,87,80,63,79,56,76,Highly Ready
39,26,0,0,50,54,37,82,68,70,71,Moderately Ready
95,100,0,0,63,99,77,48,71,84,92,Highly Ready
25,46,13,6,46,56,52,37,38,46,55,Needs Improvement
90,87,0,4,40,65,64,64,92,79,93,Highly Ready
42,35,20,5,65,49,45,13,58,43,46,Needs Improvement
76,87,0,3,59,73,66,52,60,61,61,Highly Ready
10,36,0,2,67,14,44,45,23,18,14,Not Ready Yet
65,23,20,10,49,68,28,21,34,73,49,Needs Improvement
41,72,16,0,62,50,57,66,77,55,65,Moderately Ready
53,70,8,0,85,76,46,68,39,100,75,Moderately Ready
27,48,0,12,63,37,58,34,52,34,67,Needs Improvement
91,67,20,7,88,85,51,74,59,68,66,Highly Ready
88,100,8,12,23,93,100,44,66,81,82,Highly Ready
94,100,16,0,83,92,75,62,78,92,90,Highly Ready
24,38,5,12,18,30,37,0,30,9,5,Not Ready Yet
55,90,1,0,33,53,58,58,73,81,59,Moderately Ready
88,76,20,0,69,65,68,62,64,72,75,Moderately Ready
19,21,0,7,56,40,47,31,55,53,57,Needs Improvement
69,78,0,2,0,75,88,100,70,59,88,Highly Ready
48,65,2,5,90,65,48,90,89,80,63,Moderately Ready
82,41,10,12,90,58,52,60,68,82,72,Moderately Ready
32,49,9,12,23,32,7,0,40,25,42,Not Ready Yet
49,57,3,0,15,60,48,41,40,57,72,Needs Improvement
49,31,2,5,18,31,34,9,39,49,30,Not Ready Yet
77,68,11,12,71,61,37,49,47,71,73,Moderately Ready
19,23,13,0,9,9,0,56,5,39,3,Not Ready Yet
49,44,20,0,47,70,74,64,87,86,72,Moderately Ready
31,60,7,0,28,64,25,52,48,50,16,Needs Improvement
62,30,10,0,86,55,10,36,54,19,61,Needs Improvement
63,63,0,0,41,64,77,92,78,56,83,Moderately Ready
59,76,10,12,91,69,37,69,68,92,63,Moderately Ready
32,8,0,12,84,18,0,45,38,38,35,Not Ready Yet
35,24,9,12,26,9,21,22,58,4,0,Not Ready Yet
76,56,10,12,54,81,44,22,59,67,47,Moderately Ready
78,87,5,5,100,96,61,85,97,67,95,Highly Ready
2,0,20,0,68,16,45,18,41,32,10,Not Ready Yet
57,73,8,0,73,11,62,31,40,36,37,Needs Improvement
57,64,6,0,54,56,52,64,67,66,64,Moderately Ready
77,67,8,8,78,73,65,73,82,65,57,Moderately Ready
80,67,0,1,23,70,51,76,87,94,78,Highly Ready
29,43,20,5,12,30,31,53,71,50,46,Needs Improvement
5,5,13,12,100,37,23,12,49,58,14,Not Ready Yet
42,47,0,3,48,64,84,45,57,63,73,Highly Ready
61,58,9,0,86,82,58,56,60,56,83,Moderately Ready
29,27,15,12,15,25,59,65,68,30,42,Needs Improvement
25,35,14,12,23,8,44,24,62,0,37,Not Ready Yet
75,85,4,0,26,60,35,80,79,60,67,Moderately Ready
80,100,0,1,91,87,90,66,74,100,91,Highly Ready
10,15,18,5,74,38,21,36,29,47,34,Not Ready Yet
56,47,17,9,27,29,25,62,56,66,67,Needs Improvement
34,80,0,3,0,80,29,64,67,78,47,Moderately Ready
92,78,11,1,37,77,47,69,70,63,79,Highly Ready
25,39,19,12,65,43,22,36,31,52,11,Not Ready Yet
78,50,9,3,25,60,62,79,95,88,66,Moderately Ready
93,68,11,0,31,67,100,67,100,76,100,Highly Ready
32,59,0,12,32,38,59,19,53,28,40,Needs Improvement
70,19,2,0,87,56,30,64,49,59,30,Needs Improvement
100,84,10,5,0,92,94,56,94,82,74,Highly Ready
44,40,6,12,84,49,40,38,84,32,49,Needs Improvement
56,63,1,0,9,46,57,54,56,82,54,Highly Ready
69,30,20,4,72,62,37,37,95,71,48,Moderately Ready
42,63,20,0,45,32,15,24,62,63,38,Needs Improvement
58,70,20,6,84,61,67,38,84,73,54,Moderately Ready
61,56,0,0,86,82,41,86,66,43,71,Moderately Ready
94,78,3,12,0,70,74,87,84,89,100,Highly Ready
81,70,2,10,38,70,84,92,92,77,87,Highly Ready
94,99,11,0,64,85,42,79,89,71,65,Highly Ready
30,49,3,0,0,19,24,51,78,65,50,Needs Improvement
90,89,16,12,38,44,93,40,52,89,68,Highly Ready
57,65,11,0,61,50,53,86,69,56,54,Moderately Ready
43,60,18,0,12,54,28,41,81,48,54,Needs Improvement
68,61,9,9,49,83,68,76,89,97,98,Highly Ready
65,93,11,9,41,47,57,75,81,79,68,Moderately Ready
73,75,0,0,74,65,98,56,68,58,50,Highly Ready
23,38,2,12,72,69,12,20,57,76,23,Needs Improvement
60,86,12,11,18,52,46,80,72,43,90,Moderately Ready
87,77,0,0,39,63,46,50,76,96,68,Highly Ready
65,58,0,0,100,25,19,58,49,62,35,Needs Improvement
100,100,1,5,100,95,87,100,92,63,100,Highly Ready
21,24,20,7,17,26,50,0,38,19,19,Not Ready Yet
99,94,6,12,42,82,100,83,96,97,100,Highly Ready
54,36,5,7,100,27,41,51,47,51,40,Needs Improvement
44,54,1,7,61,73,77,57,76,66,61,Moderately Ready
9,28,19,8,74,32,0,10,20,19,27,Not Ready Yet
74,49,20,9,0,29,50,25,65,81,43,Needs Improvement
100,66,20,9,39,68,60,53,100,64,74,Highly Ready
66,80,14,3,88,100,61,73,100,55,85,Highly Ready
25,61,18,3,58,20,42,28,67,73,59,Not Ready Yet
24,0,17,11,30,38,9,19,43,54,40,Not Ready Yet
30,70,15,2,85,38,34,61,75,50,30,Needs Improvement
1,35,0,12,30,32,29,13,59,41,52,Not Ready Yet
15,35,1,1,50,50,10,25,48,39,57,Needs Improvement
53,43,0,0,42,89,50,76,90,56,60,Moderately Ready
63,68,18,3,77,81,68,87,68,80,100,Highly Ready
69,87,9,0,43,82,94,66,85,88,72,Highly Ready
80,56,0,0,86,73,96,62,48,48,69,Moderately Ready
35,34,7,9,75,39,37,40,83,53,48,Needs Improvement
86,96,13,2,30,67,87,52,80,76,70,Highly Ready
26,7,13,0,89,43,36,0,34,8,42,Not Ready Yet
88,93,13,7,51,96,57,48,100,91,86,Highly Ready
49,39,19,12,36,20,40,9,42,31,36,Not Ready Yet
96,83,2,0,87,73,74,70,77,73,85,Highly Ready
33,13,20,12,93,27,15,27,20,58,23,Not Ready Yet
56,84,18,0,88,74,64,99,75,73,67,Highly Ready
68,69,1,0,22,81,77,84,76,81,97,Highly Ready
79,62,10,12,4,66,64,64,77,81,66,Highly Ready
78,76,10,0,85,99,93,80,94,94,77,Highly Ready
87,44,0,10,91,49,43,79,68,49,56,Moderately Ready
70,97,5,1,73,74,100,56,100,79,68,Highly Ready
19,14,12,12,0,23,18,45,14,41,53,Not Ready Yet
34,26,10,4,63,59,57,55,68,41,37,Needs Improvement
68,49,3,0,55,74,41,83,98,59,65,Moderately Ready
82,72,3,2,64,76,42,82,52,37,98,Moderately Ready
85,69,0,6,20,70,56,78,71,82,80,Highly Ready
34,66,8,0,31,19,34,31,74,52,61,Needs Improvement
49,42,7,12,42,72,35,54,46,40,57,Needs Improvement
94,53,0,6,97,99,88,95,68,79,68,Highly Ready
83,83,12,0,21,62,84,86,97,84,75,Highly Ready
54,38,18,0,19,58,97,37,73,59,78,Moderately Ready
45,0,0,0,66,60,32,25,77,40,46,Needs Improvement
24,24,16,12,26,43,33,20,42,32,16,Not Ready Yet
35,87,0,12,85,51,85,64,79,46,87,Moderately Ready
100,100,0,0,58,60,93,100,78,60,80,Highly Ready
35,34,7,0,28,32,51,45,59,28,56,Needs Improvement
80,51,19,0,46,54,32,64,78,64,55,Moderately Ready
83,45,9,12,76,50,76,48,54,65,62,Moderately Ready
73,68,8,0,94,52,52,60,81,74,60,Moderately Ready
5,26,19,12,57,9,31,1,40,18,32,Not Ready Yet
61,82,9,0,20,49,31,40,64,71,71,Moderately Ready
21,9,15,12,86,9,13,24,16,9,26,Not Ready Yet
55,40,10,0,88,47,16,58,39,25,42,Needs Improvement
5,12,2,11,100,48,15,40,21,28,18,Not Ready Yet
40,34,5,0,75,50,31,20,57,6,28,Not Ready Yet
93,33,0,5,90,52,65,50,84,79,78,Moderately Ready
43,58,6,0,22,67,46,55,61,45,63,Moderately Ready
69,72,5,12,15,67,89,70,65,94,84,Highly Ready
89,95,16,0,28,86,45,95,96,81,69,Highly Ready
66,28,0,12,0,57,38,60,35,50,55,Needs Improvement
76,46,0,1,95,46,51,70,63,50,53,Needs Improvement
73,64,9,0,60,89,76,80,93,91,59,Highly Ready
51,19,9,0,30,55,10,49,79,37,60,Needs Improvement
69,79,10,0,64,62,50,33,44,84,93,Moderately Ready
86,75,0,0,41,80,64,63,89,77,89,Highly Ready
17,13,20,0,22,4,53,36,43,17,32,Not Ready Yet
21,33,9,12,92,24,11,15,65,19,18,Not Ready Yet
93,63,0,0,34,89,75,61,55,75,70,Highly Ready
78,80,1,0,47,89,69,78,100,83,92,Highly Ready
60,55,11,0,13,13,50,39,51,57,32,Needs Improvement
82,54,9,7,54,62,82,32,48,72,80,Moderately Ready
38,24,20,0,7,58,0,18,37,50,32,Not Ready Yet
78,50,13,3,84,50,52,68,87,79,80,Moderately Ready
92,98,0,6,39,72,54,40,82,89,67,Highly Ready
38,47,9,10,85,52,71,63,57,51,37,Needs Improvement
41,27,5,0,58,36,18,34,69,56,45,Needs Improvement
89,77,11,12,54,91,82,72,94,100,100,Highly Ready
18,14,19,12,4,37,43,45,52,33,18,Not Ready Yet
56,66,0,8,65,78,53,53,50,58,66,Moderately Ready
95,94,18,0,80,74,75,51,72,90,65,Highly Ready
53,58,0,5,28,39,27,33,71,39,42,Needs Improvement
74,82,0,1,61,45,71,26,60,53,45,Moderately Ready
57,23,16,8,36,42,48,66,59,22,37,Needs Improvement
88,64,1,0,41,100,73,54,85,89,93,Highly Ready
76,48,0,4,58,61,45,22,89,66,60,Moderately Ready
58,32,14,0,61,54,77,69,63,58,41,Needs Improvement
77,76,1,12,59,91,67,49,66,59,42,Moderately Ready
79,87,0,5,78,78,59,46,63,65,73,Highly Ready
88,70,4,0,36,82,71,80,76,71,50,Moderately Ready
83,90,0,0,84,100,92,65,80,74,72,Highly Ready
75,70,7,2,71,84,90,93,82,63,100,Highly Ready
55,33,7,0,88,26,71,28,64,44,68,Needs Improvement
39,42,16,0,53,38,57,50,65,58,35,Needs Improvement
87,95,8,0,70,72,69,100,100,73,73,Highly Ready
11,32,8,12,85,37,5,35,31,22,37,Not Ready Yet
50,93,1,0,8,50,54,34,52,79,47,Moderately Ready
66,55,0,12,23,77,58,69,68,90,91,Highly Ready
83,27,11,5,56,53,86,68,83,86,75,Moderately Ready
75,68,14,0,60,77,29,87,74,32,55,Moderately Ready
91,72,0,0,0,75,49,59,75,72,70,Highly Ready
65,47,4,12,53,37,52,44,35,43,41,Needs Improvement
56,56,7,12,60,40,33,67,47,32,55,Needs Improvement
15,5,16,12,17,39,26,13,54,45,16,Not Ready Yet
73,65,0,0,31,86,86,80,88,62,51,Highly Ready
53,43,0,11,42,71,65,25,89,57,74,Moderately Ready
37,42,20,12,36,40,11,13,34,38,40,Not Ready Yet
34,72,12,1,44,32,38,40,39,57,49,Needs Improvement
91,36,11,0,90,55,56,48,63,55,68,Moderately Ready
66,74,9,9,100,51,33,62,83,43,43,Moderately Ready
33,21,2,12,0,47,27,74,95,22,50,Needs Improvement
43,33,4,12,0,24,26,51,63,32,23,Not Ready Yet
42,37,13,12,16,54,35,40,51,52,29,Needs Improvement
40,32,3,0,41,28,54,25,35,18,48,Not Ready Yet
84,82,14,11,52,60,97,100,95,57,60,Highly Ready
67,87,4,12,66,82,53,85,73,95,63,Highly Ready
21,36,18,12,74,12,33,10,14,49,33,Not Ready Yet
27,56,0,3,23,49,47,14,41,32,34,Needs Improvement
58,64,20,0,54,40,62,73,54,75,37,Moderately Ready
78,71,8,0,62,72,42,67,100,57,99,Moderately Ready
77,54,0,0,100,61,76,49,78,45,52,Moderately Ready
88,46,16,0,21,72,60,49,93,63,48,Moderately Ready
37,16,16,3,19,43,29,20,31,36,36,Not Ready Yet
51,43,20,8,11,56,36,49,55,37,52,Needs Improvement
34,40,20,7,11,26,43,0,37,0,24,Not Ready Yet
78,99,11,3,44,68,58,79,70,91,88,Moderately Ready
66,76,18,7,10,69,57,94,84,45,50,Moderately Ready
61,30,3,7,95,42,32,34,66,66,47,Needs Improvement
58,56,8,7,62,58,33,61,59,51,36,Moderately Ready
70,64,0,0,76,78,54,45,66,38,78,Moderately Ready
66,79,1,0,98,100,76,100,84,64,61,Highly Ready
25,64,8,1,57,36,25,38,56,29,56,Needs Improvement
90,44,2,0,20,60,30,56,80,50,67,Moderately Ready
77,100,0,10,94,60,50,80,74,79,76,Highly Ready
92,64,0,4,90,69,97,81,73,79,86,Highly Ready
81,83,0,2,43,87,65,85,80,85,60,Highly Ready
22,31,0,4,21,66,30,60,66,46,69,Needs Improvement
57,46,17,12,56,37,50,65,70,36,55,Needs Improvement
92,70,0,0,37,96,79,83,97,76,65,Highly Ready
71,84,3,10,80,66,36,48,92,76,51,Moderately Ready
65,88,7,12,6,72,76,43,85,78,47,Moderately Ready
39,28,13,12,43,25,43,14,34,61,14,Not Ready Yet
86,96,0,0,73,49,64,58,65,67,62,Moderately Ready
57,64,20,3,45,87,54,48,100,90,83,Highly Ready
85,53,0,0,65,87,58,82,98,65,81,Highly Ready
34,14,7,12,28,10,45,17,40,52,26,Needs Improvement
78,90,0,0,9,74,98,63,79,57,85,Highly Ready
74,56,0,4,47,60,76,36,64,75,80,Moderately Ready
60,51,9,3,12,50,62,27,62,65,51,Needs Improvement
38,66,5,9,86,34,40,50,72,54,63,Needs Improvement
79,86,1,2,55,69,44,88,56,53,66,Moderately Ready
83,97,7,2,17,75,66,93,72,79,88,Highly Ready
83,55,6,3,0,79,55,82,60,69,58,Moderately Ready
6,9,18,6,81,37,0,6,56,24,29,Not Ready Yet
8,3,19,1,58,35,22,0,33,32,28,Not Ready Yet
60,72,2,0,64,60,40,58,88,71,55,Moderately Ready
79,64,9,0,88,60,68,36,40,40,71,Highly Ready
32,12,20,0,11,34,20,20,14,40,44,Not Ready Yet
52,47,20,8,69,51,63,55,62,61,69,Needs Improvement
92,91,7,9,87,93,100,46,93,100,74,Highly Ready
43,28,3,0,26,35,64,52,57,54,50,Needs Improvement
53,42,12,0,24,45,48,20,57,51,10,Needs Improvement
66,82,8,0,29,95,69,57,47,84,85,Highly Ready
5,66,20,12,89,57,39,72,49,48,56,Needs Improvement
61,35,15,12,19,15,45,29,24,34,41,Not Ready Yet
84,63,3,12,55,70,61,54,89,58,80,Moderately Ready
10,22,13,12,75,55,23,18,59,37,5,Not Ready Yet
74,77,6,0,72,47,49,82,60,50,71,Highly Ready
44,46,0,0,87,41,70,85,100,54,43,Moderately Ready
89,65,6,2,21,64,71,96,57,100,79,Highly Ready
77,39,3,0,58,79,63,53,65,48,42,Moderately Ready
50,18,17,11,82,25,37,0,50,37,18,Not Ready Yet
100,100,20,0,53,95,62,87,82,62,83,Highly Ready
87,79,10,12,80,60,65,53,59,100,58,Highly Ready
13,14,20,4,10,10,16,9,29,54,45,Not Ready Yet
32,34,10,7,92,20,32,42,28,32,28,Not Ready Yet
58,36,5,7,90,45,55,49,80,61,46,Moderately Ready
53,28,20,0,36,54,7,35,62,34,27,Needs Improvement
76,53,15,0,88,87,53,33,95,66,100,Moderately Ready
65,66,2,6,82,32,26,26,50,55,46,Needs Improvement
6,18,9,0,81,20,27,3,29,27,37,Not Ready Yet
41,63,14,9,4,61,64,80,67,47,63,Moderately Ready
16,12,14,0,54,19,38,45,48,16,20,Not Ready Yet
91,88,0,0,51,67,60,59,100,100,80,Highly Ready
8,22,11,12,58,28,49,25,27,36,43,Not Ready Yet
66,68,3,7,90,67,86,100,85,86,82,Moderately Ready
45,42,3,6,17,44,60,80,91,49,78,Moderately Ready
34,31,19,10,7,58,40,44,73,29,39,Needs Improvement
50,37,5,3,55,74,55,55,78,78,59,Moderately Ready
73,35,14,12,54,44,52,80,77,56,49,Needs Improvement
15,0,15,0,15,30,51,9,38,10,34,Not Ready Yet
9,17,20,11,71,34,35,29,28,23,28,Not Ready Yet
70,58,20,2,100,48,51,37,54,63,33,Needs Improvement
80,36,14,12,76,82,86,96,79,81,95,Moderately Ready
4,16,11,12,25,20,15,10,19,4,29,Not Ready Yet
66,55,0,12,100,47,59,54,68,71,98,Moderately Ready
100,71,4,8,19,88,89,87,98,72,58,Highly Ready
64,53,11,6,76,55,45,13,57,54,72,Moderately Ready
72,79,4,3,57,86,64,88,89,70,82,Highly Ready
66,92,1,5,68,78,95,63,100,85,68,Highly Ready
73,67,0,0,68,79,65,61,61,69,55,Highly Ready
86,94,10,0,14,75,100,38,80,100,100,Highly Ready
93,68,2,0,14,70,100,61,81,52,68,Highly Ready
38,75,10,4,25,38,14,57,35,23,23,Needs Improvement
42,27,1,10,44,52,44,45,64,29,54,Needs Improvement
72,92,3,6,94,46,63,49,77,85,38,Moderately Ready
39,14,13,0,82,24,13,33,45,48,28,Needs Improvement
43,62,0,2,55,54,46,89,61,66,58,Moderately Ready
28,2,20,12,84,26,8,41,26,35,30,Not Ready Yet
63,51,6,12,51,56,75,93,91,45,83,Needs Improvement
81,61,0,12,72,38,83,59,73,53,85,Moderately Ready
88,81,10,7,42,63,89,88,72,57,85,Highly Ready
44,7,5,0,89,61,11,15,53,20,32,Needs Improvement
3,1,14,12,19,34,20,16,37,21,38,Not Ready Yet
26,37,20,9,81,37,29,9,15,23,37,Not Ready Yet
52,38,2,0,14,50,30,40,35,45,61,Needs Improvement
84,84,8,0,26,83,53,49,80,75,100,Highly Ready
77,81,0,7,24,79,58,73,98,58,94,Highly Ready
26,43,16,2,23,25,20,5,58,29,60,Needs Improvement
51,59,14,7,76,35,46,40,61,42,7,Needs Improvement
7,46,13,12,1,45,48,67,78,53,43,Needs Improvement
62,40,0,12,43,67,68,36,73,63,70,Moderately Ready
24,18,18,12,64,49,4,1,26,37,35,Not Ready Yet
78,89,6,0,92,75,65,83,92,80,100,Highly Ready
29,2,16,11,8,16,47,38,24,36,22,Not Ready Yet
16,7,20,0,63,21,22,30,14,31,13,Not Ready Yet
12,33,16,0,49,22,8,6,37,14,37,Not Ready Yet
0,28,14,12,9,25,21,0,33,46,37,Not Ready Yet
55,66,0,4,54,58,33,20,49,72,53,Needs Improvement
8,24,10,12,87,24,32,9,41,34,27,Not Ready Yet
27,9,13,3,76,24,43,15,16,25,34,Not Ready Yet
41,19,12,6,92,10,11,40,39,56,35,Needs Improvement
66,51,0,0,18,50,64,39,61,62,81,Moderately Ready
25,20,4,0,92,12,29,2,27,45,52,Not Ready Yet
59,83,0,10,52,58,65,50,69,74,75,Moderately Ready
66,75,6,4,12,74,93,52,78,82,94,Highly Ready
53,59,10,9,34,69,46,52,74,58,47,Moderately Ready
74,84,11,0,51,62,77,32,80,70,70,Moderately Ready
81,52,15,6,44,56,56,33,70,52,59,Moderately Ready
45,72,16,2,38,47,32,44,33,42,69,Needs Improvement
30,72,0,12,80,41,54,28,61,52,34,Needs Improvement
49,71,12,12,62,38,48,61,39,20,44,Needs Improvement
66,89,6,12,100,53,54,40,58,84,37,Moderately Ready
52,39,17,12,81,66,32,23,37,44,52,Needs Improvement
58,38,13,12,59,87,41,35,58,84,71,Moderately Ready
40,64,20,2,77,54,44,36,59,35,50,Needs Improvement
56,52,20,2,88,66,48,22,51,72,25,Needs Improvement
51,26,9,12,18,55,37,38,47,31,38,Needs Improvement
45,30,17,12,60,29,30,0,45,31,38,Not Ready Yet
33,39,19,2,59,51,2,18,21,29,36,Not Ready Yet
20,24,11,12,81,23,44,0,54,15,33,Not Ready Yet
71,92,6,0,75,86,73,60,50,52,77,Moderately Ready
83,63,4,12,72,86,76,48,61,68,79,Moderately Ready
100,65,2,9,74,92,83,49,84,61,66,Highly Ready
49,91,12,0,77,78,67,77,52,76,59,Moderately Ready
29,18,20,6,42,25,36,36,25,52,26,Not Ready Yet
44,72,4,11,95,61,94,83,61,57,41,Moderately Ready
66,78,19,0,25,87,76,73,71,50,47,Moderately Ready
10,44,11,6,23,34,13,0,17,57,38,Not Ready Yet
100,78,0,0,0,64,79,44,67,63,73,Highly Ready
87,95,1,2,31,83,67,94,96,55,83,Highly Ready
36,46,0,11,77,78,69,80,88,77,93,Moderately Ready
27,30,11,5,93,73,46,61,52,22,25,Needs Improvement
35,40,0,0,65,56,23,35,55,18,51,Needs Improvement
69,49,9,11,0,57,67,45,65,44,76,Needs Improvement
27,12,5,12,71,4,36,28,38,36,47,Not Ready Yet
34,39,0,0,23,28,60,23,48,17,41,Needs Improvement
77,58,11,0,12,38,74,37,95,73,59,Moderately Ready
100,100,8,0,81,87,60,82,85,96,90,Highly Ready
84,40,9,6,18,57,79,71,77,76,57,Moderately Ready
5,0,18,10,76,30,38,14,60,41,9,Not Ready Yet
93,68,0,10,8,96,82,82,86,74,95,Highly Ready
31,10,15,12,85,45,15,52,61,28,56,Needs Improvement
24,28,18,5,62,50,33,26,25,40,50,Not Ready Yet
77,85,0,12,8,52,75,65,50,50,52,Moderately Ready
45,30,0,0,13,53,20,26,57,40,42,Needs Improvement
27,27,20,12,98,23,40,37,21,18,34,Not Ready Yet
87,100,2,7,48,78,62,60,83,81,99,Highly Ready
9,15,7,7,93,48,17,32,67,46,28,Not Ready Yet
83,100,0,0,62,52,65,84,92,74,82,Highly Ready
61,39,3,11,0,52,89,54,67,74,41,Moderately Ready
49,30,0,5,38,62,39,53,37,49,38,Needs Improvement
20,16,14,12,69,2,14,21,20,10,40,Not Ready Yet
14,52,16,12,7,37,1,9,34,45,38,Not Ready Yet
87,86,0,12,83,78,74,86,92,84,89,Highly Ready
28,11,11,12,69,21,34,25,27,38,33,Not Ready Yet
48,16,5,12,21,32,15,37,5,37,34,Not Ready Yet
27,53,16,11,77,26,55,48,63,48,46,Not Ready Yet
29,40,2,12,74,38,55,43,31,39,52,Needs Improvement
66,86,1,0,54,59,61,41,74,68,50,Moderately Ready
28,0,3,8,8,43,14,25,19,20,23,Not Ready Yet
75,60,15,0,53,79,35,46,74,59,65,Moderately Ready
73,97,8,0,39,75,83,67,71,100,77,Highly Ready
73,75,1,9,29,75,90,100,75,70,89,Highly Ready
20,35,0,11,0,59,49,30,71,35,44,Needs Improvement
83,59,4,0,87,92,79,67,79,77,63,Highly Ready
62,30,10,12,13,60,39,24,38,57,42,Needs Improvement
50,60,17,11,22,35,45,28,49,30,65,Needs Improvement
75,53,12,12,91,66,56,45,63,72,75,Moderately Ready
37,48,0,7,44,47,56,37,39,64,56,Needs Improvement
41,34,0,12,39,53,26,48,81,45,42,Needs Improvement
24,22,13,6,64,22,35,43,47,47,12,Moderately Ready
22,37,9,10,74,25,4,14,29,23,32,Not Ready Yet
21,37,20,12,93,12,54,20,34,32,10,Not Ready Yet
100,76,14,11,20,60,92,49,81,62,82,Highly Ready
67,47,15,0,73,55,46,83,50,39,49,Moderately Ready
66,59,15,4,69,66,42,44,65,42,36,Needs Improvement
36,5,13,0,35,44,8,9,30,26,39,Not Ready Yet
83,76,0,0,84,78,56,65,77,63,51,Moderately Ready
73,70,0,12,90,69,85,69,86,70,64,Moderately Ready
92,95,11,6,0,100,67,82,63,94,100,Highly Ready
68,65,8,4,77,58,52,81,91,100,59,Highly Ready
35,43,9,0,33,65,55,55,49,59,61,Moderately Ready
60,72,0,0,32,52,58,69,66,63,44,Moderately Ready
0,22,10,0,26,7,18,20,36,26,40,Not Ready Yet
67,29,19,7,74,27,28,15,70,26,62,Needs Improvement
64,25,6,5,0,54,72,47,75,79,68,Moderately Ready
78,85,0,7,99,84,44,65,92,100,100,Highly Ready
80,78,18,8,90,46,61,70,93,62,53,Moderately Ready
32,22,0,9,42,27,25,29,32,36,34,Needs Improvement
37,78,0,9,36,23,51,14,55,52,14,Needs Improvement
68,78,20,0,31,82,67,100,89,73,100,Highly Ready
52,50,7,9,15,87,82,78,60,80,75,Moderately Ready
38,33,4,12,47,57,84,61,73,68,42,Highly Ready
72,70,13,11,0,83,52,69,69,68,66,Moderately Ready
90,62,0,12,58,83,64,47,66,75,75,Moderately Ready
62,89,7,6,69,77,100,49,87,78,90,Highly Ready
18,35,9,5,50,41,26,18,55,37,21,Not Ready Yet
72,35,3,0,36,82,52,59,77,48,62,Moderately Ready
87,77,15,2,59,78,92,50,62,53,66,Moderately Ready
87,80,0,3,48,55,69,68,100,69,83,Highly Ready
71,69,4,6,52,78,69,43,75,100,100,Highly Ready
73,66,8,0,86,97,87,57,76,65,93,Highly Ready
72,55,0,5,63,85,76,51,100,91,82,Highly Ready
69,44,15,10,5,50,15,59,42,38,40,Moderately Ready
49,68,3,9,79,79,57,65,85,80,77,Moderately Ready
62,92,0,0,3,87,48,47,55,87,95,Highly Ready
40,17,12,2,29,30,41,39,66,59,49,Not Ready Yet
54,36,4,8,62,50,46,38,76,49,29,Needs Improvement
78,94,0,12,32,97,61,61,95,64,77,Highly Ready
50,72,12,4,86,39,49,30,47,64,50,Needs Improvement
78,89,7,0,0,69,55,84,73,79,100,Highly Ready
96,54,0,6,16,91,84,47,78,69,73,Highly Ready
68,100,12,0,28,100,69,58,80,96,74,Highly Ready
24,5,20,4,11,35,16,33,34,31,48,Not Ready Yet
55,86,6,7,100,71,70,65,71,77,75,Moderately Ready
70,76,5,12,53,53,46,88,60,80,68,Moderately Ready
61,91,9,7,20,72,72,47,60,45,77,Moderately Ready
48,8,20,7,32,37,7,28,52,13,37,Not Ready Yet
51,16,12,12,79,46,48,34,52,39,37,Not Ready Yet
46,69,19,10,88,73,12,42,44,62,56,Needs Improvement
48,62,6,11,95,58,19,27,48,50,39,Not Ready Yet
32,25,17,12,8,28,26,3,31,66,21,Not Ready Yet
33,25,20,2,75,37,12,20,22,45,19,Needs Improvement
46,59,19,0,100,87,73,73,65,72,71,Moderately Ready
93,100,4,0,81,69,73,65,73,88,74,Highly Ready
78,65,5,7,77,63,76,36,88,76,53,Moderately Ready
79,93,5,0,13,82,57,41,98,71,57,Highly Ready
50,0,2,12,25,31,6,15,17,28,26,Not Ready Yet
64,66,5,9,42,62,71,19,52,32,35,Needs Improvement
40,55,4,3,89,32,26,59,88,14,45,Needs Improvement
50,71,0,1,100,48,70,48,56,61,63,Moderately Ready
56,27,13,0,87,38,44,51,64,32,17,Moderately Ready
90,99,1,10,22,76,61,87,100,67,90,Highly Ready
74,78,0,0,92,91,57,93,62,62,99,Highly Ready
88,91,0,0,100,71,78,98,94,91,88,Highly Ready
64,61,0,8,72,95,69,84,49,43,75,Moderately Ready
55,91,3,1,46,57,42,33,70,56,76,Moderately Ready
81,61,7,7,29,61,57,32,64,48,94,Moderately Ready
89,86,1,0,95,80,62,98,94,98,86,Highly Ready
54,59,10,6,68,63,77,92,71,67,61,Moderately Ready
86,61,10,8,100,74,67,78,100,81,90,Highly Ready
37,24,15,12,36,20,19,52,27,15,41,Not Ready Yet
75,67,12,0,97,77,53,34,86,69,61,Moderately Ready
2,29,20,12,26,31,15,0,27,19,37,Not Ready Yet
83,42,0,9,42,72,33,84,71,44,64,Needs Improvement
43,54,7,11,88,67,41,29,58,62,53,Needs Improvement
42,23,16,0,25,28,31,0,23,31,30,Not Ready Yet
91,73,0,0,67,49,42,67,70,58,62,Needs Improvement
82,73,0,3,40,86,62,89,85,80,88,Highly Ready
12,0,9,0,78,24,6,29,36,56,48,Not Ready Yet
68,86,0,5,75,96,52,87,73,81,79,Highly Ready
95,87,6,7,77,96,40,59,91,81,73,Highly Ready
44,66,1,12,23,47,35,60,57,56,43,Not Ready Yet
61,75,0,0,62,83,85,44,89,67,59,Highly Ready
34,30,14,4,34,30,7,7,26,12,42,Not Ready Yet
73,51,4,5,21,78,60,62,57,55,60,Moderately Ready
48,17,5,12,31,11,9,46,14,51,34,Not Ready Yet
55,69,5,12,0,59,50,82,83,85,65,Moderately Ready
58,87,6,0,62,73,96,65,70,91,53,Highly Ready
1,41,20,2,15,57,8,27,16,57,38,Not Ready Yet
35,32,20,0,0,40,21,0,43,44,43,Not Ready Yet
41,37,8,2,33,48,60,64,37,58,36,Needs Improvement
98,79,0,4,36,90,85,92,100,62,63,Highly Ready
69,60,0,2,66,45,35,34,50,52,74,Moderately Ready
19,25,12,12,16,34,0,30,13,20,6,Not Ready Yet
72,68,16,0,37,58,68,67,54,53,59,Needs Improvement
80,64,8,0,91,78,34,48,56,57,68,Moderately Ready
43,73,9,9,97,52,30,66,54,63,58,Needs Improvement
60,51,6,0,24,67,91,53,67,52,67,Moderately Ready
65,40,0,0,41,28,67,62,42,73,36,Needs Improvement
49,71,10,0,53,61,61,51,52,34,41,Needs Improvement
24,39,16,7,61,28,15,27,21,33,10,Not Ready Yet
49,37,20,11,65,36,6,38,31,59,27,Not Ready Yet
91,60,7,4,24,79,48,81,78,100,80,Highly Ready
35,24,13,10,63,31,43,14,78,75,54,Needs Improvement
77,53,0,7,57,96,85,74,77,88,86,Highly Ready
98,72,0,8,53,73,67,91,68,78,92,Highly Ready
68,99,17,2,31,73,66,63,96,77,66,Highly Ready
21,36,20,4,64,72,32,52,53,38,45,Not Ready Yet
41,26,8,12,36,23,42,3,34,29,40,Not Ready Yet
66,57,0,0,10,80,82,44,59,67,77,Moderately Ready
74,43,0,12,29,57,81,58,71,57,51,Moderately Ready
51,46,9,0,66,55,39,26,53,42,50,Needs Improvement
64,44,0,7,60,34,51,47,32,51,71,Needs Improvement
27,19,0,0,31,36,64,61,82,75,64,Needs Improvement
44,69,20,0,77,70,64,57,74,47,66,Moderately Ready
51,49,0,0,0,44,55,68,57,66,41,Needs Improvement
89,57,0,2,61,85,49,84,67,86,64,Highly Ready
27,18,10,12,33,40,56,45,55,36,44,Needs Improvement
22,23,20,0,70,53,37,34,44,21,52,Not Ready Yet
29,38,2,0,13,83,53,38,83,92,94,Moderately Ready
17,37,20,12,81,21,19,25,59,31,16,Not Ready Yet
53,62,20,5,57,37,69,80,69,73,39,Moderately Ready
52,44,0,3,3,34,38,53,41,50,41,Needs Improvement
20,14,4,5,88,25,26,34,21,16,36,Not Ready Yet
20,1,14,12,47,27,27,0,15,23,28,Not Ready Yet
73,100,0,0,37,69,85,66,92,100,57,Highly Ready
37,32,10,0,52,39,10,12,30,34,9,Not Ready Yet
53,42,8,2,26,50,70,10,75,26,55,Needs Improvement
20,19,20,6,95,40,6,3,12,16,25,Not Ready Yet
16,12,20,10,59,38,41,13,41,28,41,Not Ready Yet
86,55,2,2,51,55,49,51,52,66,39,Moderately Ready
63,74,0,11,63,49,92,55,49,61,62,Moderately Ready
31,15,3,12,55,60,34,41,60,51,53,Needs Improvement
25,48,16,4,57,67,45,24,65,38,67,Needs Improvement
74,53,0,12,76,96,83,38,83,54,40,Moderately Ready
79,92,0,0,53,100,60,62,75,97,90,Highly Ready
80,50,5,4,62,74,64,51,70,77,58,Moderately Ready
56,53,0,0,74,81,93,73,73,72,68,Highly Ready
68,42,9,0,76,80,83,62,61,80,44,Moderately Ready
31,56,0,0,23,43,58,70,62,60,60,Needs Improvement
20,31,20,12,87,43,16,11,17,25,31,Not Ready Yet
41,21,17,10,97,43,23,42,33,25,40,Needs Improvement
49,34,20,2,42,40,37,38,40,31,16,Not Ready Yet
78,63,0,0,17,76,46,54,57,60,67,Moderately Ready
75,100,2,7,69,72,82,51,74,69,84,Highly Ready
4,11,20,12,63,38,51,12,41,10,19,Needs Improvement
28,29,16,12,2,23,46,54,21,28,18,Not Ready Yet
28,22,13,1,50,31,42,0,65,33,49,Needs Improvement
32,27,17,1,23,20,19,0,40,24,14,Not Ready Yet
77,83,16,0,60,63,41,42,69,50,70,Moderately Ready
66,49,10,8,35,42,45,46,47,60,51,Needs Improvement
100,80,0,12,69,81,60,75,79,93,92,Highly Ready
83,58,15,8,39,100,50,93,81,81,89,Highly Ready
91,91,7,0,11,83,95,65,100,74,61,Highly Ready
78,82,3,3,5,96,89,97,96,83,100,Highly Ready
9,28,17,9,45,45,24,21,52,29,50,Not Ready Yet
69,58,0,5,84,32,40,38,65,81,82,Moderately Ready
32,68,9,12,83,21,36,19,45,56,45,Needs Improvement
46,53,3,12,0,49,16,42,51,46,53,Needs Improvement
35,35,7,12,48,26,32,42,37,22,56,Needs Improvement
55,79,4,0,70,77,70,54,93,83,74,Moderately Ready
40,63,20,12,96,38,29,44,63,34,36,Needs Improvement
83,62,6,11,49,100,99,48,95,57,100,Highly Ready
56,51,1,0,49,81,71,47,60,50,53,Needs Improvement
32,21,10,0,0,49,26,75,46,24,46,Needs Improvement
70,85,0,2,44,83,89,97,61,63,78,Highly Ready
55,53,4,0,35,64,46,71,40,83,68,Moderately Ready
57,50,20,6,78,44,23,48,36,32,39,Needs Improvement
40,41,8,4,48,26,28,30,46,52,54,Needs Improvement
73,75,9,4,49,67,71,50,91,98,89,Highly Ready
73,86,10,9,70,92,52,76,85,66,74,Moderately Ready
13,54,15,11,35,39,45,43,19,32,37,Not Ready Yet
20,14,3,0,64,27,8,20,10,31,24,Not Ready Yet
20,28,0,0,31,61,17,54,30,28,62,Needs Improvement
62,69,9,0,41,67,80,47,70,58,54,Moderately Ready
52,58,16,12,91,60,64,72,51,67,78,Moderately Ready
88,72,0,0,69,84,78,61,62,95,85,Highly Ready
57,85,3,6,33,100,87,84,95,89,76,Highly Ready
47,51,16,0,87,62,10,50,63,76,30,Needs Improvement
63,98,0,0,27,95,78,61,100,99,67,Highly Ready
93,64,0,0,54,60,55,37,57,73,76,Moderately Ready
35,20,13,12,60,30,18,29,10,55,51,Not Ready Yet
81,70,4,10,66,76,74,59,48,83,97,Moderately Ready
89,88,2,0,56,70,79,64,90,100,95,Highly Ready
61,33,1,0,75,53,35,24,72,27,59,Needs Improvement
34,9,8,0,70,0,45,46,27,24,32,Needs Improvement
86,87,0,0,22,84,63,79,84,82,100,Highly Ready
80,63,8,0,28,77,49,37,43,64,63,Moderately Ready
79,80,14,9,91,63,77,78,87,91,74,Highly Ready
59,57,6,12,52,27,34,32,43,52,55,Needs Improvement
56,73,0,0,80,46,67,50,82,80,50,Moderately Ready
19,43,8,12,64,66,35,57,85,45,40,Needs Improvement
41,23,9,12,6,39,39,35,53,63,37,Needs Improvement
63,28,20,0,67,45,29,27,60,53,29,Not Ready Yet
39,80,8,0,23,30,12,18,40,21,46,Needs Improvement
68,100,0,6,14,72,100,95,61,99,99,Highly Ready
33,56,10,5,100,37,12,44,36,72,55,Needs Improvement
82,88,0,2,78,81,51,50,82,75,94,Moderately Ready
83,97,0,6,43,100,81,93,87,77,89,Highly Ready
86,54,0,7,49,100,76,98,80,78,73,Highly Ready
24,18,20,0,72,38,13,49,35,28,19,Not Ready Yet
37,64,6,12,75,81,23,73,62,52,87,Moderately Ready
36,17,10,2,13,28,30,45,26,21,33,Not Ready Yet
44,66,0,9,88,51,44,41,57,48,29,Needs Improvement
56,30,12,5,67,50,17,50,65,33,37,Needs Improvement
49,18,13,12,70,9,25,33,53,36,42,Not Ready Yet
41,75,1,4,54,48,41,52,38,55,29,Needs Improvement
81,46,4,0,100,69,66,71,53,54,63,Moderately Ready
90,63,0,3,85,80,69,62,91,82,100,Highly Ready
72,65,13,12,73,89,60,88,82,73,82,Highly Ready
74,87,6,3,89,57,70,88,87,88,100,Highly Ready
81,88,0,8,37,64,96,81,92,97,78,Highly Ready
12,13,19,3,49,16,7,11,44,47,50,Not Ready Yet
67,67,4,0,13,74,49,89,61,47,74,Moderately Ready
75,100,8,0,75,74,50,100,78,58,95,Highly Ready
51,38,8,12,92,59,70,57,36,60,34,Needs Improvement
44,36,12,10,60,53,30,25,53,62,50,Needs Improvement
80,59,3,6,73,45,19,61,55,64,59,Needs Improvement
100,73,12,12,25,63,89,75,88,58,99,Highly Ready
77,81,0,5,56,67,66,43,83,57,80,Moderately Ready
95,77,10,0,66,62,95,76,87,70,71,Highly Ready
67,47,18,12,11,63,29,81,94,56,56,Moderately Ready
50,29,20,0,69,60,53,50,51,44,15,Needs Improvement
36,35,13,0,92,53,66,29,39,38,45,Needs Improvement
9,14,13,12,32,25,20,47,39,40,47,Not Ready Yet
25,49,12,0,79,57,60,71,72,49,23,Needs Improvement
79,57,11,0,77,72,71,43,100,76,85,Highly Ready
64,64,20,0,57,74,47,69,87,80,78,Moderately Ready
69,65,11,0,11,83,47,55,76,63,86,Highly Ready
24,23,10,0,72,25,57,57,61,40,26,Moderately Ready
30,23,12,12,51,18,4,39,43,51,43,Not Ready Yet
40,25,11,12,43,42,32,38,44,46,38,Needs Improvement
29,20,20,7,94,30,36,19,20,46,7,Not Ready Yet
70,75,10,9,53,82,45,22,62,79,41,Moderately Ready
19,50,15,0,38,42,62,40,63,30,60,Needs Improvement
98,82,0,0,49,60,70,49,73,37,49,Moderately Ready
8,0,7,10,86,17,0,28,59,46,7,Not Ready Yet
52,79,2,5,64,58,65,61,100,100,69,Highly Ready
65,53,5,0,58,65,89,57,96,92,66,Highly Ready
35,18,12,11,67,29,36,9,30,55,11,Not Ready Yet
38,22,20,1,40,17,39,23,38,42,22,Not Ready Yet
13,28,0,12,12,27,4,33,8,25,39,Not Ready Yet
29,30,8,12,78,33,24,11,11,43,41,Not Ready Yet
51,62,2,11,19,73,43,46,92,86,53,Moderately Ready
33,50,0,1,63,52,21,45,27,46,24,Needs Improvement
78,92,0,0,66,68,43,47,65,65,68,Moderately Ready
15,30,20,9,96,62,8,31,28,26,25,Not Ready Yet
98,58,1,9,95,79,80,66,74,71,75,Highly Ready
96,80,11,10,0,82,54,56,87,62,100,Highly Ready
63,70,8,3,9,44,72,67,59,60,63,Moderately Ready
67,81,8,0,15,71,40,96,89,81,97,Highly Ready
12,29,15,12,0,5,8,20,34,37,28,Not Ready Yet
53,52,19,12,90,67,43,36,55,79,73,Moderately Ready
57,27,1,9,0,65,22,53,38,58,33,Needs Improvement
14,46,17,8,70,12,32,24,61,35,37,Not Ready Yet
39,19,20,6,9,9,27,3,31,37,25,Not Ready Yet
31,22,20,0,76,19,42,49,20,13,41,Not Ready Yet
48,39,7,0,34,68,49,74,60,58,70,Moderately Ready
56,62,10,11,8,25,63,47,52,54,37,Needs Improvement
11,25,20,6,52,13,32,8,33,33,40,Not Ready Yet
46,44,11,9,21,26,35,29,70,23,47,Needs Improvement
53,20,18,12,85,21,19,40,33,44,49,Not Ready Yet
22,26,20,4,87,9,14,31,28,40,17,Not Ready Yet
63,57,6,0,90,53,44,29,51,34,49,Needs Improvement
88,52,20,3,95,64,44,34,85,73,88,Moderately Ready
85,70,13,0,86,97,62,93,91,77,83,Highly Ready
73,84,5,5,100,92,89,60,79,78,41,Highly Ready
54,53,4,9,44,52,44,39,92,71,87,Moderately Ready
47,52,12,2,74,44,46,61,61,42,49,Needs Improvement
59,66,17,9,78,49,28,77,41,58,44,Needs Improvement
41,34,20,12,20,55,57,52,46,30,33,Needs Improvement
90,50,6,2,39,55,74,64,53,91,58,Moderately Ready
64,70,0,2,31,54,75,30,73,50,87,Moderately Ready
57,22,16,8,69,20,12,25,55,34,35,Not Ready Yet
71,54,7,2,50,67,85,66,76,56,45,Moderately Ready
3,7,15,6,6,13,40,39,45,20,45,Not Ready Yet
95,90,0,5,65,87,54,49,100,63,93,Highly Ready
20,30,20,12,11,37,10,65,40,53,58,Needs Improvement
20,23,5,12,95,12,32,1,45,22,35,Not Ready Yet
76,71,0,12,6,50,66,38,63,61,65,Moderately Ready
99,71,0,0,65,64,100,76,77,75,67,Highly Ready
78,68,0,9,69,48,65,69,72,64,75,Highly Ready
11,26,11,11,65,18,36,0,44,56,26,Not Ready Yet
82,61,0,0,22,80,80,98,91,73,61,Highly Ready
14,32,20,5,61,35,39,31,25,15,17,Needs Improvement
78,73,0,9,72,86,38,65,73,83,83,Highly Ready
43,38,9,0,51,28,36,35,81,40,44,Needs Improvement
60,80,0,0,5,83,63,49,94,72,62,Needs Improvement
89,66,3,0,51,74,70,74,86,63,86,Highly Ready
65,64,0,12,82,84,51,65,69,77,71,Moderately Ready
59,56,12,2,51,61,70,77,81,73,59,Moderately Ready
59,76,5,0,0,58,38,42,74,88,73,Highly Ready
8,0,20,12,72,36,27,12,35,23,49,Not Ready Yet
64,63,0,1,30,94,83,48,88,61,79,Moderately Ready
40,67,5,2,83,49,35,52,67,46,56,Needs Improvement
100,28,0,6,17,63,86,87,60,64,55,Moderately Ready
48,38,13,12,20,64,33,26,68,60,19,Needs Improvement
39,76,12,12,32,20,37,21,66,60,14,Needs Improvement
58,32,0,1,76,18,20,57,81,25,80,Needs Improvement
56,58,13,0,58,73,51,68,51,95,42,Moderately Ready
62,61,0,10,14,73,47,54,76,37,74,Moderately Ready
43,44,6,0,52,39,29,63,63,33,34,Needs Improvement
88,70,7,4,0,100,51,84,51,84,89,Highly Ready
34,36,11,0,76,55,52,57,44,43,61,Needs Improvement
59,70,0,0,44,67,95,46,60,56,80,Moderately Ready
43,41,19,12,75,67,16,59,67,36,62,Needs Improvement
100,59,0,0,82,69,65,76,73,61,79,Highly Ready
52,37,20,0,14,65,41,54,47,25,60,Needs Improvement
51,36,0,12,21,67,34,67,49,89,71,Moderately Ready
69,68,1,0,34,63,70,80,69,76,63,Highly Ready
17,55,7,10,39,42,32,44,33,68,46,Needs Improvement
50,58,16,10,80,31,19,36,56,32,25,Needs Improvement
78,72,10,12,83,75,88,71,94,100,97,Highly Ready
60,35,20,8,100,42,18,55,49,30,57,Moderately Ready
21,19,20,0,65,10,36,39,52,35,36,Not Ready Yet
81,58,12,12,74,44,45,66,75,64,43,Needs Improvement
75,75,0,0,25,96,70,63,70,58,92,Highly Ready
22,34,20,12,99,19,35,19,21,4,30,Not Ready Yet
61,31,5,7,70,49,33,31,46,22,39,Needs Improvement
48,82,2,9,91,37,58,57,86,41,77,Moderately Ready
79,79,0,6,50,78,50,81,82,76,93,Moderately Ready
12,1,20,12,41,13,29,11,45,0,17,Not Ready Yet
44,25,0,12,17,33,0,2,61,21,27,Not Ready Yet
68,66,9,12,76,94,55,79,100,82,85,Highly Ready
56,88,0,4,30,81,76,36,76,51,41,Moderately Ready
6,37,11,12,19,31,37,27,15,49,42,Not Ready Yet
42,43,6,0,70,77,54,78,72,42,77,Moderately Ready
44,75,8,0,47,41,73,93,83,76,41,Moderately Ready
45,43,9,12,100,43,25,30,48,38,27,Needs Improvement
68,86,0,12,47,53,60,35,77,66,70,Moderately Ready
80,63,5,0,40,83,67,66,57,49,71,Moderately Ready
74,77,20,12,12,46,42,48,77,88,64,Moderately Ready
0,31,15,9,50,30,29,24,40,52,19,Not Ready Yet
33,54,13,8,19,33,35,55,52,46,52,Needs Improvement
78,87,14,4,62,60,100,59,68,53,59,Moderately Ready
83,53,9,12,43,60,69,54,98,58,86,Moderately Ready
68,99,11,0,32,74,100,100,89,62,64,Highly Ready
30,35,1,3,18,35,20,24,43,38,61,Needs Improvement
83,78,16,1,83,62,46,55,76,75,77,Moderately Ready
66,48,0,7,89,60,61,54,70,80,47,Moderately Ready
52,41,15,12,6,32,61,42,68,40,50,Needs Improvement
13,18,20,12,100,14,25,11,52,38,28,Not Ready Yet
74,65,0,0,45,89,68,59,100,83,69,Highly Ready
78,91,8,0,81,100,74,70,89,86,76,Highly Ready
65,62,20,3,38,73,34,86,65,72,65,Moderately Ready
48,47,20,12,19,49,35,21,51,29,51,Needs Improvement
66,55,2,4,56,50,43,34,47,48,81,Moderately Ready
86,81,20,12,18,91,84,100,85,78,95,Highly Ready
76,61,11,11,67,62,77,33,64,85,72,Moderately Ready
57,37,13,8,0,30,41,52,74,56,49,Needs Improvement
0,22,0,7,30,9,28,10,16,9,40,Not Ready Yet
71,59,3,1,100,39,79,83,45,68,69,Moderately Ready
51,58,20,1,22,65,75,43,66,55,73,Moderately Ready
43,22,5,2,100,30,5,9,37,31,23,Not Ready Yet
42,16,18,11,95,75,31,59,43,59,43,Needs Improvement
57,70,0,4,55,47,14,70,69,40,74,Moderately Ready
82,95,4,5,40,84,51,90,65,84,100,Highly Ready
62,46,4,12,2,41,50,66,71,55,58,Needs Improvement
86,75,0,0,56,72,63,92,82,75,85,Highly Ready
52,28,17,12,94,37,61,27,83,28,52,Needs Improvement
21,17,8,12,89,34,29,27,40,22,41,Not Ready Yet
100,100,0,0,40,62,70,70,88,85,87,Highly Ready
56,72,0,0,59,83,62,43,65,85,77,Highly Ready
85,62,1,9,98,83,95,61,79,75,57,Highly Ready
40,15,3,6,78,30,16,28,45,46,61,Needs Improvement
100,98,13,0,24,66,42,50,79,91,57,Highly Ready
70,54,0,4,98,85,33,98,100,71,62,Highly Ready
72,80,0,1,8,94,40,43,42,97,74,Moderately Ready
2,34,15,12,40,23,16,15,47,30,32,Not Ready Yet
48,30,6,10,25,32,43,76,52,44,19,Needs Improvement
2,19,18,0,42,45,19,21,45,47,9,Not Ready Yet
46,78,20,5,41,85,22,59,57,24,86,Moderately Ready
34,40,11,0,50,30,43,26,43,36,44,Not Ready Yet
58,25,0,4,58,43,40,32,64,34,51,Not Ready Yet
55,41,20,0,27,71,67,84,77,58,65,Moderately Ready
36,17,12,3,61,5,0,26,23,22,35,Needs Improvement
55,45,19,4,72,36,10,61,52,35,54,Needs Improvement
81,30,5,9,85,62,91,79,86,78,37,Moderately Ready
81,88,2,12,5,82,56,59,76,56,95,Highly Ready
64,68,20,0,57,39,64,43,49,22,69,Needs Improvement
86,48,0,0,87,64,62,77,65,42,66,Moderately Ready
68,91,5,0,7,55,57,68,100,84,100,Highly Ready
52,22,11,5,20,67,16,67,68,59,55,Not Ready Yet
45,43,16,0,91,23,36,56,46,45,66,Needs Improvement
54,58,14,6,61,73,85,56,57,73,74,Moderately Ready
43,38,7,5,41,40,17,26,53,58,45,Needs Improvement
46,40,17,0,55,38,25,52,52,24,37,Needs Improvement
46,13,15,10,46,38,73,53,54,40,43,Needs Improvement
53,72,9,9,23,78,60,73,83,66,52,Moderately Ready
49,57,10,0,25,70,42,41,84,59,27,Needs Improvement
79,80,0,8,100,90,80,74,79,85,82,Highly Ready
26,40,0,0,19,63,39,29,59,13,72,Needs Improvement
43,12,20,0,66,26,17,13,9,20,38,Not Ready Yet
80,69,13,5,86,61,57,39,82,89,64,Moderately Ready
78,70,2,5,0,77,96,67,90,68,49,Highly Ready
54,26,10,12,9,31,20,30,35,55,45,Needs Improvement
40,13,10,0,24,26,16,14,23,22,9,Not Ready Yet
80,45,2,12,51,43,52,41,66,76,80,Moderately Ready
88,58,0,0,63,70,24,25,52,59,29,Moderately Ready
0,21,20,12,37,31,0,47,41,45,57,Needs Improvement
87,58,0,0,16,58,80,49,98,68,55,Highly Ready
81,99,6,0,33,61,88,84,91,79,92,Highly Ready
74,47,0,0,12,89,99,57,100,77,86,Highly Ready
67,65,4,0,11,90,77,42,60,89,44,Moderately Ready
33,40,0,3,89,28,22,13,62,37,51,Not Ready Yet
63,80,0,2,38,86,38,53,68,68,61,Moderately Ready
71,88,3,6,98,100,60,43,82,69,95,Highly Ready
40,61,6,11,100,60,38,51,55,74,51,Moderately Ready
32,32,18,8,40,37,17,38,47,47,27,Not Ready Yet
76,72,0,8,58,60,39,79,74,32,57,Moderately Ready
20,22,18,8,78,15,18,47,42,37,36,Not Ready Yet
36,7,6,12,16,27,26,39,43,15,7,Not Ready Yet
28,25,7,1,27,33,33,14,61,53,36,Needs Improvement
42,57,14,0,24,94,31,77,77,76,80,Moderately Ready
74,94,1,3,95,81,69,40,94,78,56,Highly Ready
27,58,2,0,84,18,50,15,42,72,55,Needs Improvement
73,32,13,6,0,31,40,34,78,23,49,Needs Improvement
67,95,0,0,51,81,50,19,67,58,60,Moderately Ready
75,36,13,7,31,51,34,10,64,27,42,Needs Improvement
44,53,8,11,89,45,15,38,44,41,40,Moderately Ready
71,64,2,12,23,92,98,62,71,56,77,Highly Ready
63,85,20,12,57,92,76,67,43,70,74,Moderately Ready
21,10,16,12,99,0,33,29,38,34,26,Not Ready Yet
59,63,17,12,35,44,49,38,53,67,27,Not Ready Yet
50,78,13,11,63,60,39,54,82,67,78,Moderately Ready
64,31,0,10,50,68,56,46,58,98,82,Moderately Ready
34,3,18,12,60,28,1,55,62,34,47,Not Ready Yet
78,92,0,7,15,100,59,90,90,94,83,Highly Ready
80,60,11,0,55,91,50,73,62,55,84,Moderately Ready
12,23,20,12,53,3,27,0,50,0,6,Not Ready Yet
63,66,0,0,14,92,27,31,64,60,75,Moderately Ready
58,78,9,0,61,44,72,34,70,68,55,Moderately Ready
62,97,7,8,62,81,44,74,83,42,79,Moderately Ready
21,15,3,1,34,72,18,57,34,44,47,Needs Improvement
66,50,18,0,26,45,60,41,47,38,40,Needs Improvement
83,84,0,4,100,57,94,95,81,90,83,Highly Ready
27,20,16,8,83,43,48,18,54,37,46,Needs Improvement
48,31,15,7,88,44,60,55,26,33,40,Needs Improvement
71,94,12,0,52,73,76,70,89,73,100,Highly Ready
0,18,6,0,9,37,43,14,40,49,30,Needs Improvement
62,76,20,7,54,47,84,74,60,39,76,Moderately Ready
28,25,7,7,66,1,27,45,48,19,25,Not Ready Yet
94,55,6,0,38,81,56,36,69,68,39,Moderately Ready
7,19,14,0,5,31,5,34,19,32,30,Not Ready Yet
28,37,6,3,92,30,40,36,54,23,27,Needs Improvement
40,16,17,1,75,30,24,24,57,62,39,Needs Improvement
31,25,15,0,11,50,15,60,73,49,71,Needs Improvement
31,45,14,12,69,0,29,26,22,28,67,Not Ready Yet
50,23,4,12,70,61,27,62,54,24,48,Needs Improvement
61,36,2,4,32,35,61,54,45,43,68,Needs Improvement
53,45,11,8,19,40,37,71,51,38,13,Needs Improvement
70,45,11,7,24,34,53,22,54,54,39,Needs Improvement
37,33,11,11,26,40,3,26,28,19,23,Not Ready Yet
40,36,17,2,72,16,26,23,21,46,16,Not Ready Yet
54,54,0,0,76,55,66,39,77,51,48,Highly Ready
56,80,1,0,92,72,45,62,58,58,57,Moderately Ready
43,35,11,3,0,42,34,13,46,43,30,Needs Improvement
98,100,2,5,57,81,82,94,65,92,80,Highly Ready
76,66,10,11,9,91,40,100,70,79,76,Highly Ready
70,73,10,8,66,59,100,85,97,85,100,Highly Ready
53,54,17,0,60,63,26,58,51,42,52,Needs Improvement
79,89,10,5,100,100,76,100,72,68,69,Highly Ready
83,70,10,0,71,76,78,81,80,94,61,Moderately Ready
49,48,10,12,24,59,45,63,56,59,47,Needs Improvement
58,58,8,2,65,64,34,58,81,52,53,Moderately Ready
51,51,16,12,46,72,58,58,90,74,66,Moderately Ready
58,29,20,0,73,68,28,15,39,60,47,Needs Improvement
80,56,8,8,30,68,100,87,82,90,89,Highly Ready
40,61,20,0,11,48,51,80,87,62,57,Moderately Ready
65,68,0,2,67,67,39,55,76,82,59,Moderately Ready
40,49,0,12,26,42,56,44,70,29,50,Needs Improvement
62,71,18,12,46,75,31,61,91,82,63,Moderately Ready
63,55,6,12,32,68,39,51,33,61,53,Needs Improvement
33,8,15,10,89,33,31,40,29,15,39,Not Ready Yet
69,54,0,3,7,78,88,59,64,54,46,Moderately Ready
63,63,8,0,38,48,36,22,95,54,38,Needs Improvement
20,15,20,12,28,17,0,4,14,0,27,Not Ready Yet
2,29,20,1,17,20,28,3,42,45,29,Not Ready Yet
0,10,20,12,82,21,11,26,33,14,25,Not Ready Yet
27,63,0,5,81,24,47,26,35,55,71,Needs Improvement
93,65,5,0,87,95,100,89,60,92,65,Highly Ready
46,37,0,3,26,39,59,51,64,52,46,Needs Improvement
27,37,0,12,34,39,29,63,31,64,59,Needs Improvement
0,40,10,3,7,22,6,23,31,37,34,Not Ready Yet
95,64,15,7,12,100,55,68,100,93,96,Highly Ready
47,74,20,8,30,34,49,60,40,52,32,Needs Improvement
34,21,20,2,18,5,11,26,23,30,20,Not Ready Yet
17,29,20,9,62,14,4,0,55,12,7,Not Ready Yet
9,19,11,11,81,28,24,18,49,31,48,Not Ready Yet
27,20,2,0,75,23,0,44,39,29,47,Not Ready Yet
52,49,14,0,35,65,46,44,56,72,64,Needs Improvement
22,39,18,4,14,29,9,0,50,13,53,Not Ready Yet
83,88,1,3,84,97,63,100,88,85,82,Highly Ready
87,80,4,7,4,80,53,79,90,63,75,Highly Ready
92,55,10,11,0,70,43,36,65,45,35,Moderately Ready
42,35,20,1,59,45,49,30,68,34,51,Needs Improvement
97,75,6,4,5,98,43,92,79,91,86,Highly Ready
74,45,4,1,14,67,69,78,87,55,59,Moderately Ready
33,65,13,11,82,65,32,53,54,48,45,Needs Improvement
100,83,10,0,50,75,82,80,76,94,71,Highly Ready
13,40,20,6,80,33,15,23,11,32,43,Not Ready Yet
71,50,0,2,34,88,91,75,87,89,64,Highly Ready
60,81,9,0,26,77,51,83,73,80,94,Highly Ready
100,72,3,0,75,88,39,90,86,97,85,Highly Ready
93,67,3,0,54,48,100,95,100,61,79,Highly Ready
50,37,1,12,25,55,38,65,83,48,92,Moderately Ready
38,20,4,1,43,47,45,32,74,66,38,Needs Improvement
78,84,12,12,69,72,82,53,78,65,63,Highly Ready
87,98,0,1,97,89,100,100,92,83,89,Highly Ready
34,39,0,9,100,16,27,13,56,11,21,Not Ready Yet
51,36,8,12,50,27,47,28,54,59,79,Needs Improvement
74,76,6,0,73,81,50,61,78,60,75,Highly Ready
100,100,12,0,0,100,76,62,92,78,70,Highly Ready
34,76,20,5,68,75,58,56,73,95,56,Moderately Ready
92,84,13,3,100,64,65,56,83,81,80,Highly Ready
38,43,12,12,82,42,22,9,50,29,33,Not Ready Yet
32,43,9,4,6,46,11,29,53,51,29,Needs Improvement
55,80,10,2,84,54,50,70,51,70,91,Moderately Ready
72,75,0,2,94,100,50,56,82,72,87,Highly Ready
87,56,7,0,69,80,40,51,70,64,62,Highly Ready
22,29,7,12,0,22,36,42,20,25,33,Not Ready Yet
53,33,9,0,100,51,63,47,36,27,60,Needs Improvement
96,58,16,8,41,44,41,43,68,46,56,Moderately Ready
52,79,9,7,24,76,68,78,43,68,63,Moderately Ready
29,59,10,3,100,31,52,56,43,58,14,Not Ready Yet
9,6,20,0,13,48,29,32,32,39,52,Needs Improvement
43,32,8,4,57,43,48,36,48,33,59,Needs Improvement
9,41,0,4,20,17,27,4,25,52,28,Not Ready Yet
43,49,10,1,12,21,27,50,65,47,36,Needs Improvement
21,25,20,11,41,28,8,34,46,2,17,Not Ready Yet
54,74,13,0,54,88,83,43,74,68,60,Moderately Ready
49,95,14,11,64,97,65,90,90,100,97,Highly Ready
83,80,15,0,76,64,51,40,88,74,76,Moderately Ready
73,71,2,1,11,59,55,88,75,35,31,Moderately Ready
37,34,20,10,39,42,42,8,39,0,52,Needs Improvement
9,10,0,12,75,33,10,26,37,34,9,Not Ready Yet
16,5,20,12,80,17,33,28,37,55,14,Not Ready Yet
37,16,14,6,52,37,32,11,25,32,14,Not Ready Yet
22,48,5,0,49,18,36,55,47,21,25,Not Ready Yet
30,60,10,4,84,25,29,20,58,59,60,Needs Improvement
68,61,11,6,66,81,66,36,99,84,85,Moderately Ready
47,80,20,6,85,68,69,38,76,63,58,Moderately Ready
42,21,9,3,62,17,39,14,10,9,48,Not Ready Yet
28,29,3,4,89,26,22,38,57,46,16,Not Ready Yet
52,53,14,0,30,31,34,42,69,39,52,Needs Improvement
34,0,15,12,54,38,36,40,26,3,45,Not Ready Yet
25,0,9,12,31,20,8,36,21,28,25,Not Ready Yet
23,42,12,11,41,30,53,44,64,50,46,Needs Improvement
100,100,7,1,86,79,100,81,75,92,75,Highly Ready
78,98,5,0,89,70,60,90,74,50,87,Highly Ready
19,5,7,12,25,20,2,33,15,39,41,Not Ready Yet
37,27,20,2,24,16,39,53,8,14,13,Not Ready Yet
84,80,9,12,93,86,70,79,60,57,79,Moderately Ready
54,54,0,8,0,75,47,55,74,57,72,Moderately Ready
45,57,2,10,42,43,57,21,55,45,57,Needs Improvement
74,83,0,12,0,91,69,70,69,90,91,Highly Ready
88,55,0,6,27,78,65,88,70,79,88,Highly Ready
49,86,9,12,0,58,92,46,71,76,82,Moderately Ready
64,44,7,0,53,66,23,15,68,18,73,Needs Improvement
56,74,10,9,17,74,39,29,100,84,70,Moderately Ready
68,87,11,0,5,78,93,63,87,61,86,Highly Ready
38,47,5,5,95,62,61,48,69,53,61,Moderately Ready
50,77,0,0,56,52,59,78,62,69,54,Moderately Ready
47,50,0,12,7,39,32,39,57,43,62,Needs Improvement
30,45,9,10,33,37,36,42,28,28,51,Needs Improvement
88,64,0,12,24,79,75,69,99,82,72,Highly Ready
30,25,20,2,41,26,16,13,67,26,47,Not Ready Yet
46,41,20,12,44,56,37,27,59,45,36,Needs Improvement
8,18,15,8,16,24,22,16,10,36,29,Not Ready Yet
35,37,20,9,65,57,16,22,59,44,40,Needs Improvement
76,66,3,4,52,77,60,100,78,98,77,Highly Ready
0,42,11,12,100,41,39,19,43,23,40,Not Ready Yet
62,31,0,12,13,61,54,20,66,26,44,Needs Improvement
71,77,0,0,61,67,77,84,82,54,82,Highly Ready
59,40,19,3,22,25,32,41,37,61,51,Needs Improvement
95,80,1,4,98,100,43,100,82,80,64,Highly Ready
78,49,5,0,33,82,42,91,47,94,66,Moderately Ready
97,39,20,8,48,36,75,60,45,84,53,Moderately Ready
14,64,10,12,61,60,24,49,68,55,61,Needs Improvement
15,23,20,12,45,21,5,22,46,27,31,Not Ready Yet
89,96,0,12,48,85,75,73,85,62,81,Highly Ready
7,13,0,6,19,19,34,15,25,17,47,Not Ready Yet
69,59,10,2,13,61,53,12,55,46,45,Needs Improvement
0,42,20,12,43,3,8,44,33,28,12,Not Ready Yet
73,65,14,12,79,71,70,50,82,70,94,Highly Ready
74,76,12,0,86,56,55,51,84,71,58,Highly Ready
88,42,0,11,64,75,42,66,72,86,57,Moderately Ready
25,29,19,5,22,49,36,55,58,47,40,Needs Improvement
40,21,8,0,6,46,0,48,43,30,22,Not Ready Yet
97,86,4,5,100,94,50,65,89,68,91,Highly Ready
15,21,20,0,74,54,23,2,50,56,33,Not Ready Yet
91,83,19,0,0,100,72,91,100,92,76,Highly Ready
51,68,16,0,55,68,70,53,80,67,76,Moderately Ready
79,82,0,11,27,74,45,46,91,77,64,Highly Ready
41,19,0,4,64,33,25,41,38,39,35,Not Ready Yet
97,86,11,12,0,100,64,85,78,100,93,Highly Ready
88,78,4,0,38,60,23,44,96,48,74,Moderately Ready
100,65,8,0,77,60,54,65,89,67,100,Highly Ready
33,20,17,12,55,34,39,27,45,45,40,Not Ready Yet
78,92,6,0,24,92,63,54,100,72,71,Highly Ready
61,45,0,12,39,76,71,46,45,79,52,Moderately Ready
23,2,19,12,62,7,41,31,33,10,21,Not Ready Yet
88,100,0,8,30,100,100,88,79,83,87,Highly Ready
28,33,6,0,25,35,18,47,32,13,24,Not Ready Yet
95,81,8,0,99,98,91,61,87,74,77,Highly Ready
72,76,15,3,15,53,42,37,77,61,84,Moderately Ready
81,72,0,0,7,73,62,59,95,100,85,Highly Ready
53,31,11,6,67,41,36,19,33,28,39,Needs Improvement
38,29,14,1,48,49,12,48,68,34,23,Needs Improvement
59,78,0,6,25,66,47,71,80,83,64,Moderately Ready
51,25,20,7,81,17,10,20,41,11,51,Not Ready Yet
83,92,0,12,40,66,55,37,99,77,81,Highly Ready
29,56,9,0,36,59,26,54,56,13,28,Needs Improvement
100,54,3,8,53,94,84,61,77,83,59,Highly Ready
56,64,15,8,48,41,56,85,70,74,53,Needs Improvement
60,49,10,12,88,59,50,52,79,61,67,Moderately Ready
76,58,20,0,39,69,82,47,76,85,54,Moderately Ready
97,59,10,0,38,77,65,38,35,53,86,Moderately Ready
93,89,10,5,19,100,51,80,87,99,100,Highly Ready
68,82,6,0,18,74,45,52,55,63,67,Moderately Ready
84,56,2,0,20,94,77,60,60,83,100,Highly Ready
27,10,7,12,76,30,30,31,49,10,38,Not Ready Yet
78,56,20,3,56,45,58,89,72,73,63,Moderately Ready
42,52,13,12,85,18,23,54,64,14,25,Needs Improvement
25,16,15,12,28,19,36,37,36,3,16,Not Ready Yet
76,61,0,12,30,61,66,36,75,76,37,Moderately Ready
45,63,6,7,43,77,78,86,79,40,93,Moderately Ready
56,75,0,6,55,67,35,57,52,61,51,Moderately Ready
66,63,3,12,22,67,30,76,68,87,80,Moderately Ready
55,34,9,3,26,59,79,64,100,69,73,Moderately Ready
52,44,20,12,22,57,25,59,32,49,68,Needs Improvement
59,29,2,0,60,57,26,45,33,23,44,Needs Improvement
28,42,20,0,17,53,65,49,51,31,59,Needs Improvement
3,11,10,12,51,29,27,32,18,30,21,Not Ready Yet
62,88,5,0,54,64,37,37,73,45,86,Moderately Ready
91,61,3,7,0,57,76,68,73,62,70,Moderately Ready
88,35,15,12,76,90,71,55,79,67,75,Needs Improvement
48,50,7,0,85,72,60,57,76,46,38,Moderately Ready
46,27,20,12,34,34,54,57,64,37,62,Moderately Ready
78,39,14,0,25,49,25,82,60,34,60,Moderately Ready
41,30,11,12,18,59,60,66,70,44,25,Needs Improvement
32,0,20,0,96,45,22,0,25,53,23,Not Ready Yet
76,78,13,3,74,58,50,38,53,43,72,Moderately Ready
6,3,14,0,76,21,25,22,12,31,35,Not Ready Yet
37,30,17,4,79,31,58,50,48,63,70,Not Ready Yet
73,52,0,0,55,93,86,77,89,54,65,Moderately Ready
62,63,8,12,34,67,83,64,61,63,28,Moderately Ready
82,82,7,12,0,69,57,53,65,75,56,Moderately Ready
48,52,0,7,81,27,5,48,45,37,39,Needs Improvement
35,33,0,0,50,37,66,36,74,22,32,Needs Improvement
53,53,5,0,63,84,75,47,57,71,84,Moderately Ready
100,89,5,10,67,71,80,67,100,72,66,Highly Ready
99,75,3,0,22,60,52,71,63,80,65,Highly Ready
10,7,9,9,94,43,0,21,35,12,30,Not Ready Yet
53,27,6,9,42,70,47,21,86,45,31,Not Ready Yet
82,78,0,4,49,76,77,49,100,66,89,Highly Ready
28,45,17,5,81,48,23,71,30,19,52,Needs Improvement
100,55,2,12,19,59,47,67,89,100,99,Highly Ready
82,77,1,7,35,72,44,56,68,49,65,Moderately Ready
76,67,0,1,50,53,87,66,66,83,87,Highly Ready
50,27,10,10,37,11,0,8,37,36,21,Not Ready Yet
19,22,14,12,65,38,26,13,25,25,31,Not Ready Yet
28,14,20,11,39,17,9,29,26,27,0,Not Ready Yet
53,21,2,11,63,62,51,64,33,55,32,Needs Improvement
91,80,0,12,71,95,53,64,69,94,62,Highly Ready
82,72,3,11,80,84,50,90,82,59,87,Highly Ready
44,58,7,0,84,29,28,39,47,64,28,Needs Improvement
78,72,0,0,91,85,78,89,81,46,100,Highly Ready
91,78,0,0,74,82,54,79,81,58,63,Highly Ready
61,38,0,8,45,49,64,72,100,68,74,Moderately Ready
70,94,0,0,22,77,62,82,88,62,99,Highly Ready
67,60,1,0,91,76,61,74,86,60,58,Highly Ready
51,50,15,0,30,100,83,100,69,80,88,Highly Ready
58,86,20,4,25,61,88,91,75,100,84,Highly Ready
51,68,0,12,34,44,3,27,63,54,46,Needs Improvement
81,73,8,0,82,68,66,75,73,90,59,Moderately Ready
31,37,16,0,13,29,20,29,23,42,40,Not Ready Yet
50,36,16,0,75,52,47,70,61,50,68,Moderately Ready
66,84,2,5,52,70,90,44,85,77,73,Highly Ready
35,45,16,12,61,50,33,54,62,44,41,Needs Improvement
62,61,10,2,23,87,42,46,73,77,69,Moderately Ready
46,50,0,0,56,56,34,55,67,75,50,Needs Improvement
38,42,11,5,75,32,39,81,62,51,24,Needs Improvement
65,27,11,0,34,63,25,18,60,39,36,Needs Improvement
40,77,0,3,97,69,39,56,73,50,72,Moderately Ready
21,23,6,10,78,24,31,0,42,41,22,Not Ready Yet
97,98,9,0,33,90,71,74,78,86,95,Highly Ready
44,18,0,0,56,42,22,56,56,30,24,Needs Improvement
96,94,0,2,80,66,66,87,85,85,85,Moderately Ready
13,46,15,9,0,4,17,44,39,27,29,Not Ready Yet
56,61,20,0,87,61,77,49,84,73,74,Moderately Ready
75,70,16,0,72,96,100,88,69,85,97,Highly Ready
61,75,11,1,45,77,54,93,82,43,38,Moderately Ready
74,90,12,6,44,87,80,45,73,69,60,Highly Ready
44,40,20,12,65,9,83,55,76,50,34,Needs Improvement
84,53,3,0,35,86,26,77,71,80,85,Moderately Ready
47,64,20,2,38,50,29,55,69,73,55,Moderately Ready
50,62,10,10,25,47,26,16,65,28,52,Needs Improvement
81,66,0,10,12,71,31,83,55,69,66,Moderately Ready
98,88,16,4,45,100,71,100,93,70,92,Highly Ready
37,11,8,10,100,45,53,56,65,73,35,Needs Improvement
79,68,4,8,66,85,88,62,84,91,43,Moderately Ready
21,43,20,12,68,34,20,35,54,23,30,Not Ready Yet
49,33,5,0,25,56,58,24,60,18,32,Needs Improvement
0,22,19,0,45,24,34,33,25,53,32,Not Ready Yet
51,49,14,2,99,44,37,24,84,56,21,Needs Improvement
43,52,7,0,21,71,78,63,95,81,58,Moderately Ready
73,43,1,3,3,73,71,75,100,75,100,Highly Ready
10,42,18,0,18,44,7,0,57,25,22,Not Ready Yet
51,64,6,3,45,59,44,57,59,55,53,Moderately Ready
35,68,3,3,85,46,55,45,49,34,30,Needs Improvement
73,72,10,1,34,75,40,69,79,85,71,Moderately Ready
92,78,15,0,62,70,74,46,94,77,100,Highly Ready
0,38,12,9,48,53,10,21,17,18,29,Not Ready Yet
28,44,11,0,74,58,19,56,69,52,61,Needs Improvement
12,11,7,7,19,19,21,44,29,7,43,Not Ready Yet
4,25,12,10,16,29,8,1,55,36,20,Not Ready Yet
60,76,11,12,3,65,66,90,87,54,79,Highly Ready
33,41,1,0,38,66,7,31,70,73,30,Needs Improvement
55,100,0,1,81,64,50,64,100,59,100,Highly Ready
38,27,10,4,59,44,53,76,36,52,70,Not Ready Yet
39,59,10,6,50,42,35,58,49,45,31,Needs Improvement
85,77,5,0,38,46,26,56,49,81,51,Moderately Ready
26,11,12,0,65,44,48,47,57,23,47,Needs Improvement
92,97,0,7,60,83,90,99,100,57,88,Highly Ready
49,46,6,4,19,57,27,26,43,65,49,Needs Improvement
83,44,0,8,69,73,64,44,88,81,44,Moderately Ready
40,21,11,5,44,2,0,37,55,26,34,Not Ready Yet
23,42,18,12,13,52,42,54,72,35,26,Needs Improvement
30,38,13,6,12,28,16,30,28,35,35,Not Ready Yet
49,54,10,7,72,45,41,10,42,41,53,Needs Improvement
37,35,0,12,34,47,54,59,31,45,63,Needs Improvement
27,49,20,0,22,26,45,76,85,40,50,Needs Improvement
62,81,7,0,94,75,45,72,87,61,50,Highly Ready
58,68,1,7,0,95,95,47,85,76,51,Highly Ready
92,50,0,0,87,51,100,68,83,83,100,Highly Ready
65,62,0,3,5,99,67,53,89,76,91,Highly Ready
67,57,0,0,62,95,85,63,87,63,61,Highly Ready
80,92,2,0,5,85,71,69,63,91,85,Highly Ready
24,43,20,12,99,15,40,26,21,9,14,Not Ready Yet
79,36,13,5,27,53,55,65,71,59,80,Moderately Ready
79,50,0,7,9,80,55,80,72,89,87,Highly Ready
80,92,11,1,4,84,80,83,65,84,96,Highly Ready
86,62,0,0,5,78,66,69,89,86,56,Highly Ready
45,53,0,8,72,69,38,69,77,77,74,Moderately Ready
87,65,1,5,69,74,79,48,61,54,93,Highly Ready
89,89,0,5,44,72,82,78,91,71,76,Highly Ready
87,64,1,2,54,69,58,65,76,85,55,Moderately Ready
47,65,7,0,50,48,64,48,57,61,98,Moderately Ready
41,49,3,0,51,52,37,66,77,53,63,Needs Improvement
66,86,17,12,48,68,64,51,63,86,62,Moderately Ready
78,100,2,10,97,74,55,100,67,69,77,Highly Ready
59,35,0,0,74,66,52,23,58,48,49,Needs Improvement
99,91,0,6,62,67,83,88,87,91,79,Highly Ready
53,36,5,0,25,50,21,33,53,56,47,Needs Improvement
53,83,0,0,36,60,75,17,59,53,57,Moderately Ready
75,36,20,0,81,47,58,40,65,55,72,Moderately Ready
34,67,20,5,66,53,18,36,56,49,31,Needs Improvement
74,51,11,10,84,78,30,78,78,72,40,Moderately Ready
82,35,17,0,5,32,42,66,57,73,66,Moderately Ready
72,47,0,1,90,58,83,33,62,91,58,Moderately Ready
32,36,13,10,78,52,31,56,74,39,41,Needs Improvement
61,58,9,0,79,59,41,36,64,54,50,Moderately Ready
76,87,7,0,70,66,62,70,69,74,82,Highly Ready
35,5,19,12,47,28,26,11,33,59,35,Not Ready Yet
46,6,13,7,32,16,16,26,46,44,25,Needs Improvement
100,62,16,0,62,66,71,56,87,78,75,Highly Ready
60,65,19,3,81,34,64,67,62,49,69,Moderately Ready
42,52,7,3,68,64,39,62,39,66,49,Needs Improvement
35,5,5,3,25,41,33,26,33,15,12,Not Ready Yet
54,51,4,0,46,36,25,66,55,53,35,Needs Improvement
54,46,11,0,8,40,74,24,72,63,55,Moderately Ready
85,98,5,0,9,88,84,100,72,72,98,Highly Ready
23,53,13,12,80,27,25,46,44,61,25,Needs Improvement
52,30,18,0,22,29,27,14,64,44,48,Not Ready Yet
26,8,0,7,93,12,31,12,17,50,49,Needs Improvement
37,59,0,3,71,39,30,28,53,23,61,Needs Improvement
58,19,7,12,46,40,18,27,32,53,55,Needs Improvement
67,23,5,0,11,34,59,47,50,39,42,Needs Improvement
57,87,5,0,35,55,42,65,88,75,63,Moderately Ready
40,60,8,12,74,42,53,47,75,47,50,Needs Improvement
30,28,11,12,56,43,42,53,52,59,24,Needs Improvement
39,52,0,1,80,50,75,29,81,88,82,Moderately Ready
23,35,20,4,85,39,15,8,33,25,38,Not Ready Yet
85,82,6,8,30,62,29,72,86,54,77,Moderately Ready
92,74,0,3,61,55,77,53,57,82,53,Moderately Ready
30,12,6,8,8,11,1,47,50,13,6,Not Ready Yet
50,71,0,0,79,74,76,51,55,49,68,Moderately Ready
71,77,0,1,49,100,77,68,67,81,61,Highly Ready
26,39,20,7,60,16,1,36,48,47,31,Not Ready Yet
63,44,13,0,19,62,41,71,69,48,74,Moderately Ready
47,48,13,12,66,56,60,31,52,39,61,Moderately Ready
30,50,0,0,17,62,42,47,41,55,69,Needs Improvement
77,87,4,5,66,86,46,56,98,76,61,Highly Ready
82,90,7,12,8,89,100,60,79,64,73,Highly Ready
63,54,16,0,44,47,68,31,36,60,53,Needs Improvement
29,34,11,4,74,37,21,48,39,58,41,Needs Improvement
59,58,7,0,82,51,52,62,84,69,47,Moderately Ready
65,40,0,0,69,36,43,37,73,38,28,Needs Improvement
29,33,8,8,40,44,4,42,9,32,11,Not Ready Yet
58,65,12,12,61,95,67,99,97,65,100,Highly Ready
80,71,18,0,21,74,64,62,92,49,56,Moderately Ready
46,83,9,12,84,72,53,50,66,56,37,Moderately Ready
69,65,0,7,46,82,49,61,67,81,81,Moderately Ready
33,24,18,0,27,43,50,57,56,20,47,Needs Improvement
37,48,6,8,65,43,36,12,65,37,47,Needs Improvement
89,68,7,0,4,76,85,36,78,55,41,Moderately Ready
59,20,14,12,20,26,83,33,63,60,66,Needs Improvement
57,83,2,3,98,48,82,63,73,92,67,Moderately Ready
25,9,20,0,87,34,23,37,60,30,62,Needs Improvement
57,43,9,9,35,52,57,54,57,44,80,Moderately Ready
97,75,0,4,16,49,57,77,72,69,89,Highly Ready
37,28,18,7,68,62,61,41,47,63,56,Needs Improvement
91,81,0,12,63,58,100,70,88,87,94,Highly Ready
93,90,10,0,51,95,97,48,92,71,100,Highly Ready
83,36,20,0,49,57,68,47,62,98,61,Moderately Ready
71,60,0,7,18,72,100,57,100,71,100,Highly Ready
100,86,8,8,0,65,95,80,78,75,57,Highly Ready
73,71,17,12,100,69,26,69,53,88,48,Moderately Ready
21,2,20,12,65,32,8,20,10,27,42,Not Ready Yet
60,63,3,8,86,59,73,75,56,72,41,Moderately Ready
91,74,11,0,25,93,96,97,73,94,84,Highly Ready
80,44,0,12,0,88,54,43,71,59,73,Moderately Ready
24,39,20,1,72,67,28,42,31,38,31,Needs Improvement
4,24,20,12,54,20,15,11,40,20,18,Not Ready Yet
77,77,0,0,69,64,93,82,83,74,97,Highly Ready
72,86,0,4,77,93,57,52,72,73,80,Highly Ready
17,12,20,2,77,0,56,36,16,27,20,Not Ready Yet
31,23,20,12,16,30,29,10,21,28,40,Not Ready Yet
25,68,10,0,63,53,25,63,53,38,61,Needs Improvement
69,24,20,12,15,48,61,58,23,42,57,Needs Improvement
74,97,3,12,18,91,87,71,95,84,100,Highly Ready
57,74,2,0,56,49,37,53,68,77,54,Moderately Ready
99,78,15,2,100,73,92,76,100,80,94,Highly Ready
11,36,14,12,70,28,14,24,32,28,10,Needs Improvement
66,76,0,0,100,78,84,51,97,100,100,Highly Ready
17,12,20,12,36,15,8,29,38,31,36,Not Ready Yet
14,41,7,3,29,18,32,0,14,0,21,Not Ready Yet
67,57,0,1,35,53,55,79,61,79,75,Moderately Ready
78,80,2,0,0,79,69,78,98,84,71,Highly Ready
32,8,20,0,0,35,25,13,21,26,28,Not Ready Yet
84,58,17,0,4,76,82,61,89,95,55,Highly Ready
6,0,20,0,100,4,27,15,56,17,47,Not Ready Yet
100,100,0,10,76,84,42,96,100,44,89,Highly Ready
41,53,11,8,100,28,61,55,56,36,28,Needs Improvement
77,36,0,12,82,29,33,50,66,74,62,Needs Improvement
86,90,7,0,87,100,33,45,85,100,88,Highly Ready
48,50,9,0,79,72,73,93,69,100,71,Moderately Ready
99,76,0,12,24,90,100,51,69,48,97,Highly Ready
61,79,12,0,73,69,81,88,84,67,69,Moderately Ready
53,38,17,2,40,34,58,32,31,48,46,Needs Improvement
21,3,15,5,42,34,16,35,56,17,4,Not Ready Yet
76,73,14,5,24,75,51,87,99,85,88,Highly Ready
38,33,6,12,74,12,1,0,37,15,48,Not Ready Yet
75,76,4,0,57,73,60,71,80,97,87,Highly Ready
72,44,2,0,50,60,35,53,70,63,78,Moderately Ready
3,43,20,10,50,0,22,22,36,21,45,Not Ready Yet
65,65,3,2,0,55,53,77,73,59,49,Highly Ready
55,27,2,11,48,43,33,16,53,47,24,Needs Improvement
14,6,9,1,42,1,44,1,44,46,32,Not Ready Yet
41,38,14,12,72,58,33,19,31,39,41,Needs Improvement
84,80,0,0,14,66,37,54,83,57,70,Moderately Ready
79,75,0,9,10,51,31,82,82,75,87,Moderately Ready
57,81,2,0,67,75,95,91,67,78,55,Highly Ready
23,36,17,0,78,45,21,60,76,37,67,Not Ready Yet
63,65,5,0,37,50,58,47,64,58,64,Moderately Ready
86,64,13,12,43,60,95,57,66,54,81,Moderately Ready
72,59,15,0,15,88,34,56,49,62,91,Moderately Ready
67,68,13,0,94,68,87,56,81,65,71,Highly Ready
11,34,9,12,34,21,29,31,29,52,48,Not Ready Yet
68,84,0,0,13,89,56,83,75,59,97,Highly Ready
55,61,15,0,90,72,54,73,75,72,54,Moderately Ready
43,45,9,0,27,13,29,19,52,25,35,Not Ready Yet
72,53,19,12,20,53,44,63,72,51,48,Moderately Ready
77,72,0,0,14,85,62,75,74,94,76,Highly Ready
32,30,16,12,35,50,31,2,83,24,36,Needs Improvement
45,49,20,3,59,63,40,91,95,71,74,Moderately Ready
41,44,7,4,84,41,36,37,62,57,36,Needs Improvement
61,72,0,0,14,66,75,78,76,48,55,Moderately Ready
15,35,20,8,0,16,29,18,50,14,34,Not Ready Yet
39,81,11,12,100,83,71,100,80,68,61,Highly Ready
85,64,4,7,58,97,71,95,66,100,62,Highly Ready
35,32,20,0,0,40,34,16,39,15,16,Needs Improvement
96,48,0,10,30,66,77,86,75,66,100,Highly Ready
18,28,16,8,56,31,2,49,29,19,16,Not Ready Yet
30,19,15,10,29,39,25,5,23,48,40,Not Ready Yet
63,88,9,0,28,78,69,53,59,54,65,Moderately Ready
4,5,18,7,78,25,49,28,45,20,22,Not Ready Yet
82,81,1,0,31,91,85,62,79,100,95,Highly Ready
84,71,0,4,1,92,79,72,97,100,59,Highly Ready
84,58,1,0,39,74,47,53,73,73,56,Moderately Ready
14,29,18,12,8,15,3,38,35,52,11,Not Ready Yet
29,44,11,2,79,50,52,40,62,58,42,Needs Improvement
100,100,0,0,20,99,61,82,66,87,88,Moderately Ready
39,9,0,0,64,37,24,48,47,33,14,Not Ready Yet
60,41,6,8,36,50,41,38,69,57,45,Needs Improvement
70,30,4,0,73,78,50,30,62,69,57,Moderately Ready
49,48,15,6,29,57,52,46,47,40,56,Needs Improvement
49,80,2,0,26,75,45,66,78,37,57,Moderately Ready
55,87,0,5,58,59,75,78,77,69,57,Moderately Ready
73,43,0,1,58,53,44,48,79,79,76,Moderately Ready
33,63,15,9,6,61,85,61,56,66,74,Moderately Ready
77,89,0,12,46,89,84,59,79,78,77,Highly Ready
8,0,10,6,33,13,6,1,33,35,49,Not Ready Yet
23,69,6,3,22,60,42,62,52,33,22,Needs Improvement
25,68,0,2,63,35,48,56,51,34,58,Needs Improvement
22,28,12,5,32,24,21,25,40,60,14,Needs Improvement
22,37,17,9,65,1,48,19,7,20,35,Not Ready Yet
50,56,11,0,32,43,46,26,59,26,30,Not Ready Yet
16,2,5,5,31,45,7,23,41,43,20,Not Ready Yet
27,16,14,0,23,28,6,38,56,15,10,Needs Improvement
79,68,0,0,0,88,80,63,93,67,59,Highly Ready
47,85,0,6,20,77,53,52,73,78,87,Moderately Ready
49,21,20,12,98,47,2,17,39,8,17,Not Ready Yet
79,90,0,0,81,85,60,100,94,71,87,Highly Ready
44,59,14,5,7,45,47,36,58,55,20,Needs Improvement
91,78,3,7,0,97,100,87,92,93,66,Highly Ready
22,25,0,0,36,44,5,16,53,35,22,Not Ready Yet
38,67,6,0,96,51,41,81,62,42,72,Moderately Ready
29,24,20,11,46,36,30,0,15,21,25,Not Ready Yet
11,10,9,0,43,39,9,13,18,38,16,Not Ready Yet
34,25,0,12,11,24,0,34,40,39,20,Not Ready Yet
83,73,5,0,38,97,72,36,76,99,70,Highly Ready
38,56,20,0,23,49,13,37,47,48,53,Needs Improvement
95,76,7,8,57,87,60,86,80,91,81,Highly Ready
88,75,0,0,57,73,72,71,62,75,78,Highly Ready
70,50,20,0,51,76,71,75,77,62,56,Moderately Ready
65,58,0,0,68,92,57,38,85,54,63,Moderately Ready
37,52,7,1,84,42,47,33,75,62,47,Needs Improvement
28,49,6,9,55,30,57,35,52,67,60,Needs Improvement
29,22,20,8,83,31,12,27,36,22,12,Not Ready Yet
14,30,20,12,77,24,19,51,53,35,32,Not Ready Yet
79,88,16,4,64,85,54,73,78,79,81,Moderately Ready
13,27,20,11,61,33,29,37,22,5,8,Not Ready Yet
63,19,10,11,29,56,47,9,61,54,55,Needs Improvement
43,42,13,12,47,35,36,18,54,53,62,Moderately Ready
100,79,0,12,78,70,62,87,100,88,68,Highly Ready
91,70,2,4,29,84,46,74,98,73,76,Highly Ready
64,69,0,10,54,65,40,49,76,81,84,Moderately Ready
52,100,0,9,41,90,79,61,80,75,80,Highly Ready
47,32,11,9,100,51,35,68,45,18,39,Needs Improvement
56,76,9,5,1,70,85,73,69,64,75,Moderately Ready
68,80,5,5,4,70,83,37,56,59,86,Needs Improvement
87,95,12,6,100,85,91,60,59,96,86,Highly Ready
49,56,4,8,79,57,49,48,47,52,29,Needs Improvement
30,53,20,1,83,18,13,27,48,39,50,Needs Improvement
64,64,16,7,74,73,64,29,70,71,45,Moderately Ready
51,74,17,12,61,46,53,58,71,65,76,Moderately Ready
34,27,17,8,99,16,36,15,65,18,15,Moderately Ready
84,70,0,0,29,88,76,57,91,75,62,Highly Ready
60,34,1,0,79,66,68,27,85,68,79,Moderately Ready
10,21,20,12,89,19,31,7,46,35,0,Not Ready Yet
49,32,4,7,73,31,24,58,63,45,61,Needs Improvement
59,59,10,12,60,43,52,21,90,67,51,Moderately Ready
3,43,11,7,72,18,13,36,19,39,44,Not Ready Yet
81,69,7,3,32,94,81,36,62,52,56,Moderately Ready
30,16,20,12,86,8,43,36,25,19,24,Not Ready Yet
57,22,5,7,45,54,60,30,65,45,51,Needs Improvement
33,24,19,2,68,28,32,25,28,19,40,Needs Improvement
50,13,13,4,24,42,28,20,35,61,26,Needs Improvement
19,40,15,9,41,23,44,6,31,15,39,Not Ready Yet
70,59,19,1,100,63,57,89,75,67,60,Moderately Ready
29,33,20,0,49,25,17,17,18,37,16,Not Ready Yet
21,17,13,2,87,39,55,0,68,52,27,Needs Improvement
57,69,19,0,45,65,100,47,79,76,62,Highly Ready
51,46,13,8,6,45,28,39,69,51,46,Needs Improvement
67,54,0,1,43,75,69,67,51,69,79,Moderately Ready
80,61,0,3,62,46,62,100,77,94,67,Highly Ready
14,37,20,12,67,39,0,24,47,31,25,Not Ready Yet
49,78,8,10,20,49,60,81,55,43,91,Moderately Ready
22,0,9,9,53,7,15,18,62,30,43,Not Ready Yet
62,70,0,10,67,80,100,100,72,59,81,Highly Ready
63,100,3,2,100,50,59,57,71,77,76,Highly Ready
20,18,10,6,64,44,0,24,43,28,38,Not Ready Yet
34,32,8,0,34,35,23,17,16,23,37,Not Ready Yet
22,34,5,8,77,20,10,0,62,22,50,Not Ready Yet
2,3,15,9,12,18,28,44,35,11,31,Not Ready Yet
45,11,9,12,47,4,42,5,8,47,10,Not Ready Yet
60,59,8,12,90,32,65,51,66,20,67,Needs Improvement
63,13,18,12,31,38,38,29,45,47,36,Needs Improvement
73,90,0,0,94,97,47,77,97,96,100,Highly Ready
89,89,0,0,68,86,49,95,100,81,49,Highly Ready
34,26,20,0,2,41,13,5,65,36,49,Needs Improvement
94,45,5,0,89,67,81,78,73,68,66,Moderately Ready
46,59,8,5,100,75,27,57,55,34,64,Needs Improvement
100,91,17,1,34,57,85,99,75,68,96,Highly Ready
44,39,17,12,70,64,60,16,51,34,33,Not Ready Yet
52,41,0,9,0,38,60,76,60,38,13,Needs Improvement
24,23,5,12,35,51,19,44,21,56,24,Needs Improvement
62,44,15,12,82,46,24,10,62,39,20,Needs Improvement
40,12,8,12,62,34,32,18,39,31,27,Not Ready Yet
37,31,20,11,25,44,51,56,67,54,60,Needs Improvement
82,59,20,8,30,65,43,60,65,65,68,Moderately Ready
85,92,10,2,47,100,79,95,88,86,73,Highly Ready
32,45,15,2,16,62,36,31,67,48,16,Needs Improvement
36,48,17,1,41,58,23,24,62,29,37,Needs Improvement
55,44,10,4,54,66,48,53,71,34,61,Needs Improvement
52,69,3,0,16,61,64,73,76,64,45,Moderately Ready
85,82,13,0,89,74,70,70,57,72,54,Moderately Ready
54,96,0,1,7,93,87,79,42,83,57,Moderately Ready
65,73,0,8,63,58,62,44,64,72,75,Moderately Ready
23,14,13,8,16,47,34,38,42,15,33,Not Ready Yet
47,48,4,9,47,61,54,57,79,56,68,Needs Improvement
89,66,4,12,47,69,47,81,82,92,97,Highly Ready
27,33,15,12,86,54,24,82,73,36,45,Needs Improvement
73,62,10,10,87,81,86,70,93,78,97,Highly Ready
70,45,12,0,23,68,55,38,82,91,44,Moderately Ready
32,37,20,6,95,21,0,40,46,36,22,Not Ready Yet
40,54,20,6,63,44,57,57,55,54,33,Moderately Ready
17,47,7,10,100,30,31,23,44,36,55,Needs Improvement
29,25,14,12,85,34,38,33,46,30,61,Needs Improvement
73,77,3,8,78,72,78,53,88,63,77,Highly Ready
78,69,0,0,18,88,74,61,63,92,90,Highly Ready
37,23,11,2,49,72,34,17,51,26,14,Needs Improvement
47,64,20,8,49,38,14,40,61,37,33,Needs Improvement
42,64,7,7,19,39,27,43,25,50,48,Needs Improvement
90,80,0,2,26,100,69,78,54,73,48,Highly Ready
54,32,1,12,54,43,48,50,70,64,58,Needs Improvement
56,60,17,0,42,56,43,25,76,29,45,Needs Improvement
71,73,0,1,78,85,58,34,80,82,74,Moderately Ready
78,72,11,9,0,64,75,58,87,76,86,Moderately Ready
52,63,11,1,84,74,49,53,63,55,95,Moderately Ready
21,21,8,0,54,10,17,37,36,1,41,Not Ready Yet
31,0,17,12,11,36,21,4,33,28,50,Not Ready Yet
49,54,0,5,39,64,64,42,44,72,70,Moderately Ready
85,75,2,12,15,77,47,81,83,78,99,Highly Ready
98,89,4,4,9,70,74,64,59,86,55,Highly Ready
100,74,15,0,85,57,64,80,91,77,97,Highly Ready
79,78,9,1,53,95,94,63,66,65,62,Highly Ready
62,63,0,8,26,21,31,80,33,56,45,Needs Improvement
43,56,10,7,38,21,54,51,59,42,48,Needs Improvement
63,100,5,0,5,64,60,73,77,57,96,Highly Ready
67,43,19,2,0,61,44,37,70,21,54,Needs Improvement
31,26,13,0,31,63,37,10,66,33,31,Needs Improvement
88,96,1,5,87,76,73,89,86,100,87,Highly Ready
43,41,20,12,78,30,6,41,62,57,60,Needs Improvement
71,84,0,0,71,88,100,74,68,74,73,Highly Ready
36,54,17,11,60,49,30,34,36,33,43,Needs Improvement
33,32,8,0,9,57,26,53,73,62,42,Needs Improvement
88,63,13,8,86,63,56,100,99,93,59,Highly Ready
80,77,7,2,85,54,46,44,60,63,47,Highly Ready
71,41,0,1,16,71,43,62,59,75,87,Moderately Ready
69,45,7,2,31,77,80,100,78,78,86,Highly Ready
57,67,0,3,31,82,64,55,78,56,55,Moderately Ready
57,74,2,12,78,54,76,30,76,62,67,Moderately Ready
55,68,13,5,17,61,52,52,61,39,70,Moderately Ready
48,69,7,0,18,52,47,33,68,73,60,Moderately Ready
97,69,0,5,49,100,63,57,72,97,61,Highly Ready
67,57,5,7,57,49,52,34,85,61,57,Moderately Ready
73,74,0,5,17,74,77,54,68,94,90,Highly Ready
50,47,11,0,41,41,22,51,67,57,54,Needs Improvement
94,53,2,0,85,49,72,29,93,52,68,Moderately Ready
87,93,7,0,65,94,83,100,79,61,75,Highly Ready
71,85,10,3,39,58,44,58,63,52,59,Moderately Ready
93,72,3,0,54,56,44,93,63,83,77,Highly Ready
1,8,20,1,8,45,29,40,41,44,21,Not Ready Yet
45,27,18,3,49,34,41,53,63,50,31,Needs Improvement
0,21,20,12,41,33,16,41,33,33,25,Not Ready Yet
59,22,10,0,76,65,35,30,63,53,30,Needs Improvement
58,37,4,5,16,45,33,57,69,51,53,Needs Improvement
88,72,4,0,36,88,38,44,100,91,100,Highly Ready
38,49,7,4,79,25,43,14,41,68,72,Needs Improvement
55,61,20,1,91,60,48,73,20,31,53,Not Ready Yet
48,66,0,12,27,62,58,42,94,52,50,Needs Improvement
30,17,20,12,38,27,17,29,37,15,29,Not Ready Yet
64,49,20,2,0,58,52,32,44,33,47,Needs Improvement
61,54,5,6,88,61,38,69,86,46,61,Moderately Ready
22,34,20,0,38,0,27,30,10,0,39,Not Ready Yet
68,49,7,12,53,77,68,34,58,55,57,Moderately Ready
47,54,7,0,67,58,57,33,61,50,61,Moderately Ready
46,63,8,10,29,53,20,71,75,62,74,Moderately Ready
61,100,0,5,39,81,62,58,63,76,96,Highly Ready
40,30,10,11,81,7,42,19,26,22,47,Not Ready Yet
56,78,5,4,47,77,69,86,85,46,77,Moderately Ready
92,69,2,5,58,86,82,89,88,71,68,Highly Ready
49,47,0,0,50,57,21,72,82,54,33,Needs Improvement
79,44,6,0,48,85,49,32,54,68,46,Moderately Ready
60,36,0,4,8,38,33,53,52,59,47,Needs Improvement
68,45,16,11,63,44,69,69,70,45,82,Moderately Ready
61,58,14,0,40,84,92,60,79,63,64,Highly Ready
92,85,0,9,97,85,66,87,71,80,100,Highly Ready
93,63,16,12,60,57,77,71,76,50,53,Moderately Ready
81,57,0,0,51,47,71,72,68,58,86,Moderately Ready
52,75,6,0,23,53,47,56,76,70,72,Moderately Ready
1,20,20,9,56,14,9,12,47,7,17,Not Ready Yet
55,44,12,6,65,42,62,17,39,56,59,Needs Improvement
27,15,6,12,90,44,48,1,46,40,36,Not Ready Yet
15,63,2,1,100,43,41,19,44,28,42,Needs Improvement
36,45,20,0,62,56,38,60,68,47,36,Needs Improvement
44,25,12,12,78,23,0,15,82,35,44,Not Ready Yet
62,23,0,0,94,32,27,33,45,53,42,Needs Improvement
42,15,11,0,19,13,22,36,21,46,22,Not Ready Yet
38,13,20,12,69,54,24,32,39,17,11,Not Ready Yet
51,35,20,1,48,25,47,58,50,69,42,Needs Improvement
55,51,5,0,28,68,69,76,50,51,68,Moderately Ready
46,62,10,8,52,29,33,31,27,19,25,Needs Improvement
62,71,1,0,77,77,39,46,79,74,50,Moderately Ready
68,37,9,1,89,38,51,63,67,60,49,Needs Improvement
48,37,11,12,34,46,51,19,31,45,30,Needs Improvement
99,94,8,12,15,40,39,63,75,100,97,Highly Ready
65,41,6,4,47,40,65,41,55,50,33,Needs Improvement
87,68,0,9,78,83,94,59,69,86,94,Highly Ready
39,64,20,0,72,77,55,53,76,77,77,Moderately Ready
9,37,20,6,84,18,12,13,47,26,4,Not Ready Yet
51,36,13,7,32,33,31,33,43,27,49,Needs Improvement
28,38,9,0,100,62,24,36,43,54,56,Needs Improvement
81,79,0,0,71,100,58,91,85,41,81,Moderately Ready
40,78,13,0,18,47,42,82,79,84,74,Moderately Ready
16,72,12,12,78,49,44,47,57,56,35,Not Ready Yet
81,81,13,4,71,81,77,48,73,100,100,Highly Ready
59,68,18,2,92,30,39,42,86,39,33,Needs Improvement
46,45,17,0,37,54,52,82,45,39,41,Needs Improvement
16,17,6,12,22,21,42,16,30,41,25,Not Ready Yet
65,80,2,4,2,50,67,35,67,76,73,Moderately Ready
22,26,20,0,100,49,35,13,43,39,19,Not Ready Yet
42,43,18,12,88,51,66,61,59,69,53,Needs Improvement
19,11,14,3,71,3,32,24,26,34,36,Not Ready Yet
98,49,0,0,62,95,64,48,64,86,83,Highly Ready
97,53,14,0,26,95,72,61,89,79,86,Highly Ready
29,32,0,0,28,52,56,30,41,20,78,Needs Improvement
8,40,20,1,31,9,34,36,22,27,28,Not Ready Yet
40,36,3,10,100,59,51,68,31,31,56,Needs Improvement
43,59,0,12,79,25,0,14,58,27,42,Needs Improvement
50,49,12,12,27,29,30,41,61,52,30,Needs Improvement
63,51,13,7,34,38,17,60,40,39,61,Needs Improvement
37,11,20,12,10,22,0,4,30,43,23,Not Ready Yet
44,45,1,0,0,79,66,61,54,33,82,Moderately Ready
29,22,1,12,76,0,0,1,51,13,17,Not Ready Yet
0,19,20,12,40,49,22,51,57,39,11,Not Ready Yet
63,34,7,12,57,61,13,68,53,53,31,Needs Improvement
19,65,10,11,25,28,63,35,72,46,38,Needs Improvement
46,47,12,4,41,52,30,37,70,61,60,Needs Improvement
14,28,20,11,84,18,22,0,51,30,15,Not Ready Yet
31,48,13,5,55,28,9,37,33,11,27,Not Ready Yet
16,15,4,11,0,21,40,44,45,36,17,Not Ready Yet
9,3,20,11,92,11,16,41,45,43,17,Not Ready Yet
56,26,4,0,26,28,23,53,22,51,43,Needs Improvement
45,68,4,1,87,46,61,68,80,66,83,Moderately Ready
80,52,0,1,0,50,72,52,85,62,56,Moderately Ready
48,47,4,12,24,12,6,0,29,28,48,Not Ready Yet
27,0,2,0,7,28,23,14,51,16,21,Not Ready Yet
28,74,2,0,3,34,44,54,25,55,59,Needs Improvement
70,43,14,3,43,93,70,86,66,72,86,Moderately Ready
86,66,0,9,80,55,54,46,70,64,89,Moderately Ready
77,53,0,0,85,50,78,47,58,51,59,Moderately Ready
83,92,7,0,32,94,80,98,92,86,76,Highly Ready
42,16,20,9,78,61,48,63,48,18,63,Needs Improvement
76,84,7,4,69,85,78,84,90,86,67,Highly Ready
69,59,20,12,78,57,59,69,37,62,94,Moderately Ready
83,32,11,11,89,67,37,38,79,90,80,Moderately Ready
100,75,11,1,82,56,95,98,99,81,75,Highly Ready
33,52,0,6,84,41,42,42,49,67,43,Needs Improvement
30,16,20,0,5,28,41,25,33,37,13,Not Ready Yet
34,24,20,0,68,3,27,51,49,30,41,Not Ready Yet
77,79,5,0,0,72,42,83,89,62,97,Highly Ready
51,38,10,0,55,37,51,37,53,72,29,Needs Improvement
51,83,3,2,57,34,53,46,55,46,75,Moderately Ready
49,86,0,3,27,78,64,39,64,56,29,Moderately Ready
16,25,11,4,0,32,0,23,47,2,36,Not Ready Yet
28,14,20,8,31,20,10,7,53,47,55,Not Ready Yet
99,66,15,10,58,63,78,76,81,55,79,Highly Ready
83,65,0,4,59,82,68,41,91,100,85,Highly Ready
88,77,7,4,62,78,90,84,72,95,77,Highly Ready
96,50,3,12,75,60,24,30,84,48,61,Moderately Ready
49,48,13,11,3,34,33,47,55,59,20,Needs Improvement
37,3,20,12,22,43,38,43,22,44,38,Not Ready Yet
72,96,10,6,95,75,50,93,85,86,64,Highly Ready
26,36,20,0,100,33,32,25,16,10,54,Not Ready Yet
79,73,0,10,60,88,84,94,98,70,82,Highly Ready
14,1,20,8,28,21,8,27,55,25,53,Not Ready Yet
55,52,0,10,83,76,36,75,58,60,50,Moderately Ready
32,59,0,9,61,37,45,36,55,16,29,Needs Improvement
70,99,3,0,78,71,51,63,61,62,80,Highly Ready
38,22,18,12,99,12,30,21,30,51,47,Not Ready Yet
42,59,3,0,82,44,27,28,68,33,66,Needs Improvement
46,13,14,5,100,38,16,50,30,21,70,Needs Improvement
16,29,0,7,15,19,32,39,65,29,15,Not Ready Yet
81,100,7,7,59,95,76,31,100,94,94,Highly Ready
100,82,4,3,0,97,100,50,68,62,93,Highly Ready
69,100,2,12,66,78,58,80,82,70,95,Highly Ready
41,42,6,6,41,33,28,0,42,34,48,Needs Improvement
33,12,20,1,20,35,39,44,20,47,43,Not Ready Yet
56,36,13,9,41,40,41,55,46,52,46,Needs Improvement
85,56,0,12,52,67,71,74,68,68,46,Moderately Ready
31,68,19,2,21,52,64,59,55,33,11,Needs Improvement
69,95,13,12,12,41,57,40,91,68,73,Moderately Ready
40,42,8,3,100,61,55,59,85,30,71,Moderately Ready
71,39,20,7,38,56,41,46,71,43,73,Moderately Ready
100,79,2,5,33,78,62,79,100,72,95,Highly Ready
69,41,8,12,44,60,25,62,76,53,56,Needs Improvement
59,84,5,2,38,55,38,84,74,83,76,Moderately Ready
44,73,0,12,91,72,36,63,98,71,48,Moderately Ready
63,93,4,6,2,54,89,55,76,93,63,Highly Ready
70,59,11,11,71,76,29,48,40,81,85,Moderately Ready
62,83,20,7,27,70,66,38,87,80,67,Moderately Ready
89,95,0,11,43,75,57,63,67,81,66,Highly Ready
82,65,0,0,86,84,83,70,87,56,46,Moderately Ready
59,31,0,8,60,49,40,37,77,42,45,Moderately Ready
46,18,0,2,62,57,46,62,72,29,50,Needs Improvement
53,53,6,4,69,97,53,57,69,43,60,Moderately Ready
28,34,16,0,29,39,38,2,14,43,20,Not Ready Yet
86,47,1,12,47,75,100,40,89,40,67,Highly Ready
93,71,13,0,99,84,100,78,61,88,76,Highly Ready
63,20,20,2,56,33,24,28,49,31,38,Needs Improvement
27,0,20,1,25,13,39,7,14,44,34,Not Ready Yet
90,77,2,0,98,65,56,52,90,89,100,Highly Ready
88,68,6,0,20,93,68,41,62,56,49,Moderately Ready
39,11,20,2,71,36,43,23,8,39,0,Not Ready Yet
14,47,20,12,38,17,35,1,36,32,25,Not Ready Yet
32,0,12,8,15,31,25,33,12,43,30,Needs Improvement
41,60,14,0,16,71,53,62,75,62,82,Moderately Ready
45,37,4,0,9,58,25,29,69,38,23,Needs Improvement
49,29,5,4,43,46,48,41,71,64,38,Needs Improvement
45,43,16,0,28,43,71,28,59,59,57,Moderately Ready
51,32,13,12,7,49,28,44,54,53,27,Needs Improvement
97,82,0,0,65,91,58,92,88,73,100,Highly Ready
42,28,14,12,100,43,24,60,69,76,37,Needs Improvement
0,14,20,4,53,44,20,47,43,24,17,Not Ready Yet
60,70,13,0,0,85,62,68,59,67,83,Moderately Ready
48,41,0,3,59,63,44,21,47,44,51,Moderately Ready
31,35,20,0,24,36,36,22,40,16,10,Not Ready Yet
20,21,17,12,39,37,2,51,33,13,17,Not Ready Yet
29,28,0,0,53,55,29,17,37,63,59,Needs Improvement
34,46,20,0,100,21,25,18,29,23,19,Not Ready Yet
94,42,3,7,25,63,63,53,92,62,74,Moderately Ready
80,73,20,12,30,62,83,56,77,47,54,Moderately Ready
85,87,0,2,74,91,94,60,69,86,74,Highly Ready
61,94,7,0,59,80,65,68,81,58,87,Highly Ready
50,63,17,0,22,63,60,34,51,10,35,Moderately Ready
80,95,0,4,57,68,68,68,57,64,76,Highly Ready
56,66,17,12,48,63,54,51,92,80,78,Moderately Ready
32,20,18,12,30,21,41,0,55,45,41,Not Ready Yet
23,29,18,12,69,15,47,44,30,23,41,Not Ready Yet
35,23,8,12,80,8,11,48,32,33,25,Not Ready Yet
66,49,10,0,100,64,55,52,69,56,73,Moderately Ready
60,48,17,7,0,71,53,80,100,64,51,Moderately Ready
64,56,2,5,2,55,36,50,73,63,63,Moderately Ready
50,17,20,8,100,21,39,29,44,23,31,Not Ready Yet
30,44,20,0,65,52,30,20,26,25,48,Not Ready Yet
26,56,17,12,26,65,44,22,83,29,61,Needs Improvement
25,22,20,4,30,8,54,9,43,16,27,Not Ready Yet
9,9,6,9,45,12,43,0,26,2,33,Not Ready Yet
75,76,0,3,87,93,61,86,95,71,60,Highly Ready
40,69,11,6,23,57,13,1,34,63,50,Needs Improvement
63,64,2,0,1,64,32,35,79,71,81,Moderately Ready
33,28,18,10,60,1,34,18,17,17,44,Not Ready Yet
92,57,0,1,65,82,73,93,64,93,59,Highly Ready
0,1,6,7,90,36,30,15,27,8,60,Not Ready Yet
65,66,8,3,58,93,44,29,83,92,43,Moderately Ready
40,0,20,12,42,0,18,32,46,53,61,Not Ready Yet
99,88,0,0,2,100,74,68,91,88,77,Highly Ready
100,99,0,0,74,56,64,81,96,74,91,Highly Ready
15,4,20,9,1,25,33,21,41,40,29,Not Ready Yet
46,62,7,0,48,68,72,78,63,53,68,Moderately Ready
69,56,9,6,74,78,69,51,74,45,65,Moderately Ready
87,78,5,12,96,82,38,63,88,82,95,Highly Ready
50,55,12,0,40,26,60,44,72,46,36,Needs Improvement
66,68,0,3,31,44,47,41,73,43,62,Moderately Ready
50,17,20,12,98,34,35,42,32,54,37,Needs Improvement
61,83,0,1,87,79,45,81,98,94,83,Highly Ready
81,79,8,0,69,68,55,97,96,57,83,Highly Ready
0,36,7,12,11,28,49,18,32,30,32,Not Ready Yet
75,68,4,0,97,68,96,84,72,91,62,Highly Ready
30,59,3,0,39,24,53,37,50,42,36,Needs Improvement
70,56,18,11,55,46,11,38,59,36,33,Needs Improvement
68,46,0,12,63,48,40,46,90,52,50,Moderately Ready
95,67,9,2,6,74,66,99,66,88,77,Highly Ready
11,30,19,5,35,8,31,33,57,10,11,Not Ready Yet
43,17,7,6,36,23,51,15,9,32,39,Not Ready Yet
10,31,14,6,19,17,28,30,37,21,41,Not Ready Yet
54,48,0,5,88,49,44,46,65,59,42,Needs Improvement
85,79,4,1,77,75,66,41,82,70,86,Highly Ready
60,47,0,1,62,63,40,30,45,39,26,Needs Improvement
26,51,1,6,51,62,36,44,59,50,36,Needs Improvement
79,74,7,2,14,86,58,91,98,93,68,Highly Ready
64,40,4,9,70,86,60,32,97,59,44,Moderately Ready
93,100,0,0,9,89,48,50,55,69,87,Highly Ready
83,67,15,3,37,85,61,100,82,56,67,Highly Ready
81,44,16,0,17,62,64,52,68,84,54,Moderately Ready
66,71,9,0,52,84,95,66,65,76,74,Highly Ready
61,72,0,3,96,63,48,65,40,61,37,Moderately Ready
75,87,9,0,38,46,61,31,76,78,67,Moderately Ready
27,32,19,7,75,22,11,23,35,17,20,Not Ready Yet
42,37,6,0,93,34,49,68,39,35,30,Needs Improvement
51,94,0,12,19,76,89,72,51,57,61,Moderately Ready
73,45,10,12,81,29,54,48,49,49,66,Needs Improvement
44,46,20,5,100,92,25,29,56,74,94,Moderately Ready
67,44,0,12,100,26,70,25,69,61,38,Needs Improvement
32,31,7,11,22,30,52,63,65,20,35,Needs Improvement
52,28,19,1,48,39,9,9,37,11,48,Not Ready Yet
70,93,17,0,63,100,53,70,68,68,62,Highly Ready
83,41,8,0,90,66,79,74,49,66,75,Highly Ready
75,60,0,6,63,85,50,54,80,80,73,Highly Ready
86,45,8,0,17,60,76,74,63,82,76,Moderately Ready
49,1,14,12,62,47,38,10,35,20,18,Not Ready Yet
57,53,12,12,84,27,36,8,43,68,60,Needs Improvement
3,28,0,12,100,1,12,8,37,10,34,Not Ready Yet
67,84,20,0,18,75,84,38,91,52,67,Moderately Ready
52,70,0,5,30,81,42,51,87,90,61,Moderately Ready
69,10,16,6,78,58,19,18,44,59,65,Needs Improvement
99,75,2,6,100,54,59,52,74,84,63,Highly Ready
51,42,20,0,64,56,48,36,49,47,48,Needs Improvement
30,55,20,10,58,33,24,65,80,44,40,Needs Improvement
63,48,6,0,64,84,78,40,71,49,59,Moderately Ready
53,67,4,0,17,50,79,35,57,72,59,Moderately Ready
69,80,7,8,85,77,89,31,94,86,61,Highly Ready
92,55,5,3,97,81,78,81,49,66,58,Moderately Ready
27,42,6,12,50,16,41,50,62,25,54,Not Ready Yet
67,63,6,12,55,76,60,36,60,88,37,Needs Improvement
64,45,0,6,5,37,42,60,59,71,26,Needs Improvement
20,20,6,2,70,36,46,24,31,23,21,Not Ready Yet
54,80,0,0,11,100,52,78,93,76,100,Highly Ready
47,16,20,6,33,47,34,29,11,29,38,Not Ready Yet
52,75,20,3,100,46,76,68,82,69,69,Moderately Ready
58,12,17,1,70,53,25,33,65,59,26,Needs Improvement
83,97,14,7,26,57,90,55,75,84,74,Highly Ready
37,47,11,12,39,36,15,10,25,54,13,Not Ready Yet
69,68,18,0,8,77,27,82,84,83,42,Moderately Ready
77,55,0,10,72,81,73,71,100,93,94,Highly Ready
50,68,7,9,11,54,4,35,57,37,53,Needs Improvement
3,17,6,0,54,18,41,18,52,34,50,Not Ready Yet
22,16,20,12,4,39,50,22,58,9,51,Not Ready Yet
18,9,20,12,34,31,36,15,43,36,0,Not Ready Yet
60,68,19,1,51,40,43,32,62,65,42,Moderately Ready
39,38,20,12,70,30,41,31,30,48,52,Not Ready Yet
53,21,0,0,60,27,59,24,67,73,36,Needs Improvement
81,56,3,6,98,58,70,74,74,78,95,Moderately Ready
33,42,11,9,33,38,21,20,40,43,58,Needs Improvement
56,96,3,12,24,45,85,57,69,82,76,Moderately Ready
90,85,8,12,12,78,57,61,100,96,95,Highly Ready
27,31,17,4,52,49,35,28,26,24,5,Not Ready Yet
63,45,6,7,30,51,23,35,35,49,63,Needs Improvement
54,44,1,12,15,17,43,19,58,56,54,Needs Improvement
68,69,11,0,49,77,77,77,81,88,33,Moderately Ready
58,84,2,1,20,71,37,50,63,46,66,Moderately Ready
81,52,8,0,20,73,100,95,61,60,92,Highly Ready
39,5,20,12,92,36,34,25,23,51,54,Not Ready Yet
58,41,13,12,76,14,10,27,64,26,40,Not Ready Yet
38,19,0,0,30,24,18,18,27,36,36,Not Ready Yet
3,29,13,4,63,38,16,34,25,38,17,Not Ready Yet
64,59,17,6,10,52,71,71,72,71,88,Moderately Ready
43,48,4,0,78,89,73,62,82,57,80,Moderately Ready
60,58,8,0,39,72,100,68,61,93,100,Highly Ready
80,51,0,0,84,73,54,70,47,79,57,Moderately Ready
91,100,0,0,30,90,51,82,69,75,91,Highly Ready
44,66,17,0,54,74,55,87,83,84,72,Moderately Ready
71,64,0,7,24,27,28,43,55,32,50,Needs Improvement
49,40,1,12,43,62,47,39,32,46,66,Needs Improvement
65,64,16,5,86,81,56,44,76,90,50,Moderately Ready
47,27,17,10,67,47,23,26,40,44,42,Needs Improvement
42,45,9,0,89,40,25,54,53,24,34,Needs Improvement
22,7,7,6,76,0,10,0,0,35,35,Not Ready Yet
100,100,7,0,26,71,79,92,87,66,79,Highly Ready
23,0,4,2,29,10,21,40,53,20,17,Not Ready Yet
62,77,4,4,63,87,47,75,56,58,58,Moderately Ready
42,25,8,11,10,23,12,19,36,11,38,Not Ready Yet
3,24,20,12,37,15,48,20,33,21,50,Not Ready Yet
57,53,8,12,73,31,25,24,58,39,64,Needs Improvement
62,70,3,0,44,64,45,60,94,67,63,Moderately Ready
66,47,20,4,15,40,40,73,85,56,87,Moderately Ready
75,81,16,7,96,74,92,88,74,100,76,Highly Ready
15,31,13,12,36,26,11,16,30,23,31,Not Ready Yet
82,91,0,12,60,56,72,51,80,85,71,Highly Ready
49,76,12,0,81,53,55,60,95,38,68,Moderately Ready
2,15,8,12,45,12,18,33,28,9,46,Not Ready Yet
66,67,0,0,32,69,55,68,97,84,100,Highly Ready
100,89,11,0,29,86,84,56,60,71,82,Highly Ready
46,61,7,0,91,41,45,20,69,37,50,Needs Improvement
61,65,0,5,31,56,88,50,83,80,50,Moderately Ready
63,65,5,11,53,51,78,63,70,60,82,Moderately Ready
63,90,0,9,52,97,64,67,78,91,58,Highly Ready
69,49,4,12,90,62,32,74,74,53,72,Moderately Ready
24,59,20,9,0,30,36,30,34,11,33,Not Ready Yet
77,61,4,0,96,92,91,76,100,100,81,Highly Ready
54,73,14,0,42,54,29,69,98,49,56,Moderately Ready
80,46,8,5,20,64,64,57,78,65,77,Moderately Ready
24,30,5,4,41,28,46,29,21,16,4,Not Ready Yet
44,68,12,9,98,60,64,50,78,26,71,Moderately Ready
57,23,14,0,47,20,47,52,29,38,51,Needs Improvement
59,34,8,8,67,50,43,18,69,29,23,Needs Improvement
36,33,20,12,64,34,1,55,18,21,6,Not Ready Yet
33,6,6,9,73,16,17,12,28,43,34,Not Ready Yet
89,57,16,0,98,91,81,81,81,75,66,Highly Ready
64,57,0,0,33,64,60,57,67,56,69,Moderately Ready
25,12,5,3,57,25,26,40,45,21,12,Not Ready Yet
67,47,9,12,0,62,56,71,64,39,74,Moderately Ready
2,1,12,12,12,23,25,20,20,22,17,Not Ready Yet
7,6,8,4,37,39,39,22,26,7,46,Not Ready Yet
31,19,10,0,95,0,30,18,10,14,34,Needs Improvement
40,50,0,1,84,63,69,36,67,66,70,Needs Improvement
81,47,20,12,61,82,51,73,87,62,69,Moderately Ready
93,65,0,4,50,88,88,58,96,82,70,Highly Ready
6,11,20,12,42,32,16,27,47,56,38,Not Ready Yet
28,13,16,0,51,29,0,0,48,17,16,Not Ready Yet
31,53,7,11,30,60,61,12,56,69,46,Needs Improvement
53,49,15,4,36,32,49,24,59,46,55,Needs Improvement
35,17,20,0,50,42,82,69,67,39,29,Moderately Ready
56,44,17,5,92,88,46,38,67,49,71,Moderately Ready
82,100,0,12,40,85,89,36,91,58,90,Highly Ready
32,30,18,12,57,18,29,10,53,34,50,Not Ready Yet
64,38,0,5,87,43,68,49,42,32,30,Needs Improvement
52,35,15,4,57,59,54,53,45,51,53,Needs Improvement
11,0,20,4,43,22,22,14,22,13,43,Not Ready Yet
28,29,17,1,78,78,51,42,51,49,53,Needs Improvement
64,62,4,0,98,81,57,65,51,48,74,Moderately Ready
81,96,2,0,69,100,71,81,74,87,58,Highly Ready
95,65,20,0,33,70,50,74,89,57,83,Highly Ready
41,61,20,0,63,37,56,7,56,39,49,Needs Improvement
78,43,20,2,15,36,23,15,67,37,71,Needs Improvement
51,33,10,2,76,69,52,50,52,36,31,Moderately Ready
60,61,20,1,0,41,41,32,57,64,37,Needs Improvement
67,61,6,1,38,61,25,38,87,61,56,Moderately Ready
50,43,4,0,9,28,48,35,48,49,30,Needs Improvement
61,46,1,1,54,47,42,41,63,48,63,Needs Improvement
34,16,11,5,82,51,18,38,75,43,31,Not Ready Yet
19,26,7,0,17,28,26,44,57,28,41,Not Ready Yet
50,24,20,0,42,54,71,1,49,41,32,Needs Improvement
20,4,20,1,9,26,14,18,50,11,36,Not Ready Yet
33,5,15,12,81,28,2,17,36,37,23,Not Ready Yet
73,85,0,0,16,78,88,46,88,87,70,Highly Ready
91,57,7,9,7,84,58,69,68,67,80,Highly Ready
90,86,10,2,34,74,33,59,81,92,61,Moderately Ready
59,82,7,0,16,60,69,84,82,54,40,Moderately Ready
96,65,0,12,89,60,93,91,99,90,82,Highly Ready
53,55,7,0,89,46,43,45,44,32,39,Needs Improvement
88,83,0,0,94,60,55,70,100,53,42,Moderately Ready
82,76,8,0,13,46,60,76,46,78,75,Moderately Ready
68,72,3,1,65,71,52,87,89,85,65,Highly Ready
68,45,13,0,28,53,70,39,65,50,59,Needs Improvement
88,100,3,12,67,79,42,86,79,80,94,Highly Ready
71,94,0,7,72,100,69,43,100,67,72,Highly Ready
68,44,15,0,49,52,38,50,76,80,51,Moderately Ready
95,82,0,2,37,94,47,57,78,92,69,Highly Ready
46,10,9,9,68,28,29,43,56,42,3,Not Ready Yet
66,83,0,4,23,75,58,50,86,99,88,Highly Ready
66,100,13,0,28,61,69,74,87,59,55,Highly Ready
21,39,4,12,87,4,38,36,55,38,39,Not Ready Yet
81,89,0,12,81,86,74,33,99,97,71,Highly Ready
88,100,12,5,39,92,48,70,87,97,100,Highly Ready
98,57,6,3,70,78,63,63,67,64,75,Highly Ready
68,46,0,4,46,55,51,42,67,77,68,Moderately Ready
78,61,9,9,86,44,71,31,73,56,59,Needs Improvement
24,31,18,8,17,10,14,7,27,47,48,Not Ready Yet
19,50,15,2,5,51,51,33,36,46,56,Needs Improvement
67,74,20,0,99,51,84,70,50,96,53,Moderately Ready
54,45,14,7,68,64,31,71,47,81,50,Moderately Ready
30,37,12,12,4,15,17,63,40,61,36,Needs Improvement
30,43,8,7,67,45,33,40,58,49,57,Needs Improvement
100,83,0,8,24,61,70,52,75,86,87,Highly Ready
33,43,4,12,76,50,17,56,56,21,48,Needs Improvement
32,54,0,8,39,72,60,23,69,69,73,Needs Improvement
4,23,16,12,61,9,42,0,24,45,20,Not Ready Yet
42,87,19,4,71,61,34,28,90,38,40,Needs Improvement
10,26,20,5,60,20,27,20,12,49,4,Not Ready Yet
38,46,5,3,33,68,52,40,84,61,76,Needs Improvement
42,18,10,8,84,26,39,65,46,67,35,Needs Improvement
100,78,0,0,84,78,62,45,85,85,59,Moderately Ready
48,100,0,0,67,68,49,82,75,32,83,Highly Ready
66,72,0,7,20,82,40,19,89,54,58,Moderately Ready
49,69,5,12,65,67,61,58,84,92,80,Moderately Ready
66,42,7,0,24,40,48,32,55,58,35,Needs Improvement
5,32,7,0,75,31,16,20,36,42,39,Not Ready Yet
67,34,3,7,11,31,18,69,54,32,65,Needs Improvement
46,19,20,0,66,9,17,17,40,49,7,Not Ready Yet
60,52,20,2,1,12,57,24,55,57,39,Needs Improvement
69,73,15,5,32,86,73,54,71,41,69,Moderately Ready
81,78,4,12,30,79,94,100,85,92,93,Highly Ready
21,35,19,8,88,1,38,0,55,9,35,Not Ready Yet
81,75,0,3,34,77,47,77,70,71,57,Moderately Ready
56,57,3,0,31,72,33,83,90,72,76,Moderately Ready
15,26,20,12,68,18,15,0,36,28,16,Not Ready Yet
46,34,20,10,64,49,30,44,41,45,11,Not Ready Yet
78,65,0,0,64,75,97,61,61,74,98,Highly Ready
48,46,18,12,73,82,44,84,94,56,67,Moderately Ready
59,87,13,0,21,94,98,67,100,62,76,Highly Ready
33,24,7,11,4,17,33,20,39,13,0,Not Ready Yet
83,100,0,3,83,82,53,81,87,86,78,Highly Ready
80,93,0,8,35,72,51,64,62,67,100,Highly Ready
50,65,2,2,34,49,51,39,74,63,61,Moderately Ready
71,51,2,0,69,44,89,100,92,82,74,Highly Ready
8,25,20,1,85,30,28,17,42,48,25,Not Ready Yet
60,41,18,12,52,54,32,80,68,37,71,Needs Improvement
70,76,7,12,63,85,92,87,89,79,53,Highly Ready
56,61,4,12,85,51,31,55,52,46,43,Needs Improvement
68,98,0,8,50,82,68,56,65,59,63,Moderately Ready
28,40,0,12,55,20,47,57,62,63,39,Needs Improvement
56,60,3,0,13,45,46,18,83,67,65,Moderately Ready
76,87,7,3,1,76,93,98,96,82,72,Highly Ready
62,69,9,12,81,62,54,64,73,85,44,Moderately Ready
70,49,16,0,77,42,79,64,74,71,78,Moderately Ready
78,78,0,1,27,61,56,83,69,100,53,Highly Ready
39,31,8,0,18,48,36,55,29,30,72,Needs Improvement
37,22,14,5,48,37,38,31,53,71,62,Needs Improvement
80,44,9,2,68,59,32,79,96,67,86,Moderately Ready
95,88,0,10,100,71,67,63,66,64,100,Highly Ready
44,27,11,12,62,26,7,14,49,55,57,Not Ready Yet
92,66,4,12,94,86,69,86,62,91,74,Highly Ready
34,23,20,6,53,17,76,43,37,70,32,Needs Improvement
74,71,10,1,76,58,49,54,78,67,65,Moderately Ready
61,55,3,0,49,85,88,83,83,67,74,Highly Ready
30,26,12,0,97,19,47,42,41,45,33,Not Ready Yet
63,69,4,0,46,56,52,44,74,78,83,Highly Ready
58,21,9,9,27,63,26,43,35,33,39,Needs Improvement
89,93,6,6,84,75,62,86,88,81,81,Highly Ready
63,26,16,7,66,64,58,71,64,45,46,Needs Improvement
24,20,20,12,51,19,22,13,54,58,39,Needs Improvement
60,67,16,10,0,89,79,68,40,68,86,Moderately Ready
82,51,1,12,58,69,22,54,47,74,63,Moderately Ready
83,95,4,3,33,85,58,72,79,100,74,Highly Ready
26,30,7,6,33,47,65,30,47,39,30,Needs Improvement
50,86,3,2,4,90,67,80,68,41,64,Moderately Ready
57,28,19,8,9,43,42,48,54,19,50,Needs Improvement
80,91,6,0,54,76,61,59,90,55,94,Highly Ready
52,68,3,10,9,51,82,67,62,68,76,Moderately Ready
61,89,0,9,66,82,100,63,60,80,78,Highly Ready
84,75,1,0,17,88,60,53,100,63,73,Highly Ready
34,42,19,12,40,30,45,43,35,40,35,Not Ready Yet
53,71,8,0,75,69,83,66,60,60,49,Moderately Ready
62,65,14,7,72,73,22,55,51,57,72,Moderately Ready
88,73,5,0,46,62,68,86,57,63,66,Highly Ready
83,75,0,6,58,100,78,89,79,90,77,Highly Ready
47,51,10,0,9,37,82,18,65,79,70,Needs Improvement
75,70,9,6,64,57,56,66,53,69,82,Moderately Ready
23,68,10,0,96,58,68,42,71,43,68,Moderately Ready
41,85,0,0,16,58,72,40,68,51,71,Moderately Ready
61,41,16,12,15,47,30,53,47,65,24,Needs Improvement
63,59,5,5,83,75,66,35,63,72,75,Highly Ready
80,36,0,0,4,82,57,100,93,100,92,Highly Ready
92,71,7,0,55,68,33,71,90,82,70,Highly Ready
81,90,11,12,82,66,67,64,85,75,100,Highly Ready
100,85,3,5,10,100,82,53,95,77,81,Highly Ready
75,79,2,11,27,75,60,93,100,90,66,Highly Ready
97,100,1,4,90,100,59,67,56,61,84,Moderately Ready
31,39,20,7,33,43,38,13,30,45,38,Not Ready Yet
81,52,20,7,48,74,92,28,62,65,52,Moderately Ready
72,38,0,8,29,50,67,36,47,49,71,Moderately Ready
65,65,20,0,17,58,59,82,60,58,66,Highly Ready
76,94,8,8,95,66,68,38,80,84,98,Moderately Ready
31,85,0,3,71,47,55,50,87,84,47,Highly Ready
53,40,13,12,13,55,74,78,55,56,54,Needs Improvement
83,100,0,0,87,86,65,85,85,94,93,Highly Ready
89,73,14,12,84,100,70,83,82,84,88,Highly Ready
76,68,0,0,76,70,60,89,87,68,100,Highly Ready
50,78,14,7,74,42,57,21,27,56,46,Needs Improvement
9,11,3,4,40,24,19,26,51,26,47,Not Ready Yet
42,32,14,0,39,28,23,11,59,52,45,Not Ready Yet
100,65,9,0,74,71,52,55,76,81,68,Highly Ready
54,90,5,7,50,38,61,50,61,80,44,Moderately Ready
88,100,4,11,89,76,83,93,100,71,100,Highly Ready
97,88,15,1,83,100,56,87,78,100,59,Highly Ready
47,27,12,12,21,39,16,10,33,26,35,Needs Improvement
40,81,9,8,98,73,81,35,88,58,90,Moderately Ready
100,92,7,7,32,91,97,54,89,98,99,Highly Ready
33,44,1,12,49,66,25,49,40,56,67,Needs Improvement
43,59,9,5,34,67,43,35,72,39,27,Needs Improvement
82,88,1,5,85,82,39,94,60,76,84,Highly Ready
33,37,13,12,9,34,37,60,63,28,55,Needs Improvement
80,62,15,0,52,73,59,51,90,89,74,Highly Ready
41,18,5,5,3,23,38,32,48,31,0,Not Ready Yet
48,14,0,5,67,62,27,57,53,56,33,Needs Improvement
64,78,10,8,23,45,70,27,74,49,85,Moderately Ready
31,18,20,12,86,7,29,43,52,21,21,Not Ready Yet
52,65,16,0,53,78,36,58,59,40,73,Moderately Ready
32,17,20,6,39,12,48,25,21,21,28,Not Ready Yet
48,44,17,7,72,70,72,73,52,44,82,Moderately Ready
81,73,6,9,6,94,44,87,83,64,95,Highly Ready
73,97,15,12,26,76,82,100,59,93,68,Highly Ready
76,61,1,1,39,82,45,31,68,67,53,Moderately Ready
33,12,14,12,52,35,32,37,37,44,54,Not Ready Yet
80,72,3,9,46,92,44,60,77,95,76,Highly Ready
91,49,2,1,65,35,34,78,61,46,48,Moderately Ready
44,39,20,12,55,5,43,51,49,62,37,Needs Improvement
16,34,2,6,41,14,28,16,47,42,47,Not Ready Yet
27,19,7,12,78,34,29,12,13,27,14,Not Ready Yet
25,21,20,12,0,19,28,15,32,43,37,Not Ready Yet
51,78,12,12,80,74,13,59,97,64,89,Moderately Ready
90,69,20,2,37,52,34,42,45,69,84,Moderately Ready
67,100,0,12,28,62,55,49,86,79,52,Highly Ready
30,18,15,12,30,16,33,25,35,34,1,Not Ready Yet
18,20,20,12,72,38,49,4,37,33,12,Not Ready Yet
72,71,0,9,46,82,100,52,69,91,78,Highly Ready
38,32,7,10,49,54,22,42,58,45,33,Needs Improvement
31,33,19,8,68,9,41,7,18,44,9,Not Ready Yet
23,9,5,7,23,41,17,60,31,24,49,Not Ready Yet
49,42,12,0,96,20,44,22,25,37,1,Not Ready Yet
94,66,20,0,0,76,96,100,91,78,100,Highly Ready
91,76,3,4,85,86,66,84,94,51,65,Highly Ready
91,75,9,12,45,70,49,66,61,45,42,Highly Ready
96,90,0,0,100,68,81,55,90,75,79,Highly Ready
33,57,11,0,48,28,38,17,83,35,54,Needs Improvement
97,48,0,11,14,25,43,82,75,55,39,Moderately Ready
64,39,10,2,36,76,76,82,79,61,73,Moderately Ready
40,31,7,7,13,42,47,43,31,77,67,Needs Improvement
27,36,7,3,71,45,24,53,46,28,26,Needs Improvement
77,92,9,0,78,100,95,88,80,77,61,Highly Ready
41,36,16,2,70,42,27,45,56,31,53,Needs Improvement
95,42,0,2,18,68,48,55,72,70,83,Moderately Ready
79,74,2,11,94,92,76,64,61,93,83,Highly Ready
94,59,8,0,21,61,78,51,98,85,77,Moderately Ready
67,49,4,5,98,50,58,69,74,85,72,Moderately Ready
58,58,11,2,76,32,24,49,43,33,31,Needs Improvement
9,33,19,6,71,12,20,24,0,38,35,Not Ready Yet
71,28,16,5,58,63,54,64,52,37,52,Needs Improvement
72,74,13,2,68,74,25,80,94,54,73,Moderately Ready
100,71,12,0,32,89,86,100,79,81,70,Highly Ready
46,65,5,2,7,78,46,22,77,63,39,Moderately Ready
15,34,4,12,92,9,24,33,66,49,41,Not Ready Yet
48,34,2,0,32,33,50,41,60,48,32,Needs Improvement
43,24,13,10,7,21,25,32,8,20,32,Not Ready Yet
88,88,8,6,72,83,100,41,68,62,75,Highly Ready
78,84,13,4,49,87,47,61,60,44,80,Moderately Ready
76,59,3,0,78,90,38,54,59,93,58,Highly Ready
84,72,15,0,27,64,70,45,70,51,82,Moderately Ready
84,100,0,12,28,68,57,34,74,88,80,Highly Ready
57,13,10,12,39,68,16,44,63,33,59,Needs Improvement
65,28,13,0,72,33,55,30,35,36,65,Needs Improvement
77,98,0,12,32,72,74,66,56,65,99,Highly Ready
50,63,11,9,91,67,66,47,66,68,82,Moderately Ready
46,53,0,11,14,36,27,24,58,43,33,Needs Improvement
89,75,4,0,89,57,58,76,75,71,55,Moderately Ready
83,99,0,0,30,100,83,77,99,75,60,Highly Ready
67,66,6,0,44,67,40,42,55,85,58,Moderately Ready
86,50,7,0,52,63,33,83,40,62,83,Moderately Ready
36,34,17,8,49,56,39,37,35,42,39,Needs Improvement
85,76,6,0,58,90,52,98,83,47,96,Moderately Ready
72,69,17,0,68,86,61,60,52,48,61,Moderately Ready
74,71,12,8,23,98,91,63,98,96,78,Highly Ready
44,16,20,0,55,39,36,30,21,15,32,Not Ready Yet
100,33,0,3,70,72,70,100,60,82,100,Highly Ready
51,42,7,0,53,81,51,67,88,66,63,Moderately Ready
68,57,0,5,1,56,74,84,67,60,59,Moderately Ready
92,89,0,12,6,84,87,69,78,80,88,Highly Ready
19,22,15,7,63,23,31,12,38,57,76,Needs Improvement
3,38,8,8,38,14,5,18,20,43,12,Not Ready Yet
44,67,0,5,0,64,23,76,53,68,75,Moderately Ready
50,60,19,7,18,19,37,36,66,49,22,Needs Improvement
17,43,13,12,40,23,15,43,32,21,25,Not Ready Yet
8,8,13,12,8,20,36,31,50,31,38,Not Ready Yet
85,82,0,0,27,88,46,78,100,66,83,Highly Ready
68,52,0,1,33,58,52,74,86,74,80,Moderately Ready
39,63,11,1,54,99,62,71,80,67,65,Moderately Ready
85,32,11,0,71,47,63,82,75,94,41,Moderately Ready
22,47,7,12,42,28,35,46,16,39,35,Not Ready Yet
85,74,0,0,65,100,54,68,75,85,83,Highly Ready
85,89,9,11,16,68,43,60,67,61,77,Moderately Ready
39,30,6,0,28,28,43,47,60,43,44,Needs Improvement
90,90,0,12,59,63,56,47,73,54,82,Highly Ready
62,46,0,2,88,63,21,34,68,38,20,Needs Improvement
60,58,0,0,0,53,60,24,79,74,77,Moderately Ready
24,39,20,12,63,47,11,28,41,46,17,Needs Improvement
52,63,8,4,16,75,42,78,87,82,81,Moderately Ready
0,21,7,7,36,51,15,18,5,48,31,Not Ready Yet
79,59,14,7,70,82,92,56,77,80,50,Highly Ready
44,37,5,2,2,80,35,27,57,25,49,Needs Improvement
88,98,9,0,42,83,56,81,84,68,73,Highly Ready
27,0,20,12,49,24,9,13,30,27,24,Not Ready Yet
61,46,0,0,3,2,30,53,48,38,62,Needs Improvement
79,91,5,0,51,66,46,55,91,100,77,Highly Ready
79,68,14,0,97,73,61,45,78,70,61,Moderately Ready
100,94,0,1,0,99,82,68,86,50,89,Highly Ready
87,57,3,0,81,74,52,78,78,100,74,Highly Ready
94,75,0,0,16,71,61,59,70,74,71,Highly Ready
56,56,8,0,30,46,58,51,45,70,82,Moderately Ready
69,40,0,12,63,78,71,75,63,60,84,Moderately Ready
63,50,0,0,74,79,46,93,92,100,87,Highly Ready
86,81,2,5,62,60,61,34,57,56,58,Moderately Ready
51,0,20,3,30,27,6,37,21,4,33,Not Ready Yet
91,75,6,2,56,74,68,52,65,88,92,Highly Ready
67,90,0,1,46,73,63,58,75,76,72,Highly Ready
45,45,11,2,70,77,89,82,55,70,82,Highly Ready
86,58,6,0,58,82,78,100,97,73,97,Moderately Ready
78,82,0,12,31,96,86,45,62,83,74,Highly Ready
90,52,0,8,65,59,84,72,71,85,66,Moderately Ready
53,76,0,0,47,75,33,56,40,61,54,Moderately Ready
24,28,18,12,40,18,5,0,26,33,6,Not Ready Yet
54,73,14,4,18,70,54,79,62,44,61,Moderately Ready
9,10,20,12,29,19,17,1,15,30,18,Not Ready Yet
70,59,11,12,73,47,62,34,82,79,69,Moderately Ready
38,50,0,0,43,69,44,77,68,77,72,Moderately Ready
65,83,1,1,24,90,90,65,100,83,70,Highly Ready
10,13,20,0,54,9,19,32,33,37,23,Not Ready Yet
49,38,11,5,6,59,53,49,44,71,69,Moderately Ready
99,85,13,12,9,94,100,90,67,79,95,Highly Ready
77,90,9,2,14,62,68,82,70,72,70,Moderately Ready
48,58,13,2,84,49,39,77,76,48,74,Moderately Ready
67,59,7,11,46,86,67,36,78,47,52,Moderately Ready
91,66,6,0,47,82,52,87,96,74,56,Highly Ready
50,69,9,0,71,61,64,38,41,56,58,Needs Improvement
90,91,11,0,54,64,64,70,95,56,100,Highly Ready
73,74,1,9,74,53,71,67,59,71,100,Highly Ready
44,83,16,6,37,45,66,59,43,66,81,Moderately Ready
85,73,4,0,86,74,72,77,65,65,49,Highly Ready
39,50,8,0,24,52,57,28,49,36,59,Needs Improvement
80,81,3,12,36,36,47,52,85,56,92,Needs Improvement
100,57,0,2,25,67,62,76,100,65,67,Highly Ready
100,79,12,10,78,64,75,64,77,63,79,Moderately Ready
63,54,7,3,54,29,44,32,47,47,38,Needs Improvement
83,79,12,9,78,73,91,100,82,70,85,Highly Ready
31,37,20,0,8,28,21,18,26,23,45,Not Ready Yet
87,76,5,2,49,88,41,79,78,80,92,Highly Ready
95,70,6,10,1,77,93,86,98,60,71,Highly Ready
94,80,0,1,58,86,82,96,94,92,71,Highly Ready
63,74,3,0,42,69,83,69,88,56,61,Moderately Ready
57,44,10,0,89,81,62,53,83,75,60,Moderately Ready
90,95,6,0,100,72,32,62,78,85,67,Moderately Ready
39,65,10,1,0,65,72,55,50,58,65,Moderately Ready
64,28,10,2,0,0,20,28,54,11,49,Not Ready Yet
65,50,0,0,98,76,57,71,86,87,67,Moderately Ready
64,67,20,4,81,46,88,90,85,93,57,Moderately Ready
71,54,8,0,14,81,77,36,67,74,77,Moderately Ready
30,76,5,0,61,80,73,57,83,53,79,Moderately Ready
72,71,0,0,84,89,64,64,69,96,56,Highly Ready
46,39,7,0,84,33,18,13,55,54,38,Needs Improvement
56,72,3,2,44,86,51,70,68,78,99,Highly Ready
48,31,15,12,29,16,41,59,48,8,38,Not Ready Yet
61,45,0,0,96,57,28,40,52,57,38,Moderately Ready
57,12,13,1,62,29,36,43,17,7,47,Not Ready Yet
40,49,7,4,48,29,45,37,56,43,58,Needs Improvement
69,82,13,4,63,96,90,100,78,70,53,Highly Ready
100,92,0,3,78,77,86,51,81,100,86,Highly Ready
86,100,18,0,14,94,75,69,97,100,99,Highly Ready
63,80,8,6,95,67,69,64,67,72,95,Highly Ready
61,46,0,9,39,49,64,79,66,45,52,Moderately Ready
87,74,3,0,99,68,41,98,59,97,86,Highly Ready
65,59,13,5,32,38,56,76,59,46,49,Needs Improvement
67,61,3,0,47,46,52,70,86,51,81,Moderately Ready
49,31,13,12,29,56,26,55,52,54,34,Needs Improvement
36,23,1,4,35,23,7,59,25,12,6,Not Ready Yet
22,32,4,12,16,45,57,36,39,49,21,Not Ready Yet
66,100,1,4,30,56,59,77,69,100,75,Highly Ready
29,47,20,12,7,47,33,5,51,32,39,Needs Improvement
84,55,0,12,32,70,56,95,100,72,77,Highly Ready
69,36,3,0,74,58,44,75,85,40,75,Moderately Ready
95,58,0,9,99,100,100,83,88,65,85,Highly Ready
48,12,2,0,78,35,65,39,34,37,60,Needs Improvement
10,0,15,0,1,14,36,32,35,33,42,Not Ready Yet
100,73,7,0,66,78,61,37,68,57,62,Highly Ready
55,85,10,8,21,71,26,83,75,58,61,Moderately Ready
53,9,4,9,43,44,68,14,64,54,52,Needs Improvement
84,95,11,0,90,74,100,46,100,61,76,Highly Ready
85,72,7,0,33,100,68,90,98,90,100,Highly Ready
100,70,0,0,33,82,68,49,65,85,52,Highly Ready
34,50,15,0,100,54,24,41,61,27,65,Needs Improvement
60,86,3,0,0,100,62,48,97,52,89,Highly Ready
58,69,6,0,36,42,53,50,73,72,75,Moderately Ready
59,88,0,11,65,95,73,71,55,81,50,Moderately Ready
43,60,15,11,76,65,23,16,58,19,76,Needs Improvement
31,50,0,0,92,40,27,10,62,49,21,Needs Improvement
69,67,0,2,79,48,18,30,60,21,48,Needs Improvement
84,63,0,12,56,71,69,41,100,54,69,Highly Ready
24,27,0,10,100,34,44,34,12,0,44,Not Ready Yet
57,37,2,8,37,28,6,41,33,47,47,Needs Improvement
80,98,0,0,56,96,100,85,100,80,62,Highly Ready
56,84,19,1,12,86,49,43,70,93,66,Moderately Ready
27,41,4,0,22,26,19,16,31,21,32,Needs Improvement
30,48,13,0,13,46,44,26,85,61,40,Needs Improvement
14,7,20,10,63,25,39,27,39,37,30,Not Ready Yet
37,40,1,0,21,74,25,56,69,70,61,Moderately Ready
43,68,0,12,64,50,100,27,62,74,46,Moderately Ready
11,45,14,12,29,32,21,13,24,31,34,Not Ready Yet
11,30,12,3,10,39,30,6,47,31,43,Not Ready Yet
34,57,0,0,29,22,48,34,73,56,41,Needs Improvement
66,59,0,4,47,40,69,84,66,93,67,Moderately Ready
82,85,0,12,77,90,70,58,70,100,82,Highly Ready
85,30,7,0,53,39,20,54,62,46,80,Needs Improvement
88,61,4,12,85,93,78,74,89,64,74,Highly Ready
36,22,7,12,63,20,24,41,33,56,25,Not Ready Yet
100,100,6,4,95,68,91,100,62,87,89,Highly Ready
70,71,7,2,13,100,49,47,93,83,100,Highly Ready
82,79,14,12,36,65,69,91,49,55,56,Moderately Ready
90,59,12,0,55,57,70,34,90,52,82,Needs Improvement
68,47,3,0,100,60,58,40,55,82,57,Moderately Ready
0,38,18,12,18,10,40,36,48,42,30,Not Ready Yet
8,33,20,3,80,35,15,1,53,35,23,Not Ready Yet
21,25,9,10,70,66,43,47,73,51,45,Needs Improvement
68,46,0,0,20,72,20,32,51,61,87,Moderately Ready
100,96,11,0,90,89,53,63,100,93,63,Highly Ready
52,64,9,0,63,57,24,46,76,84,65,Moderately Ready
83,64,20,0,22,62,64,90,68,73,89,Highly Ready
48,42,14,7,5,31,35,23,19,61,22,Not Ready Yet
91,98,0,6,36,87,98,50,80,92,100,Highly Ready
7,13,18,0,66,8,4,17,19,45,31,Not Ready Yet
70,60,2,2,56,60,71,55,73,80,75,Moderately Ready
60,60,9,12,68,59,51,13,89,59,48,Moderately Ready
80,77,0,5,52,52,68,57,77,92,70,Highly Ready
93,47,7,12,76,69,88,46,85,76,81,Highly Ready
53,18,7,0,100,49,48,10,35,2,4,Not Ready Yet
51,27,12,12,44,43,46,25,64,59,40,Not Ready Yet
25,19,0,12,90,70,20,40,24,50,47,Needs Improvement
93,91,19,0,16,63,88,86,72,76,79,Highly Ready
8,29,15,4,12,36,15,23,54,16,22,Not Ready Yet
53,50,12,10,57,34,40,61,61,67,27,Needs Improvement
53,49,0,0,43,30,43,42,45,40,52,Needs Improvement
16,28,7,12,21,22,16,5,18,37,52,Not Ready Yet
39,51,0,12,19,48,40,43,57,36,30,Needs Improvement
68,60,14,5,13,74,76,57,59,81,49,Needs Improvement
44,76,0,1,96,74,61,89,69,70,69,Moderately Ready
79,70,8,12,48,75,58,68,97,50,97,Highly Ready
67,58,6,10,84,38,38,30,49,37,28,Needs Improvement
64,96,11,0,0,44,43,43,87,57,60,Moderately Ready
29,41,14,12,74,43,44,15,53,48,70,Needs Improvement
76,63,13,6,11,66,90,69,68,60,59,Moderately Ready
64,18,16,8,53,17,19,33,42,53,62,Not Ready Yet
64,59,5,12,19,84,72,41,75,64,80,Moderately Ready
77,67,14,6,68,93,70,100,98,69,95,Highly Ready
35,10,4,0,60,2,5,41,9,32,55,Not Ready Yet
57,64,0,0,13,71,98,54,85,59,88,Highly Ready
54,93,7,6,7,39,31,75,68,52,87,Moderately Ready
74,74,11,12,38,70,65,84,88,88,66,Moderately Ready
84,57,0,3,100,89,96,53,73,100,69,Highly Ready
69,52,5,0,0,53,32,73,60,62,82,Moderately Ready
66,71,0,4,79,88,100,92,85,66,65,Moderately Ready
45,63,11,2,72,62,37,34,66,37,40,Needs Improvement
96,82,18,12,89,69,54,98,80,62,88,Highly Ready
66,78,0,11,90,100,91,75,90,92,58,Highly Ready
58,31,10,6,0,25,58,12,57,28,36,Not Ready Yet
79,85,8,10,72,55,48,50,91,78,84,Moderately Ready
67,59,16,8,87,66,59,48,46,54,35,Needs Improvement
51,65,20,10,25,42,82,58,48,62,85,Moderately Ready
100,63,0,9,100,55,60,54,100,78,100,Highly Ready
35,47,11,11,87,47,35,23,49,11,27,Not Ready Yet
60,52,11,0,28,44,58,27,58,55,20,Needs Improvement
60,60,19,0,41,56,17,40,52,38,35,Needs Improvement
47,25,18,5,71,26,14,2,54,24,42,Not Ready Yet
84,38,1,4,61,75,59,57,73,73,32,Moderately Ready
49,22,16,0,49,33,0,43,27,26,42,Not Ready Yet
15,11,20,0,47,30,31,22,43,46,41,Not Ready Yet
5,8,11,8,0,41,38,14,33,51,24,Not Ready Yet
34,0,3,0,88,8,41,19,14,31,10,Not Ready Yet
61,65,3,12,57,63,28,78,65,65,44,Moderately Ready
3,32,0,10,77,27,25,48,19,56,25,Not Ready Yet
26,73,4,5,42,29,61,32,30,43,40,Needs Improvement
45,46,5,0,32,68,55,63,72,72,46,Moderately Ready
25,36,7,0,0,39,30,82,33,37,25,Needs Improvement
69,69,6,12,11,65,72,56,82,76,100,Highly Ready
56,40,6,12,32,25,32,32,25,10,59,Not Ready Yet
95,100,19,0,46,68,78,100,74,83,97,Highly Ready
20,17,11,0,31,18,0,36,8,53,39,Not Ready Yet
9,21,20,0,25,24,25,5,4,9,53,Not Ready Yet
72,54,1,0,13,75,54,75,93,89,92,Highly Ready
31,30,18,12,8,0,9,48,31,18,28,Needs Improvement
100,89,0,0,27,42,95,66,67,60,97,Highly Ready
17,7,7,12,0,21,17,29,47,0,38,Not Ready Yet
45,50,7,10,22,36,5,54,56,48,57,Needs Improvement
50,69,7,0,16,73,31,78,85,76,61,Moderately Ready
90,66,20,12,84,91,39,47,71,74,73,Highly Ready
45,19,20,9,100,42,12,40,54,35,7,Not Ready Yet
80,45,18,2,13,63,68,62,84,87,52,Moderately Ready
47,57,4,0,28,50,12,51,53,37,82,Moderately Ready
43,60,5,12,63,78,76,81,74,74,85,Moderately Ready
84,58,9,0,0,76,86,78,73,77,80,Highly Ready
47,2,15,12,33,61,5,50,37,41,53,Needs Improvement
53,61,9,7,81,34,27,53,41,66,58,Needs Improvement
63,86,20,12,24,67,43,70,47,51,58,Moderately Ready
82,80,3,0,80,60,23,42,80,74,56,Moderately Ready
26,36,14,12,8,41,22,38,44,57,12,Not Ready Yet
87,55,0,12,90,42,48,44,75,44,85,Moderately Ready
23,7,18,12,3,42,14,0,22,27,36,Not Ready Yet
15,35,0,0,85,5,25,1,44,56,30,Not Ready Yet
50,29,16,12,18,38,47,58,27,44,41,Needs Improvement
88,100,0,0,5,75,60,57,50,68,88,Highly Ready
96,97,1,0,92,100,89,72,97,74,89,Highly Ready
73,96,9,0,26,100,69,80,98,75,95,Highly Ready
52,45,7,12,54,47,63,63,50,38,44,Needs Improvement
37,44,0,0,37,73,82,59,66,53,51,Moderately Ready
100,86,0,12,21,79,54,97,84,95,92,Highly Ready
82,60,7,0,92,63,52,93,68,66,71,Highly Ready
86,91,0,5,26,65,51,72,87,72,79,Highly Ready
33,44,5,2,11,47,44,40,70,66,63,Needs Improvement
74,81,0,4,57,86,43,65,59,91,77,Highly Ready
81,74,4,0,5,61,100,48,85,75,99,Highly Ready
53,47,10,5,39,45,29,38,72,30,60,Needs Improvement
22,53,13,3,28,32,44,32,61,38,29,Needs Improvement
40,44,12,9,89,41,5,15,56,35,44,Needs Improvement
100,56,6,3,78,79,100,84,92,78,66,Highly Ready
23,47,12,6,96,62,61,30,54,60,34,Needs Improvement
13,15,0,0,60,7,19,14,50,19,36,Not Ready Yet
65,66,4,4,93,40,42,29,57,50,17,Needs Improvement
33,38,13,0,80,49,74,68,61,42,56,Needs Improvement
53,80,0,8,81,60,88,79,66,76,44,Moderately Ready
40,70,8,0,83,67,55,56,56,81,70,Moderately Ready
23,24,14,12,71,71,56,38,67,40,39,Needs Improvement
61,76,6,12,21,60,49,57,78,67,38,Moderately Ready
66,98,0,9,64,83,86,84,75,76,67,Highly Ready
30,13,0,10,35,33,12,24,44,39,19,Not Ready Yet
27,24,20,12,6,18,48,20,47,36,12,Not Ready Yet
33,36,20,12,51,14,22,30,36,11,35,Not Ready Yet
3,32,14,1,9,11,27,18,29,22,35,Not Ready Yet
53,86,0,0,25,83,39,54,70,56,81,Moderately Ready
18,33,20,12,57,47,21,19,59,23,50,Not Ready Yet
85,62,4,0,52,72,63,53,78,71,80,Moderately Ready
1,22,6,6,39,39,0,43,28,17,34,Not Ready Yet
74,77,0,0,42,51,46,24,65,57,57,Needs Improvement
55,50,11,7,37,70,73,57,80,81,81,Moderately Ready
79,95,0,0,100,100,67,68,77,74,100,Highly Ready
58,35,1,0,89,32,27,50,41,71,37,Needs Improvement
76,64,14,0,63,55,56,59,61,86,45,Moderately Ready
24,28,5,10,46,32,16,30,41,55,21,Not Ready Yet
65,59,5,4,84,70,43,81,59,70,67,Moderately Ready
41,22,20,12,30,7,17,26,32,51,2,Not Ready Yet
34,27,20,12,22,9,17,28,58,28,26,Not Ready Yet
45,65,0,0,88,51,87,54,51,74,69,Moderately Ready
72,81,0,10,0,48,50,17,79,48,49,Moderately Ready
42,11,1,3,0,31,24,24,43,48,21,Not Ready Yet
76,42,20,0,47,48,65,16,58,27,63,Not Ready Yet
8,22,20,10,90,6,1,20,26,15,11,Not Ready Yet
49,95,3,0,17,78,62,66,60,59,63,Moderately Ready
87,64,14,0,10,71,76,78,65,72,74,Highly Ready
22,35,20,12,91,13,45,1,53,2,46,Not Ready Yet
86,69,16,0,34,70,100,61,97,87,66,Highly Ready
100,67,4,5,84,81,79,77,100,64,89,Highly Ready
19,23,8,12,81,37,10,22,50,0,17,Not Ready Yet
91,81,2,1,90,75,93,83,70,100,89,Highly Ready
57,29,5,0,7,59,47,55,43,35,43,Needs Improvement
56,33,12,0,0,55,55,49,69,33,36,Needs Improvement
64,54,17,12,42,36,42,13,25,36,31,Needs Improvement
37,5,18,0,28,26,51,18,44,23,38,Needs Improvement
66,70,13,5,14,88,92,71,80,51,53,Moderately Ready
32,30,8,0,52,33,16,29,46,33,11,Needs Improvement
71,53,8,4,38,83,83,39,56,96,81,Highly Ready
47,15,0,12,6,8,15,36,38,18,53,Not Ready Yet
22,3,15,12,3,17,21,1,25,48,33,Not Ready Yet
74,72,0,10,86,93,79,46,100,67,73,Highly Ready
52,55,10,2,39,61,68,72,55,45,64,Moderately Ready
65,81,12,0,65,100,91,85,75,58,79,Highly Ready
60,36,0,0,73,36,45,59,66,68,60,Needs Improvement
27,33,17,0,32,56,54,51,31,54,19,Needs Improvement
97,64,6,4,80,62,52,51,67,100,100,Highly Ready
42,33,20,2,48,14,8,42,51,11,31,Not Ready Yet
45,24,20,12,75,15,0,29,56,37,52,Not Ready Yet
62,44,0,0,27,67,89,65,79,32,40,Moderately Ready
60,51,0,0,77,67,64,60,75,58,62,Moderately Ready
48,47,5,12,96,62,50,76,78,83,57,Moderately Ready
77,42,0,0,84,61,80,38,62,62,61,Moderately Ready
64,76,5,12,14,56,75,50,93,73,72,Moderately Ready
54,52,0,1,0,41,74,70,63,67,75,Moderately Ready
19,34,15,10,44,0,33,35,49,10,31,Not Ready Yet
58,100,0,9,77,46,64,53,73,63,68,Highly Ready
92,73,20,4,60,77,72,67,51,71,76,Moderately Ready
92,63,18,0,64,65,40,79,87,87,100,Highly Ready
30,0,20,11,66,14,51,13,46,34,26,Not Ready Yet
29,47,11,12,100,3,38,39,33,23,15,Needs Improvement
53,47,17,10,75,35,25,33,58,30,48,Needs Improvement
76,68,1,0,93,62,55,97,89,67,86,Highly Ready
62,58,2,0,29,72,91,80,79,76,72,Highly Ready
100,86,0,8,29,82,51,76,79,72,77,Highly Ready
33,8,18,6,18,28,18,23,54,37,25,Not Ready Yet
72,83,4,11,5,76,50,94,67,49,87,Moderately Ready
3,2,20,12,72,21,7,35,41,8,53,Not Ready Yet
64,88,0,10,75,64,95,59,95,56,55,Moderately Ready
50,53,16,12,88,58,84,30,98,75,73,Moderately Ready
56,61,7,0,39,39,54,64,40,38,48,Needs Improvement
39,63,16,8,50,32,19,54,55,72,50,Needs Improvement
14,9,13,2,29,46,21,12,27,39,21,Not Ready Yet
67,61,5,6,62,87,76,57,54,53,71,Moderately Ready
98,64,14,7,71,88,76,91,72,64,62,Moderately Ready
70,97,0,12,89,100,34,45,72,46,49,Moderately Ready
53,65,2,8,67,60,75,63,66,45,56,Moderately Ready
59,68,1,11,56,77,37,78,63,95,68,Moderately Ready
93,74,8,7,69,59,70,94,76,78,82,Highly Ready
74,71,9,5,48,68,39,69,68,67,68,Highly Ready
56,35,0,12,67,21,58,11,48,47,31,Needs Improvement
83,96,8,0,70,86,56,87,88,98,60,Highly Ready
91,61,0,0,8,75,43,70,88,92,86,Highly Ready
66,48,0,7,100,54,53,60,56,91,81,Moderately Ready
51,22,0,1,0,70,39,34,53,56,59,Needs Improvement
44,43,0,12,29,33,47,5,36,40,24,Not Ready Yet
53,48,11,12,100,29,29,21,69,45,30,Needs Improvement
79,80,3,9,73,62,68,48,94,87,88,Moderately Ready
90,84,13,0,46,90,73,83,81,79,47,Moderately Ready
54,65,9,6,58,85,99,37,64,54,61,Moderately Ready
40,35,8,0,60,29,29,12,49,38,23,Not Ready Yet
42,14,5,6,41,14,36,24,42,22,37,Not Ready Yet
70,61,0,1,60,59,84,68,83,75,92,Moderately Ready
50,75,19,4,65,78,34,51,78,67,61,Moderately Ready
38,30,20,0,93,47,49,28,58,46,55,Needs Improvement
61,52,10,1,2,48,43,43,78,82,49,Needs Improvement
64,63,16,0,93,56,39,50,62,43,26,Moderately Ready
38,52,0,0,54,77,29,62,49,56,55,Moderately Ready
59,64,20,6,47,44,58,61,46,85,78,Moderately Ready
36,60,13,9,48,61,23,72,69,71,49,Needs Improvement
31,52,18,12,9,32,14,33,51,18,18,Not Ready Yet
18,34,9,0,30,48,14,50,53,56,19,Not Ready Yet
66,79,10,4,11,78,69,74,79,68,66,Highly Ready
80,39,2,0,97,70,67,88,67,53,56,Moderately Ready
50,68,13,0,15,46,12,41,43,55,19,Needs Improvement
85,80,0,0,72,73,71,93,75,78,80,Highly Ready
84,66,6,0,32,66,26,76,43,64,58,Moderately Ready
71,43,11,12,77,23,55,38,59,53,42,Needs Improvement
68,95,1,3,96,98,83,65,100,70,68,Highly Ready
39,51,9,0,26,63,82,99,85,73,73,Moderately Ready
36,9,8,4,19,17,0,18,3,31,38,Not Ready Yet
41,87,20,0,97,43,26,63,72,83,76,Moderately Ready
46,16,5,8,27,51,42,51,31,29,45,Needs Improvement
73,82,5,6,77,73,45,88,60,48,66,Moderately Ready
63,64,12,12,97,37,18,59,81,39,32,Needs Improvement
32,9,16,7,49,26,36,24,20,47,20,Not Ready Yet
82,69,20,0,9,42,73,62,53,60,85,Moderately Ready
38,59,4,0,69,41,32,18,35,48,56,Needs Improvement
81,57,5,0,49,58,60,46,82,56,73,Moderately Ready
71,91,16,1,3,89,68,49,87,87,90,Highly Ready
77,80,19,0,85,57,56,64,92,79,74,Highly Ready
41,22,13,12,100,34,26,8,29,29,31,Not Ready Yet
61,61,14,12,15,66,12,20,71,13,16,Needs Improvement
48,26,17,2,40,63,35,30,32,43,44,Not Ready Yet
64,78,0,3,99,69,35,79,69,41,51,Moderately Ready
67,79,0,3,14,67,39,56,49,80,49,Moderately Ready
77,84,6,12,41,79,44,43,60,57,67,Highly Ready
25,46,14,3,53,19,8,30,57,39,43,Needs Improvement
85,89,0,0,50,70,73,71,80,83,69,Highly Ready
12,14,20,12,61,26,31,17,23,10,8,Not Ready Yet
100,59,7,10,46,92,91,62,96,96,61,Highly Ready
92,84,13,11,100,90,56,57,100,88,65,Highly Ready
62,50,0,0,88,72,60,61,40,60,85,Moderately Ready
48,54,7,0,32,65,62,14,53,50,36,Not Ready Yet
48,51,20,0,87,65,44,72,83,46,57,Moderately Ready
15,20,7,12,29,21,15,5,40,22,17,Not Ready Yet
72,74,3,11,84,42,37,36,58,53,92,Needs Improvement
80,68,12,0,72,69,66,72,60,44,66,Moderately Ready
100,76,0,12,35,84,91,52,79,100,84,Highly Ready
54,100,0,3,11,50,64,70,60,46,38,Moderately Ready
70,38,0,0,15,53,75,64,48,54,76,Moderately Ready
100,100,1,0,97,76,52,36,66,68,99,Highly Ready
14,27,3,2,22,35,27,12,46,34,28,Not Ready Yet
86,89,5,12,46,93,32,35,82,44,37,Moderately Ready
63,47,0,8,32,97,45,36,51,59,59,Moderately Ready
43,43,5,12,18,28,38,19,56,33,64,Not Ready Yet
50,60,13,12,61,49,29,56,66,57,46,Needs Improvement
52,48,1,12,57,56,16,50,48,54,25,Needs Improvement
91,78,0,11,34,60,62,45,53,75,66,Moderately Ready
51,45,10,9,90,58,34,58,86,47,59,Moderately Ready
100,49,1,11,57,68,95,55,83,85,60,Highly Ready
81,92,0,0,8,67,62,68,89,100,80,Highly Ready
61,58,8,1,8,65,45,88,87,75,64,Moderately Ready
19,36,0,7,22,59,43,59,46,59,31,Needs Improvement
49,59,0,7,21,53,83,73,92,53,45,Moderately Ready
18,49,5,0,27,18,37,20,47,47,52,Needs Improvement
46,24,0,11,12,39,35,19,55,33,36,Not Ready Yet
44,31,2,10,59,12,1,10,52,31,10,Not Ready Yet
17,23,20,12,3,15,27,47,31,37,22,Not Ready Yet
19,23,20,5,72,25,20,5,59,31,6,Not Ready Yet
43,64,17,0,81,42,28,18,38,51,61,Needs Improvement
81,100,8,3,61,97,95,93,79,70,83,Highly Ready
72,75,1,2,87,97,72,51,87,86,79,Highly Ready
50,29,20,3,33,25,8,32,36,16,25,Not Ready Yet
31,35,20,9,24,49,48,71,67,40,49,Needs Improvement
79,46,7,0,49,67,60,63,48,66,54,Moderately Ready
45,26,12,4,99,48,23,41,46,47,5,Needs Improvement
74,60,0,8,80,55,73,60,81,66,48,Moderately Ready
27,26,20,2,60,25,43,0,36,47,44,Not Ready Yet
34,19,20,7,24,58,39,26,53,36,26,Needs Improvement
72,70,5,0,76,58,84,49,79,65,52,Moderately Ready
70,57,13,0,51,63,63,78,54,69,70,Moderately Ready
51,23,14,0,83,51,10,37,47,35,30,Needs Improvement
88,82,0,2,65,74,20,83,69,44,49,Moderately Ready
54,67,0,0,76,53,88,82,68,66,71,Moderately Ready
100,90,0,0,45,76,87,53,90,80,78,Highly Ready
3,24,20,12,35,33,0,31,5,39,49,Not Ready Yet
62,73,7,0,89,55,70,60,50,89,68,Moderately Ready
55,67,3,12,3,82,58,46,83,97,43,Moderately Ready
91,72,7,0,62,64,76,59,83,70,86,Highly Ready
70,61,6,3,31,61,77,34,70,52,56,Moderately Ready
78,71,8,11,8,48,50,38,74,79,77,Moderately Ready
16,35,6,0,42,11,29,43,39,41,45,Not Ready Yet
99,91,0,1,48,90,97,76,68,75,100,Highly Ready
47,70,0,0,7,81,52,95,64,52,72,Moderately Ready
48,71,14,9,74,78,77,35,63,67,100,Moderately Ready
33,38,10,1,46,36,44,34,69,25,63,Needs Improvement
16,36,14,0,87,50,7,40,43,26,28,Not Ready Yet
54,87,16,0,72,57,63,38,87,79,57,Moderately Ready
18,29,0,9,29,55,19,54,62,40,57,Needs Improvement
25,43,20,12,70,22,31,5,38,0,15,Not Ready Yet
62,33,9,10,75,16,10,26,24,47,38,Not Ready Yet
89,80,0,0,69,81,81,98,94,95,98,Highly Ready
64,68,7,0,24,31,52,69,39,54,13,Needs Improvement
89,78,18,3,15,50,50,49,93,47,41,Moderately Ready
65,76,9,6,4,52,41,36,63,55,65,Moderately Ready
85,29,2,0,56,47,63,55,41,47,41,Not Ready Yet
37,72,12,7,61,69,72,43,60,54,70,Moderately Ready
87,73,7,10,95,62,46,82,80,72,86,Highly Ready
28,54,4,0,63,63,49,27,57,37,54,Needs Improvement
97,94,1,0,75,89,67,57,92,59,72,Highly Ready
59,38,7,0,61,41,29,52,56,74,51,Needs Improvement
98,72,0,8,67,53,87,84,71,62,69,Highly Ready
7,7,13,8,73,45,39,21,23,23,35,Not Ready Yet
76,85,15,5,88,83,95,86,100,88,85,Highly Ready
78,70,12,6,54,56,55,98,77,100,67,Highly Ready
57,16,6,12,18,39,54,46,45,35,61,Needs Improvement
35,27,0,12,76,26,37,53,44,38,63,Needs Improvement
89,70,4,3,86,82,72,59,71,80,65,Highly Ready
80,79,19,0,68,78,87,100,90,91,58,Highly Ready
45,32,17,1,40,30,55,34,54,54,34,Needs Improvement
63,79,13,2,35,69,48,73,81,69,88,Moderately Ready
87,71,7,4,83,100,92,57,90,100,60,Highly Ready
68,44,15,0,82,71,87,71,49,48,30,Moderately Ready
60,50,0,4,91,79,73,91,88,46,79,Moderately Ready
74,43,20,0,19,74,37,74,45,81,63,Moderately Ready
70,70,4,0,60,68,54,60,63,97,93,Highly Ready
38,17,20,6,29,12,27,0,13,20,37,Not Ready Yet
52,43,7,12,9,58,34,95,79,73,89,Moderately Ready
40,30,11,0,99,57,58,56,47,43,29,Needs Improvement
42,37,12,4,54,45,24,24,61,70,22,Needs Improvement
11,20,13,0,43,34,38,35,38,28,30,Needs Improvement
38,38,0,3,73,54,23,49,72,77,70,Needs Improvement
32,30,17,0,31,49,39,47,67,69,51,Needs Improvement
86,89,11,4,49,79,73,60,89,80,75,Highly Ready
93,32,0,0,52,76,64,53,79,67,58,Moderately Ready
47,39,0,0,13,49,43,42,76,63,55,Moderately Ready
79,79,0,11,16,73,100,95,54,68,66,Highly Ready
52,73,6,4,60,72,65,39,89,65,84,Moderately Ready
93,100,0,5,63,89,55,83,86,82,60,Highly Ready
81,100,14,0,31,90,34,48,86,79,83,Highly Ready
95,71,7,0,2,78,100,85,100,67,61,Highly Ready
100,70,19,7,78,93,85,48,78,56,55,Highly Ready
88,92,11,7,49,56,61,41,97,69,83,Highly Ready
77,65,0,0,19,83,72,70,72,70,79,Highly Ready
37,11,7,12,15,22,28,0,31,13,27,Not Ready Yet
70,53,12,4,85,68,74,47,79,86,54,Needs Improvement
54,47,10,7,97,78,12,53,51,23,52,Needs Improvement
37,43,15,11,35,57,44,49,70,33,38,Needs Improvement
29,40,6,12,56,36,29,30,77,29,49,Needs Improvement
37,25,17,5,26,56,33,27,36,46,42,Needs Improvement
38,26,12,7,26,41,0,17,22,31,58,Not Ready Yet
76,90,7,12,33,90,76,67,67,100,62,Highly Ready
31,24,20,2,38,50,56,28,87,77,42,Needs Improvement
7,18,12,12,20,17,60,13,31,18,24,Not Ready Yet
100,100,0,0,21,93,97,100,93,93,74,Highly Ready
59,39,0,4,35,70,69,78,57,76,72,Moderately Ready
41,67,10,7,0,65,56,65,67,80,70,Needs Improvement
100,79,1,0,86,98,74,94,82,88,73,Highly Ready
88,75,7,0,86,51,69,58,94,78,82,Moderately Ready
71,100,0,12,36,72,90,38,87,67,72,Highly Ready
94,69,0,0,24,65,83,75,88,77,74,Highly Ready
89,91,0,2,31,49,22,45,44,53,62,Moderately Ready
83,67,7,12,19,97,56,43,100,89,100,Highly Ready
58,74,11,12,35,62,39,39,65,44,60,Moderately Ready
82,47,20,0,100,77,78,65,77,48,59,Moderately Ready
33,45,0,0,6,35,47,40,61,59,38,Needs Improvement
51,28,16,0,27,29,63,47,56,59,54,Needs Improvement
56,36,4,8,73,63,39,34,52,41,16,Needs Improvement
62,73,19,0,88,41,24,47,49,49,42,Needs Improvement
59,72,0,5,83,71,94,66,77,75,69,Highly Ready
49,89,4,4,74,90,80,100,100,59,66,Highly Ready
100,100,0,0,70,84,99,85,76,100,81,Highly Ready
47,87,0,0,5,56,41,78,98,67,86,Moderately Ready
34,40,5,0,86,14,24,37,54,52,39,Needs Improvement
80,100,0,0,45,54,62,78,71,67,100,Highly Ready
71,43,15,0,70,26,29,22,66,39,63,Moderately Ready
66,58,9,10,49,64,72,24,88,50,46,Moderately Ready
82,76,0,2,21,85,68,49,95,72,79,Moderately Ready
42,29,2,12,81,20,22,44,27,30,9,Not Ready Yet
63,25,18,12,92,58,64,51,39,35,57,Needs Improvement
35,20,4,12,100,48,39,29,58,51,40,Not Ready Yet
20,8,15,12,70,24,28,40,50,31,32,Not Ready Yet
61,71,5,11,78,86,66,28,47,49,75,Moderately Ready
36,37,0,10,84,54,44,13,48,56,38,Needs Improvement
85,94,7,0,28,40,44,86,58,42,72,Moderately Ready
39,82,5,7,8,62,45,80,70,66,72,Moderately Ready
82,75,20,3,14,58,75,53,73,50,78,Moderately Ready
45,35,19,4,100,0,25,54,27,51,27,Not Ready Yet
61,67,0,1,88,43,88,64,81,71,67,Highly Ready
82,64,4,4,44,71,52,67,85,67,66,Moderately Ready
46,69,0,6,86,64,53,77,77,71,83,Moderately Ready
12,0,18,12,4,9,11,17,45,44,27,Not Ready Yet
62,99,8,0,11,64,64,77,100,87,72,Highly Ready
78,79,10,5,64,80,89,86,86,100,83,Highly Ready
63,98,10,6,6,67,44,85,92,100,66,Highly Ready
42,37,10,12,93,50,60,48,50,32,59,Needs Improvement
67,77,10,11,17,62,78,54,67,91,72,Moderately Ready
94,72,7,1,85,87,52,67,73,85,63,Highly Ready
50,71,20,4,4,59,61,55,69,40,82,Moderately Ready
19,12,20,4,64,3,5,16,38,42,46,Not Ready Yet
96,99,17,4,47,94,60,100,81,89,76,Highly Ready
38,23,19,6,94,27,37,3,34,26,17,Not Ready Yet
89,61,0,0,32,66,78,75,96,59,59,Highly Ready
88,32,0,12,40,45,51,30,79,56,53,Moderately Ready
75,93,0,0,72,79,62,42,95,86,89,Highly Ready
24,29,7,7,95,33,31,10,18,4,46,Not Ready Yet
100,91,0,7,83,87,45,53,70,67,92,Highly Ready
33,44,10,0,21,41,35,59,23,58,22,Needs Improvement
94,83,0,0,70,81,83,64,71,75,57,Highly Ready
29,9,16,5,0,21,22,11,16,38,45,Not Ready Yet
29,16,20,11,14,13,42,46,54,24,45,Not Ready Yet
68,58,1,10,30,41,49,67,75,69,66,Moderately Ready
79,71,6,4,34,100,76,57,80,72,68,Highly Ready
37,38,20,4,71,46,45,34,58,53,57,Needs Improvement
78,88,5,4,19,55,77,39,89,67,60,Moderately Ready
95,74,0,7,68,100,100,85,79,97,77,Highly Ready
83,89,10,1,19,80,63,68,72,77,64,Highly Ready
69,19,14,1,67,55,57,42,68,28,67,Needs Improvement
21,22,10,3,59,34,5,55,14,45,40,Not Ready Yet
36,38,6,1,42,44,70,80,49,44,39,Needs Improvement
51,65,0,7,37,51,74,55,80,55,88,Moderately Ready
87,81,15,0,43,75,62,99,64,100,73,Highly Ready
20,10,13,4,67,19,10,48,43,17,17,Not Ready Yet
54,43,9,8,83,36,75,27,81,22,29,Needs Improvement
43,17,0,12,88,2,54,3,25,50,26,Not Ready Yet
95,62,0,0,93,79,43,64,89,68,58,Highly Ready
60,75,1,0,72,48,39,65,68,42,61,Moderately Ready
31,13,13,2,81,36,37,49,63,48,68,Needs Improvement
53,59,11,4,84,60,54,65,80,84,88,Moderately Ready
93,85,11,12,36,83,62,100,76,83,94,Highly Ready
39,23,8,0,60,37,0,14,43,42,26,Not Ready Yet
43,26,20,0,66,37,54,60,70,37,56,Needs Improvement
6,48,19,12,100,46,47,29,42,30,50,Not Ready Yet
20,26,20,0,79,52,48,16,53,48,19,Not Ready Yet
62,30,14,0,77,44,65,61,63,59,35,Needs Improvement
84,77,5,0,79,79,100,56,70,88,77,Highly Ready
81,77,20,7,25,58,87,89,77,55,46,Moderately Ready
18,31,11,8,87,13,36,25,59,41,5,Not Ready Yet
52,36,0,8,34,79,29,72,80,69,62,Moderately Ready
77,79,7,9,10,93,97,100,77,87,85,Highly Ready
61,35,2,6,45,70,37,45,56,67,60,Moderately Ready
30,24,15,10,62,37,17,0,18,27,29,Not Ready Yet
58,57,3,0,36,80,77,62,90,80,86,Moderately Ready
48,99,3,9,13,79,36,45,89,61,53,Moderately Ready
74,24,20,12,43,59,43,44,30,41,66,Needs Improvement
53,17,20,9,73,39,45,72,59,32,51,Needs Improvement
65,65,6,0,100,52,46,19,59,50,29,Needs Improvement
92,100,12,8,26,73,38,67,81,100,65,Highly Ready
72,99,14,12,90,100,90,95,100,100,61,Highly Ready
17,40,0,12,47,19,52,14,15,47,27,Not Ready Yet
65,86,3,12,67,75,69,67,54,74,51,Moderately Ready
42,28,20,12,36,26,10,15,23,26,39,Not Ready Yet
100,99,0,2,0,77,48,84,68,91,57,Highly Ready
73,75,12,7,5,94,73,43,81,73,66,Moderately Ready
49,84,7,2,29,58,46,45,68,77,52,Moderately Ready
76,96,4,6,10,72,83,81,55,79,60,Highly Ready
28,78,8,9,67,56,3,52,24,33,62,Needs Improvement
40,29,20,0,8,34,31,47,49,62,42,Needs Improvement
38,23,17,1,36,45,51,24,57,36,56,Needs Improvement
64,84,14,0,67,71,32,50,58,56,55,Moderately Ready
61,40,2,0,48,33,19,30,41,33,66,Needs Improvement
96,76,15,0,45,78,75,68,85,91,97,Highly Ready
12,3,4,11,90,54,41,2,64,21,40,Not Ready Yet
31,33,20,0,25,68,55,62,66,74,16,Needs Improvement
54,47,0,4,62,45,22,15,68,57,40,Needs Improvement
41,61,10,5,45,81,61,75,72,64,82,Highly Ready
74,75,8,12,79,48,40,51,56,66,49,Needs Improvement
76,66,0,0,90,53,63,49,73,66,81,Moderately Ready
65,69,0,0,95,80,82,89,54,60,49,Highly Ready
46,41,8,0,93,68,54,63,65,55,50,Needs Improvement
43,39,5,0,36,29,57,13,65,40,42,Moderately Ready
75,80,0,4,0,70,49,95,64,82,70,Highly Ready
76,100,6,0,63,100,55,75,71,91,89,Highly Ready
29,29,17,12,0,15,31,0,32,25,42,Not Ready Yet
15,20,20,8,24,38,9,34,45,16,26,Not Ready Yet
42,43,15,0,0,51,38,39,37,57,41,Needs Improvement
9,18,15,1,52,46,23,41,15,19,46,Not Ready Yet
57,64,0,0,47,79,62,82,75,75,76,Needs Improvement
11,32,20,12,100,17,59,16,25,54,24,Needs Improvement
35,55,17,4,80,20,37,27,41,30,49,Needs Improvement
31,22,19,3,39,13,22,26,16,32,26,Not Ready Yet
11,51,8,4,57,36,49,46,58,14,54,Needs Improvement
62,73,0,5,22,77,46,49,43,61,55,Needs Improvement
23,22,15,12,65,33,27,0,23,40,12,Not Ready Yet
52,0,15,9,27,14,24,35,53,39,24,Not Ready Yet
20,26,17,0,60,41,35,31,28,43,41,Needs Improvement
36,49,20,8,11,40,13,26,34,18,32,Needs Improvement
64,43,17,4,62,75,86,67,58,66,39,Moderately Ready
80,78,0,11,79,70,93,100,70,80,49,Highly Ready
73,100,14,0,68,47,43,100,86,81,100,Highly Ready
62,91,3,0,48,73,79,50,64,49,55,Moderately Ready
49,41,0,7,11,58,48,82,77,73,62,Moderately Ready
85,74,20,8,18,44,96,30,79,63,41,Moderately Ready
67,37,15,11,0,30,66,34,67,81,51,Needs Improvement
99,100,0,0,9,91,43,56,88,75,80,Highly Ready
93,79,0,0,93,81,86,92,97,88,97,Highly Ready
18,17,16,12,42,48,39,13,17,25,40,Not Ready Yet
24,16,13,6,49,40,15,21,21,18,56,Not Ready Yet
67,68,9,0,11,100,100,71,70,79,70,Highly Ready
64,84,0,4,40,78,53,54,81,77,83,Highly Ready
77,94,10,0,24,50,79,70,82,97,100,Highly Ready
55,68,13,0,29,20,30,30,60,28,45,Needs Improvement
100,68,13,0,59,78,68,60,78,94,56,Highly Ready
61,54,15,0,14,57,30,54,83,46,33,Moderately Ready
48,59,0,2,93,64,51,55,81,73,59,Moderately Ready
71,74,17,0,21,44,47,43,50,95,84,Moderately Ready
62,69,4,11,45,72,81,18,60,76,56,Moderately Ready
56,52,9,8,43,42,44,29,43,59,40,Needs Improvement
55,42,10,4,26,56,59,66,67,65,69,Moderately Ready
48,6,0,12,17,24,0,7,34,50,50,Not Ready Yet
27,48,9,10,94,28,54,45,51,36,55,Needs Improvement
19,37,2,5,100,40,51,42,74,42,35,Needs Improvement
53,94,8,9,45,73,68,51,40,53,62,Moderately Ready
93,51,1,0,56,69,59,52,92,64,64,Highly Ready
70,80,10,0,36,87,72,70,69,56,90,Highly Ready
41,41,0,12,47,40,48,19,62,32,53,Needs Improvement
24,64,12,6,0,47,53,27,59,39,22,Needs Improvement
48,66,10,3,100,20,30,74,52,51,47,Needs Improvement
41,43,20,12,23,63,65,58,74,52,76,Needs Improvement
37,13,20,0,88,7,25,32,51,16,23,Not Ready Yet
42,59,14,10,38,33,36,13,64,48,29,Needs Improvement
28,45,13,12,50,37,19,45,33,21,38,Not Ready Yet
62,60,2,5,62,65,45,59,68,45,40,Moderately Ready
37,65,18,0,95,25,67,49,73,33,44,Needs Improvement
30,28,20,1,100,45,30,51,66,29,26,Needs Improvement
91,94,10,12,99,78,77,93,66,67,67,Highly Ready
71,78,3,12,74,76,72,96,79,64,62,Highly Ready
57,62,12,0,6,70,82,68,84,87,72,Highly Ready
68,59,10,6,99,67,10,67,51,61,82,Moderately Ready
79,82,14,0,69,83,52,74,81,100,100,Highly Ready
36,30,20,6,6,18,18,40,34,9,42,Not Ready Yet
38,6,8,3,100,6,0,31,21,21,15,Not Ready Yet
22,58,6,3,82,81,34,27,45,37,32,Needs Improvement
36,41,0,3,59,64,30,64,82,31,58,Needs Improvement
47,41,2,0,77,27,21,18,66,53,59,Needs Improvement
70,11,14,5,99,49,6,34,58,31,58,Needs Improvement
31,29,3,12,79,22,31,46,61,45,53,Needs Improvement
40,65,10,5,100,20,27,20,57,49,65,Needs Improvement
74,67,0,0,43,61,99,29,82,91,55,Highly Ready
60,54,5,0,35,29,57,14,66,38,55,Needs Improvement
96,74,0,12,83,59,75,100,99,75,81,Highly Ready
67,45,8,0,22,76,76,57,89,77,81,Moderately Ready
41,41,18,6,13,41,39,36,55,50,41,Needs Improvement
33,50,6,0,27,81,85,57,81,65,65,Moderately Ready
15,23,3,6,7,58,61,15,39,33,29,Needs Improvement
15,56,15,5,8,34,32,35,58,51,64,Moderately Ready
57,74,9,0,77,71,93,69,90,54,51,Moderately Ready
30,11,12,12,11,33,18,31,64,21,34,Needs Improvement
78,76,10,12,93,86,57,34,100,49,65,Moderately Ready
61,77,14,0,100,46,38,70,51,40,60,Moderately Ready
82,74,7,0,6,82,40,71,55,55,58,Moderately Ready
67,74,5,0,37,72,35,53,69,54,59,Moderately Ready
43,46,0,6,20,53,62,63,40,40,56,Needs Improvement
63,93,3,12,93,69,84,99,87,73,89,Highly Ready
62,24,13,12,67,42,47,60,35,41,53,Needs Improvement
68,85,7,0,82,60,67,60,72,49,64,Moderately Ready
70,65,7,0,82,50,32,50,71,77,55,Highly Ready
39,43,8,12,34,47,28,41,64,31,41,Needs Improvement
41,62,2,0,42,36,8,60,56,53,66,Moderately Ready
56,55,7,5,84,69,43,41,49,72,66,Moderately Ready
81,51,8,0,21,70,81,53,75,53,75,Moderately Ready
52,78,19,1,35,94,45,58,60,68,82,Highly Ready
41,27,10,0,32,29,37,45,73,43,65,Needs Improvement
58,57,1,0,58,82,38,85,89,39,86,Moderately Ready
62,64,0,1,73,62,58,76,81,97,50,Highly Ready
51,53,16,1,82,54,68,53,66,39,65,Needs Improvement
29,33,5,10,58,24,19,34,42,62,48,Needs Improvement
14,29,14,12,24,30,20,38,51,29,16,Not Ready Yet
70,31,2,8,71,52,25,3,64,58,35,Needs Improvement
32,45,19,10,88,46,0,34,50,50,35,Not Ready Yet
29,17,20,12,60,33,48,45,35,50,49,Needs Improvement
68,84,0,0,53,36,64,94,81,63,62,Moderately Ready
83,64,10,12,58,75,68,60,78,59,79,Moderately Ready
44,61,16,12,63,46,47,24,58,70,37,Needs Improvement
89,67,0,9,12,69,50,75,88,100,73,Highly Ready
58,84,9,0,34,81,87,38,68,53,58,Moderately Ready
76,50,15,0,13,63,53,70,79,73,78,Moderately Ready
69,58,10,0,54,70,67,53,87,68,54,Moderately Ready
69,38,15,0,31,46,24,48,55,26,54,Needs Improvement
49,35,0,5,100,67,82,35,73,49,84,Moderately Ready
50,63,15,8,28,63,47,46,51,19,65,Needs Improvement
48,23,19,2,85,17,32,15,34,67,39,Not Ready Yet
25,13,15,12,27,7,32,26,15,25,9,Not Ready Yet
85,64,7,1,4,65,60,73,78,58,85,Highly Ready
59,81,20,3,85,90,78,47,58,47,62,Moderately Ready
100,70,11,8,70,73,93,95,95,100,75,Highly Ready
25,28,0,12,88,34,0,50,27,57,14,Not Ready Yet
86,96,14,9,70,93,74,51,79,65,95,Highly Ready
67,52,17,4,44,48,44,28,67,47,62,Needs Improvement
52,66,12,0,51,53,81,88,49,85,82,Moderately Ready
63,91,2,3,94,61,78,95,71,85,78,Moderately Ready
59,56,0,0,65,45,53,51,76,68,87,Moderately Ready
67,5,0,12,95,40,4,41,69,36,30,Needs Improvement
69,51,0,8,54,75,43,39,70,51,32,Needs Improvement
82,100,0,12,100,81,70,98,81,65,74,Highly Ready
24,3,20,1,92,30,13,26,47,25,49,Not Ready Yet
90,70,7,0,6,64,50,62,76,80,94,Highly Ready
40,66,9,6,79,66,48,9,75,48,49,Needs Improvement
48,40,13,5,11,60,59,26,71,24,56,Needs Improvement
19,45,11,2,65,61,28,50,56,28,45,Needs Improvement
60,50,6,0,46,48,73,75,88,40,85,Moderately Ready
63,76,0,3,49,87,27,80,61,74,80,Moderately Ready
19,21,12,12,100,45,30,56,41,40,24,Not Ready Yet
49,28,20,0,46,39,41,23,45,43,48,Needs Improvement
39,47,16,9,20,74,54,42,67,45,19,Needs Improvement
76,99,14,12,9,51,71,62,100,73,69,Highly Ready
33,52,8,3,68,73,61,59,40,56,58,Needs Improvement
87,85,0,12,83,71,61,47,94,95,94,Highly Ready
11,27,20,12,48,31,36,17,67,19,18,Not Ready Yet
97,68,3,7,81,83,61,96,78,78,53,Highly Ready
100,88,3,1,30,65,31,54,100,60,94,Highly Ready
18,21,18,0,96,28,13,16,10,51,24,Not Ready Yet
31,11,20,12,20,46,28,6,37,24,36,Not Ready Yet
70,92,12,1,100,96,88,95,81,91,80,Highly Ready
35,30,18,7,26,23,6,23,52,49,44,Needs Improvement
82,37,1,12,92,50,14,53,67,71,62,Highly Ready
0,7,16,0,63,49,20,39,47,34,40,Not Ready Yet
31,65,8,3,19,43,43,64,89,68,57,Needs Improvement
57,48,13,0,69,52,27,69,62,83,79,Highly Ready
35,68,0,0,67,70,97,54,46,80,74,Moderately Ready
39,49,15,5,82,30,42,49,60,54,46,Needs Improvement
26,53,15,3,6,7,18,46,39,10,47,Not Ready Yet
90,73,0,3,5,82,63,58,78,98,68,Highly Ready
82,100,6,0,88,65,100,61,100,80,67,Highly Ready
71,81,17,7,85,38,71,67,84,56,90,Moderately Ready
62,40,18,0,49,68,18,6,24,56,27,Not Ready Yet
33,45,13,12,82,67,14,41,77,53,56,Not Ready Yet
39,25,10,12,37,9,0,39,36,15,48,Not Ready Yet
39,66,4,5,57,63,69,41,76,78,40,Moderately Ready
100,81,3,11,7,74,52,49,73,100,73,Highly Ready
88,67,7,6,68,81,83,51,88,93,90,Highly Ready
52,65,11,0,59,73,28,74,67,55,65,Moderately Ready
93,83,0,6,41,98,62,54,96,100,85,Highly Ready
24,40,0,12,14,51,49,6,41,26,67,Needs Improvement
42,44,1,3,66,24,38,27,45,54,49,Needs Improvement
55,64,1,0,78,75,39,52,52,78,51,Moderately Ready
68,51,8,12,17,44,41,14,51,41,25,Needs Improvement
65,83,11,0,99,79,80,45,75,97,63,Highly Ready
91,90,5,7,24,95,49,93,99,75,90,Highly Ready
51,37,9,12,47,52,77,17,50,56,73,Moderately Ready
46,31,16,7,85,58,52,54,56,39,49,Needs Improvement
72,30,20,11,65,51,23,40,34,37,12,Needs Improvement
47,79,11,12,2,81,52,30,62,80,59,Moderately Ready
56,56,12,0,52,50,34,40,51,58,50,Needs Improvement
35,54,16,12,61,40,12,49,59,38,43,Needs Improvement
24,42,12,0,43,35,19,21,61,53,40,Needs Improvement
90,57,12,0,43,42,55,83,40,48,59,Moderately Ready
40,53,1,6,10,69,36,92,69,79,60,Moderately Ready
80,54,18,0,51,93,79,31,51,47,80,Needs Improvement
88,100,1,4,88,92,39,52,93,95,82,Highly Ready
44,52,6,0,66,44,40,55,59,35,63,Needs Improvement
81,74,0,0,41,57,82,52,80,77,55,Moderately Ready
60,86,0,0,41,55,36,42,63,50,75,Moderately Ready
61,52,13,1,60,28,10,40,42,50,59,Needs Improvement
16,17,10,6,62,0,8,23,32,48,56,Not Ready Yet
58,86,0,5,83,69,29,64,71,73,55,Moderately Ready
44,85,0,0,68,60,100,100,87,50,62,Highly Ready
71,62,20,11,32,23,67,47,52,61,39,Needs Improvement
19,31,18,9,78,48,22,9,16,29,28,Not Ready Yet
60,65,15,10,46,54,65,51,62,59,29,Moderately Ready
53,82,1,0,43,63,83,68,68,66,87,Highly Ready
36,63,5,9,80,43,31,30,50,53,60,Needs Improvement
42,10,18,6,86,40,1,40,45,17,17,Not Ready Yet
14,32,20,12,57,20,12,27,27,47,24,Not Ready Yet
78,36,15,0,69,67,29,31,79,62,64,Moderately Ready
74,63,5,0,15,59,63,55,70,40,76,Moderately Ready
42,8,16,12,44,45,44,1,24,49,28,Not Ready Yet
94,66,0,0,18,47,77,42,54,45,90,Moderately Ready
7,18,15,7,75,26,55,39,31,16,49,Not Ready Yet
35,49,13,6,96,69,51,22,54,50,27,Needs Improvement
93,42,6,0,30,51,40,48,84,66,55,Needs Improvement
96,89,0,12,43,83,54,47,78,79,77,Highly Ready
32,64,20,0,28,23,46,42,36,56,19,Needs Improvement
55,64,0,7,38,52,33,45,64,81,88,Moderately Ready
58,79,10,4,80,67,64,54,79,64,89,Moderately Ready
76,28,5,12,93,91,63,57,86,48,71,Moderately Ready
90,82,12,3,24,100,78,51,70,68,77,Highly Ready
69,44,11,12,92,24,63,61,49,47,51,Needs Improvement
26,10,20,0,69,34,7,11,16,35,25,Not Ready Yet
90,100,7,0,1,74,85,52,94,100,84,Highly Ready
92,68,4,0,69,84,70,83,94,71,60,Highly Ready
76,89,7,0,85,58,66,18,85,71,68,Moderately Ready
100,81,0,5,85,87,91,55,89,100,69,Highly Ready
80,100,3,2,62,54,46,71,72,81,93,Highly Ready
13,44,20,10,0,69,24,38,69,33,26,Needs Improvement
66,87,0,0,52,75,68,97,100,70,86,Highly Ready
80,74,9,12,64,73,52,84,89,93,100,Highly Ready
72,55,2,0,10,100,63,78,68,96,100,Highly Ready
51,36,17,0,12,48,33,24,60,64,36,Needs Improvement
67,64,17,0,98,42,26,100,100,49,62,Moderately Ready
26,39,20,10,75,2,25,21,28,32,41,Not Ready Yet
0,17,18,12,32,6,28,59,41,16,21,Not Ready Yet
30,73,8,0,82,57,46,44,58,58,47,Needs Improvement
49,37,0,5,9,12,29,16,33,22,30,Not Ready Yet
60,64,7,6,38,78,100,36,45,74,70,Moderately Ready
84,71,0,12,52,45,67,80,66,59,94,Moderately Ready
84,47,0,0,90,51,62,63,57,52,58,Moderately Ready
53,54,9,0,48,82,48,35,59,71,52,Moderately Ready
5,12,18,12,17,36,28,28,45,41,3,Not Ready Yet
3,44,11,0,9,44,35,23,42,20,55,Not Ready Yet
76,69,18,0,96,59,25,65,100,91,60,Moderately Ready
80,79,16,12,6,79,59,40,67,81,62,Moderately Ready
65,72,7,5,82,76,66,75,84,49,91,Moderately Ready
62,31,14,8,82,61,15,21,56,48,45,Needs Improvement
75,84,0,4,14,46,65,49,80,80,75,Highly Ready
70,80,6,5,51,46,68,58,97,57,68,Moderately Ready
38,22,7,4,51,64,35,40,51,36,56,Needs Improvement
52,53,20,2,37,94,25,91,53,63,32,Moderately Ready
26,46,16,10,85,45,0,7,51,34,48,Not Ready Yet
81,81,0,0,78,92,75,93,72,100,71,Highly Ready
54,49,8,9,50,84,47,91,47,58,58,Moderately Ready
39,60,15,2,73,26,39,41,68,46,59,Needs Improvement
15,29,20,7,24,35,13,21,18,19,38,Not Ready Yet
16,42,17,12,80,35,47,11,39,23,35,Not Ready Yet
17,26,0,0,65,36,6,19,26,37,39,Not Ready Yet
51,44,20,8,0,39,21,45,42,39,56,Needs Improvement
29,18,20,12,0,61,58,21,51,31,48,Needs Improvement
95,87,0,0,100,98,92,88,96,63,68,Highly Ready
27,10,10,7,38,35,43,23,53,23,36,Not Ready Yet
77,35,0,1,100,65,28,70,94,67,74,Moderately Ready
26,21,20,5,1,23,27,21,39,22,39,Not Ready Yet
25,57,7,10,97,56,78,21,67,55,58,Needs Improvement
69,88,9,7,57,100,65,81,89,87,52,Highly Ready
41,35,5,4,57,98,47,57,62,58,66,Moderately Ready
95,86,7,9,30,54,63,70,92,92,67,Highly Ready
52,83,1,12,92,59,47,21,48,67,59,Needs Improvement
47,52,7,0,44,86,41,71,65,74,73,Moderately Ready
73,70,0,5,89,68,100,94,70,76,61,Highly Ready
34,32,6,11,54,57,65,75,63,42,54,Moderately Ready
47,13,6,12,67,55,44,37,70,39,32,Needs Improvement
50,48,3,1,31,72,69,44,85,82,57,Moderately Ready
42,41,7,12,27,59,12,19,53,42,50,Needs Improvement
39,13,10,12,0,15,25,35,43,46,42,Not Ready Yet
67,79,4,6,86,55,60,75,73,63,68,Moderately Ready
24,44,4,0,44,36,24,28,37,29,25,Not Ready Yet
63,66,0,4,68,41,63,47,67,69,43,Moderately Ready
63,33,8,11,50,58,12,40,61,36,41,Needs Improvement
34,15,17,3,46,39,37,27,43,15,3,Not Ready Yet
59,76,9,0,55,40,65,36,78,60,70,Moderately Ready
70,18,13,5,59,49,65,68,54,52,44,Needs Improvement
57,60,1,0,99,72,41,38,76,73,60,Moderately Ready
65,73,4,12,51,47,29,72,48,83,68,Moderately Ready
33,65,6,6,10,35,19,9,80,55,36,Needs Improvement
67,66,5,0,87,81,50,51,79,77,87,Highly Ready
100,85,8,0,82,88,49,66,90,92,65,Highly Ready
83,49,2,0,61,98,71,58,80,100,98,Highly Ready
65,72,15,0,35,45,43,37,80,46,89,Moderately Ready
60,47,17,0,100,56,11,2,71,55,21,Needs Improvement
49,40,1,12,19,33,25,47,34,65,43,Needs Improvement
43,38,19,7,18,42,62,48,36,29,54,Needs Improvement
63,50,0,0,73,97,38,79,79,74,73,Moderately Ready
28,33,7,11,31,42,31,37,59,37,33,Needs Improvement
86,50,10,2,0,55,33,33,53,71,53,Moderately Ready
21,10,14,0,35,23,21,5,20,56,51,Not Ready Yet
23,21,19,7,15,40,31,16,50,28,44,Not Ready Yet
83,69,12,0,31,55,39,31,63,72,49,Moderately Ready
81,54,4,12,33,63,38,30,67,65,74,Moderately Ready
100,73,4,0,62,93,98,71,62,65,75,Highly Ready
83,69,17,9,44,66,50,45,86,64,55,Highly Ready
62,80,17,9,51,71,42,80,72,96,43,Moderately Ready
65,69,8,6,27,53,63,80,93,58,66,Moderately Ready
15,10,20,11,92,36,11,26,23,19,8,Not Ready Yet
10,36,15,12,19,19,50,14,35,15,22,Not Ready Yet
95,100,0,0,35,87,62,76,88,67,66,Highly Ready
46,41,15,12,73,27,48,32,72,42,47,Needs Improvement
37,13,18,4,45,34,38,34,36,6,46,Not Ready Yet
84,57,20,0,69,68,47,31,83,41,57,Moderately Ready
88,100,10,1,95,53,59,94,81,75,98,Highly Ready
55,32,14,0,59,44,14,10,34,54,47,Not Ready Yet
0,9,20,2,20,16,5,15,30,25,47,Not Ready Yet
41,69,6,0,95,67,23,43,40,46,40,Needs Improvement
66,52,10,4,6,62,38,69,84,68,66,Moderately Ready
55,79,2,9,58,49,75,75,72,63,61,Moderately Ready
17,24,11,0,11,26,37,45,54,52,51,Needs Improvement
72,70,8,0,62,72,69,71,45,76,82,Moderately Ready
57,67,18,0,29,89,60,31,75,48,37,Moderately Ready
29,57,16,6,28,73,64,60,56,47,52,Needs Improvement
56,51,0,12,65,14,63,37,44,39,58,Needs Improvement
90,75,0,12,6,100,69,67,83,73,92,Highly Ready
59,42,20,3,96,56,61,80,60,66,63,Moderately Ready
69,75,10,10,98,77,81,56,81,79,42,Moderately Ready
80,69,8,10,70,93,78,93,100,81,100,Highly Ready
73,72,8,4,48,53,74,33,88,54,66,Moderately Ready
88,100,0,8,39,89,63,62,69,60,100,Highly Ready
70,45,6,2,28,86,47,71,65,72,76,Moderately Ready
62,39,20,0,65,48,68,39,52,57,90,Moderately Ready
56,79,7,12,68,49,41,37,71,51,59,Moderately Ready
38,57,3,12,15,57,34,19,48,22,25,Needs Improvement
14,30,6,5,91,36,5,26,22,14,40,Not Ready Yet
56,33,0,2,42,54,45,16,78,29,16,Needs Improvement
77,51,11,0,100,78,55,49,79,61,100,Highly Ready
70,25,1,11,34,71,21,44,50,52,35,Needs Improvement
56,29,11,0,27,32,65,62,59,71,21,Needs Improvement
70,65,1,5,48,60,49,100,77,82,61,Highly Ready
52,49,1,12,25,34,40,23,48,37,32,Needs Improvement
44,57,1,5,14,53,47,46,39,34,50,Needs Improvement
100,85,7,0,92,67,66,66,63,100,100,Highly Ready
65,31,1,0,63,65,84,81,78,51,68,Moderately Ready
70,49,12,0,45,61,41,58,61,56,70,Moderately Ready
31,6,7,5,83,31,19,31,58,34,8,Not Ready Yet
8,47,14,12,68,9,20,17,56,50,52,Not Ready Yet
100,91,18,12,0,71,88,56,84,97,64,Highly Ready
38,20,20,0,77,43,84,47,72,29,66,Needs Improvement
8,13,20,0,5,14,46,7,30,24,35,Needs Improvement
81,85,3,7,83,77,52,72,100,75,63,Highly Ready
39,16,5,12,87,21,1,8,68,29,36,Not Ready Yet
36,58,8,0,27,72,64,61,75,74,71,Moderately Ready
42,32,20,6,20,44,32,35,67,62,53,Needs Improvement
47,51,10,8,40,60,72,78,68,84,63,Moderately Ready
77,58,1,0,77,75,45,62,58,60,70,Moderately Ready
29,32,12,0,10,16,47,51,53,50,72,Needs Improvement
60,75,5,1,11,79,90,73,59,83,63,Highly Ready
46,63,0,1,53,78,80,41,60,64,94,Moderately Ready
39,27,20,0,63,57,14,36,34,50,60,Needs Improvement
46,17,19,8,0,47,15,1,58,59,18,Not Ready Yet
60,49,15,0,15,47,53,42,51,48,30,Moderately Ready
44,74,6,0,46,39,63,25,65,28,15,Not Ready Yet
73,61,12,0,93,71,59,35,77,73,63,Moderately Ready
89,39,20,0,69,70,81,87,83,74,77,Moderately Ready
64,72,10,0,30,64,64,36,67,49,43,Moderately Ready
100,83,0,0,39,56,94,59,76,82,75,Highly Ready
39,29,20,2,5,23,55,67,38,73,48,Needs Improvement
59,98,4,11,76,93,98,47,77,72,70,Highly Ready
97,69,1,0,100,83,62,83,80,99,100,Highly Ready
64,64,12,5,100,28,17,24,32,28,31,Needs Improvement
34,10,18,12,97,25,37,36,40,40,25,Not Ready Yet
62,62,5,0,47,18,58,44,62,47,21,Needs Improvement
38,14,18,4,13,39,38,0,50,22,41,Not Ready Yet
74,80,2,0,58,52,31,76,60,49,44,Moderately Ready
56,65,0,7,71,68,80,61,80,83,61,Moderately Ready
8,34,6,0,56,39,34,9,15,31,37,Not Ready Yet
32,14,9,9,12,38,28,27,52,15,23,Not Ready Yet
94,80,7,0,46,92,82,96,78,97,88,Highly Ready
67,57,20,8,87,31,64,34,52,42,30,Needs Improvement
51,50,4,10,47,53,62,46,50,52,33,Needs Improvement
60,54,20,12,11,85,48,41,80,76,63,Moderately Ready
50,39,20,6,33,27,40,36,37,47,39,Needs Improvement
34,37,2,7,65,48,54,35,52,59,53,Needs Improvement
65,59,2,0,83,84,61,35,100,69,64,Moderately Ready
35,52,3,0,72,46,18,36,51,28,46,Needs Improvement
58,51,7,12,87,34,8,45,43,43,57,Needs Improvement
95,83,0,0,84,98,42,59,88,65,69,Highly Ready
41,55,7,0,0,38,55,16,71,16,44,Needs Improvement
100,91,14,0,47,65,73,75,96,69,83,Highly Ready
58,68,9,0,89,79,80,40,67,46,98,Moderately Ready
34,34,17,4,96,15,40,36,18,50,23,Not Ready Yet
76,40,6,4,100,93,48,55,61,84,54,Moderately Ready
63,46,10,4,31,50,58,28,50,26,23,Needs Improvement
38,60,8,6,100,98,81,66,49,25,71,Moderately Ready
90,86,0,0,15,82,90,94,74,73,92,Highly Ready
48,49,4,12,27,85,44,77,100,58,50,Moderately Ready
49,70,20,0,76,85,47,65,81,87,44,Moderately Ready
22,41,11,12,41,39,12,32,13,45,32,Not Ready Yet
46,38,6,0,73,47,63,53,75,51,25,Needs Improvement
76,83,9,0,47,79,82,90,70,73,92,Highly Ready
81,52,10,3,46,83,80,71,89,71,67,Moderately Ready
51,52,9,7,4,77,45,75,48,76,70,Moderately Ready
51,65,4,12,80,63,8,22,75,47,53,Needs Improvement
64,97,5,12,71,45,91,54,45,53,84,Moderately Ready
74,100,13,8,41,70,37,85,73,94,95,Highly Ready
67,63,5,0,0,80,42,77,31,68,78,Moderately Ready
54,45,1,12,52,54,62,39,78,48,49,Needs Improvement
89,100,11,6,56,72,48,65,100,65,81,Highly Ready
81,85,0,0,62,97,73,52,70,80,100,Highly Ready
91,55,5,8,87,79,88,80,85,68,100,Highly Ready
9,19,12,12,31,32,3,32,39,25,10,Not Ready Yet
80,80,7,0,55,100,66,98,72,91,82,Highly Ready
45,20,11,12,48,0,52,2,9,26,32,Needs Improvement
70,65,3,7,17,88,67,72,76,79,90,Moderately Ready
57,56,4,3,13,46,61,68,50,90,53,Moderately Ready
54,72,20,6,53,63,24,24,61,33,47,Needs Improvement
25,31,11,12,0,24,19,15,34,42,39,Not Ready Yet
0,22,20,0,6,14,38,16,24,34,47,Not Ready Yet
23,0,20,3,30,19,19,11,33,29,54,Not Ready Yet
60,71,0,11,93,61,85,39,87,61,82,Moderately Ready
62,65,14,0,76,100,63,79,83,96,75,Highly Ready
23,20,13,8,48,31,21,0,39,21,41,Not Ready Yet
67,70,10,4,92,100,38,58,85,50,64,Moderately Ready
5,11,14,0,7,15,25,33,46,57,30,Not Ready Yet
81,82,0,0,95,69,47,61,94,60,81,Highly Ready
76,81,10,7,79,85,58,61,77,80,64,Moderately Ready
66,27,16,12,79,59,4,22,37,19,24,Needs Improvement
44,34,16,10,40,24,30,58,65,48,37,Needs Improvement
59,54,13,12,46,58,48,38,84,46,66,Needs Improvement
61,24,11,3,10,41,27,16,50,60,43,Needs Improvement
43,62,8,7,5,80,43,77,66,64,74,Moderately Ready
38,55,0,10,30,44,36,53,55,59,76,Needs Improvement
21,21,12,12,28,50,2,11,36,34,4,Not Ready Yet
85,80,9,8,43,100,71,49,100,50,61,Highly Ready
70,67,0,10,44,91,30,94,67,72,51,Moderately Ready
81,30,0,7,92,72,49,65,57,76,75,Moderately Ready
72,42,0,0,50,66,48,52,52,59,60,Moderately Ready
87,79,1,9,16,79,100,100,65,51,75,Highly Ready
69,74,19,4,61,75,31,85,76,58,57,Moderately Ready
45,27,12,2,53,43,51,64,60,38,68,Needs Improvement
61,85,13,1,30,70,25,73,80,89,59,Moderately Ready
80,72,20,0,74,66,78,50,80,100,80,Highly Ready
65,52,0,0,59,62,57,32,51,78,44,Moderately Ready
58,70,5,11,76,66,25,51,50,60,72,Moderately Ready
73,34,0,12,97,50,33,52,41,60,48,Needs Improvement
50,54,10,5,14,32,15,53,42,52,45,Needs Improvement
39,54,8,9,80,50,60,26,66,28,53,Needs Improvement
100,69,4,0,44,63,82,90,97,89,92,Highly Ready
100,76,4,12,46,51,61,76,70,64,73,Moderately Ready
48,53,6,0,32,80,53,67,71,80,51,Moderately Ready
78,80,8,0,33,77,75,63,64,54,49,Moderately Ready
87,82,3,6,52,96,79,57,85,81,75,Highly Ready
42,62,9,9,53,29,36,55,39,70,34,Needs Improvement
5,14,7,11,46,50,52,6,43,26,59,Not Ready Yet
56,28,6,0,2,33,17,50,38,44,69,Needs Improvement
39,52,0,0,11,63,26,29,63,28,69,Needs Improvement
29,22,17,10,58,33,25,22,58,33,31,Not Ready Yet
63,71,6,0,49,42,32,77,78,65,67,Moderately Ready
43,41,13,7,44,36,48,26,38,30,22,Not Ready Yet
49,34,17,7,100,52,45,39,50,58,57,Needs Improvement
76,96,7,12,56,73,42,57,79,86,83,Highly Ready
50,44,5,5,40,54,83,81,52,59,59,Moderately Ready
40,48,16,0,17,36,37,34,45,31,64,Moderately Ready
73,76,10,12,17,56,57,44,68,69,68,Moderately Ready
40,59,11,2,85,53,18,41,61,78,49,Needs Improvement
61,24,14,0,100,58,49,34,54,28,20,Needs Improvement
9,5,13,12,0,39,19,3,33,30,27,Not Ready Yet
92,61,13,2,38,86,76,98,82,99,54,Highly Ready
39,37,11,2,26,35,29,58,53,50,63,Needs Improvement
96,87,12,1,65,61,75,72,89,78,77,Moderately Ready
83,44,16,6,32,59,46,48,74,54,93,Moderately Ready
52,40,0,12,63,38,26,67,57,48,56,Needs Improvement
60,65,0,10,83,32,45,47,36,41,63,Needs Improvement
63,40,0,9,49,58,71,42,47,39,62,Needs Improvement
51,43,20,0,24,72,60,47,71,55,23,Needs Improvement
30,35,18,5,51,41,27,52,75,26,45,Needs Improvement
34,26,6,6,79,1,41,35,41,19,22,Not Ready Yet
72,94,0,0,8,61,54,88,75,100,97,Highly Ready
100,54,4,4,54,81,95,47,64,100,94,Highly Ready
90,92,2,12,53,79,50,46,75,81,58,Highly Ready
32,53,8,9,100,47,38,12,73,26,40,Not Ready Yet
52,75,13,8,68,59,34,76,92,74,78,Moderately Ready
100,72,2,0,55,86,99,43,96,90,49,Highly Ready
50,47,6,10,40,50,64,69,89,89,49,Moderately Ready
30,16,6,11,84,48,21,26,76,57,54,Needs Improvement
49,74,20,6,96,80,46,27,69,63,74,Moderately Ready
39,71,7,12,100,73,79,39,61,47,80,Moderately Ready
100,79,7,4,34,100,66,50,81,72,65,Highly Ready
59,84,0,1,66,79,83,54,74,97,54,Needs Improvement
95,79,8,4,48,54,80,89,78,88,95,Highly Ready
59,60,14,12,12,26,75,32,49,62,49,Needs Improvement
58,31,18,12,55,47,69,31,67,46,50,Needs Improvement
87,74,7,0,63,92,98,99,74,70,78,Highly Ready
40,26,12,5,99,8,40,34,45,44,15,Not Ready Yet
76,74,0,12,97,71,75,37,54,62,58,Moderately Ready
46,53,20,12,79,76,38,39,67,48,55,Moderately Ready
12,48,9,11,7,40,0,50,66,25,8,Not Ready Yet
32,47,11,5,100,46,47,57,67,61,39,Needs Improvement
86,64,9,0,15,85,85,32,43,65,73,Moderately Ready
98,89,5,12,67,90,91,44,65,67,83,Highly Ready
92,100,20,0,95,83,87,48,62,56,72,Highly Ready
30,23,20,12,0,26,31,52,22,0,49,Not Ready Yet
74,74,12,8,50,84,56,60,52,62,74,Moderately Ready
84,80,0,11,100,57,69,66,68,75,100,Highly Ready
21,0,20,3,69,31,34,42,39,45,7,Not Ready Yet
67,68,14,4,18,98,65,47,100,79,59,Highly Ready
70,60,0,0,66,69,90,64,73,100,78,Highly Ready
74,89,18,7,86,51,74,85,55,76,71,Moderately Ready
22,31,4,10,97,39,33,0,11,60,29,Not Ready Yet
79,69,3,6,73,52,75,78,77,72,81,Highly Ready
79,63,17,4,94,44,58,58,59,60,65,Moderately Ready
100,90,1,12,50,61,68,89,89,92,68,Highly Ready
69,85,0,5,37,75,91,77,86,74,79,Highly Ready
20,11,14,0,81,35,5,23,55,26,12,Not Ready Yet
48,42,20,7,44,68,19,27,58,44,56,Needs Improvement
44,39,16,5,56,12,31,0,6,51,38,Not Ready Yet
19,52,6,2,100,27,81,62,70,28,23,Needs Improvement
85,54,0,3,7,65,93,79,61,57,32,Moderately Ready
21,20,11,10,7,53,40,69,69,63,39,Needs Improvement
13,20,20,10,69,14,35,34,25,21,27,Not Ready Yet
50,38,0,0,100,22,44,56,68,55,66,Not Ready Yet
56,40,0,4,8,27,40,55,87,49,48,Needs Improvement
49,0,20,0,58,22,34,0,43,37,24,Not Ready Yet
31,26,16,3,73,53,33,37,50,43,62,Needs Improvement
52,45,15,5,53,39,51,83,67,75,81,Moderately Ready
99,100,3,0,68,74,100,92,69,88,79,Highly Ready
63,56,0,8,100,85,96,43,57,35,45,Moderately Ready
33,65,17,8,55,49,24,15,38,48,57,Needs Improvement
7,1,10,10,20,36,17,19,21,29,49,Not Ready Yet
73,50,6,0,15,53,65,52,58,61,65,Moderately Ready
61,74,0,0,29,58,88,38,68,60,81,Highly Ready
44,48,9,0,87,55,44,54,29,37,48,Not Ready Yet
99,80,0,0,66,81,48,64,100,87,92,Highly Ready
70,84,3,10,70,98,47,22,69,70,89,Moderately Ready
4,21,20,7,0,3,33,1,19,50,48,Not Ready Yet
20,27,13,4,28,4,12,11,9,29,16,Not Ready Yet
31,4,20,12,98,14,14,26,13,16,49,Not Ready Yet
89,61,8,0,47,86,57,41,68,53,73,Needs Improvement
87,67,6,4,70,63,45,75,67,48,76,Moderately Ready
75,99,0,12,66,75,81,97,77,57,91,Highly Ready
29,33,18,12,61,43,48,45,79,45,25,Needs Improvement
46,45,20,0,39,35,0,8,27,50,36,Not Ready Yet
64,78,8,6,42,46,66,40,81,66,60,Moderately Ready
51,50,20,12,47,55,30,74,53,85,76,Moderately Ready
38,37,20,7,32,0,28,55,20,30,6,Not Ready Yet
57,35,16,5,18,51,53,41,75,85,54,Moderately Ready
73,47,0,12,89,40,40,46,45,21,41,Needs Improvement
38,50,20,10,21,66,61,55,49,32,33,Needs Improvement
37,25,5,7,63,0,48,11,23,32,33,Not Ready Yet
97,68,0,0,78,67,89,53,75,100,74,Highly Ready
56,46,0,12,93,58,37,82,57,27,87,Moderately Ready
85,56,0,0,43,73,37,66,62,56,56,Moderately Ready
50,87,16,6,71,68,42,38,92,58,69,Moderately Ready
57,85,6,0,38,63,58,22,83,84,81,Moderately Ready
90,76,0,7,75,80,48,81,80,86,85,Highly Ready
92,100,9,1,52,84,85,53,96,98,67,Highly Ready
52,15,20,12,89,49,11,50,9,24,43,Not Ready Yet
68,52,7,0,54,41,77,78,88,47,70,Moderately Ready
7,42,20,2,69,0,38,22,24,16,27,Not Ready Yet
75,72,4,6,32,63,78,32,86,48,49,Moderately Ready
10,21,14,12,77,33,44,26,52,53,43,Not Ready Yet
45,48,12,0,43,59,72,27,74,53,41,Needs Improvement
94,70,2,5,98,68,91,54,76,64,65,Highly Ready
47,6,14,0,8,37,69,42,77,73,55,Needs Improvement
53,23,2,6,100,67,58,64,63,30,62,Needs Improvement
77,66,0,4,39,49,54,69,75,62,49,Moderately Ready
66,99,0,9,23,97,94,57,71,60,90,Highly Ready
85,73,2,0,4,91,86,71,76,81,91,Highly Ready
42,87,2,4,97,73,57,72,83,45,84,Moderately Ready
35,19,12,8,82,43,18,32,64,51,48,Needs Improvement
51,59,20,6,30,29,34,43,51,24,48,Needs Improvement
73,37,0,0,48,70,58,83,68,88,71,Moderately Ready
59,65,0,0,7,66,52,68,90,73,61,Moderately Ready
76,46,19,7,77,54,81,65,49,62,87,Moderately Ready
100,78,8,9,14,61,88,62,81,65,51,Highly Ready
50,10,13,10,14,6,33,16,52,11,21,Not Ready Yet
52,21,0,12,57,26,22,8,24,3,13,Not Ready Yet
9,31,13,3,62,24,43,32,61,39,29,Not Ready Yet
100,66,0,0,29,81,88,59,93,75,83,Highly Ready
92,56,2,3,55,55,58,79,69,75,45,Moderately Ready
47,57,5,7,11,29,22,19,53,38,28,Needs Improvement
39,39,7,7,94,30,53,20,60,59,48,Needs Improvement
29,30,14,11,100,23,0,8,66,21,14,Not Ready Yet
28,27,18,11,67,10,0,0,43,21,50,Not Ready Yet
100,67,0,8,82,64,44,47,88,78,89,Highly Ready
49,56,5,12,75,47,70,39,59,52,71,Moderately Ready
66,82,0,1,73,100,35,44,77,63,81,Highly Ready
43,31,11,12,97,22,28,23,69,67,59,Needs Improvement
54,30,2,5,8,50,46,24,49,50,57,Moderately Ready
89,78,0,0,26,73,100,100,100,100,92,Highly Ready
60,83,15,12,33,44,56,52,49,75,81,Moderately Ready
39,12,20,9,46,42,17,23,32,41,0,Not Ready Yet
90,99,0,0,63,52,74,96,84,84,64,Highly Ready
88,98,5,0,72,73,92,61,68,78,95,Highly Ready
79,79,2,5,72,82,78,64,49,62,63,Moderately Ready
24,29,11,12,55,24,35,33,54,22,23,Not Ready Yet
80,79,5,0,43,74,85,100,100,92,58,Highly Ready
56,20,13,9,47,7,45,28,24,19,35,Not Ready Yet
40,43,20,12,33,52,24,33,28,58,50,Needs Improvement
37,59,19,0,100,50,71,22,67,36,48,Needs Improvement
51,82,10,12,84,44,66,33,87,60,86,Moderately Ready
84,100,14,12,85,58,45,75,61,100,86,Highly Ready
59,82,5,1,55,69,68,52,63,56,63,Moderately Ready
41,61,5,5,21,54,59,16,93,75,86,Moderately Ready
25,5,8,5,38,38,11,7,32,51,9,Not Ready Yet
18,31,0,9,82,21,17,34,42,20,24,Not Ready Yet
56,31,3,0,21,41,18,14,62,51,69,Needs Improvement
88,100,0,5,92,73,75,62,96,92,89,Highly Ready
59,42,20,6,57,54,55,76,36,38,49,Needs Improvement
91,84,0,0,48,67,77,100,88,75,93,Highly Ready
47,23,0,0,52,63,40,43,38,58,28,Not Ready Yet
48,64,16,1,18,80,53,47,87,70,70,Moderately Ready
37,27,12,12,64,16,21,13,56,0,47,Needs Improvement
82,63,0,0,76,81,54,64,70,100,63,Highly Ready
81,37,0,0,17,65,58,46,71,43,42,Moderately Ready
32,36,15,0,52,15,27,32,25,30,46,Not Ready Yet
63,56,0,11,0,95,88,44,46,67,70,Moderately Ready
76,100,18,0,61,92,66,47,82,81,67,Highly Ready
54,40,4,4,100,89,66,47,53,66,66,Highly Ready
71,74,2,4,56,67,74,97,77,76,57,Moderately Ready
28,33,10,0,30,41,73,40,71,59,41,Needs Improvement
65,15,1,11,24,60,20,65,58,61,49,Needs Improvement
100,66,6,0,0,100,56,86,90,81,83,Highly Ready
86,45,3,0,88,68,58,57,66,87,82,Moderately Ready
70,69,9,0,5,75,85,85,66,75,66,Moderately Ready
36,49,3,0,49,65,49,41,71,23,67,Needs Improvement
5,8,14,11,3,29,4,37,51,13,44,Not Ready Yet
51,14,8,12,94,36,12,42,68,48,32,Needs Improvement
31,16,9,12,100,31,43,48,40,39,5,Not Ready Yet
95,89,5,0,55,77,56,73,79,78,96,Highly Ready
92,36,0,0,51,58,21,49,79,74,66,Highly Ready
77,88,0,0,97,78,53,100,78,97,62,Highly Ready
88,68,20,3,15,89,59,64,39,73,73,Moderately Ready
52,75,17,0,5,74,100,76,89,100,64,Highly Ready
42,51,15,12,56,40,29,68,43,51,63,Needs Improvement
51,54,12,0,19,73,44,35,28,51,53,Needs Improvement
56,89,20,0,0,46,77,64,92,78,71,Moderately Ready
81,61,2,12,55,55,96,60,80,73,100,Highly Ready
57,42,3,12,49,56,46,62,78,34,34,Needs Improvement
79,97,2,0,98,82,62,92,96,100,71,Highly Ready
77,52,8,0,38,48,32,73,80,38,66,Moderately Ready
60,71,11,1,27,48,75,77,96,67,71,Moderately Ready
98,70,5,0,53,91,47,36,88,74,84,Moderately Ready
83,72,3,4,16,77,90,65,89,64,78,Highly Ready
37,52,17,1,86,26,19,18,59,50,52,Needs Improvement
83,100,4,7,4,70,62,74,89,91,71,Highly Ready
99,100,20,8,12,94,89,48,76,53,78,Highly Ready
52,36,0,0,42,71,40,25,93,94,73,Moderately Ready
59,68,0,7,69,49,26,54,72,64,73,Moderately Ready
51,21,11,0,21,44,35,49,69,26,42,Not Ready Yet
27,17,0,0,1,51,33,74,39,23,54,Needs Improvement
31,17,0,12,98,16,0,23,24,24,0,Not Ready Yet
52,47,16,12,22,28,64,50,41,21,54,Needs Improvement
19,22,18,12,30,12,0,39,29,4,36,Not Ready Yet
36,28,7,0,34,10,64,51,62,31,27,Needs Improvement
19,33,14,0,0,25,14,51,34,33,46,Needs Improvement
78,87,6,0,100,72,75,46,100,93,67,Moderately Ready
36,46,16,4,71,42,62,25,51,29,46,Needs Improvement
50,23,20,8,76,56,60,36,56,16,32,Needs Improvement
35,37,4,12,97,57,37,0,41,42,12,Not Ready Yet
99,90,6,11,56,65,74,68,100,79,88,Highly Ready
49,72,1,12,90,44,61,64,66,54,59,Moderately Ready
36,16,5,12,39,7,5,13,36,13,6,Not Ready Yet
49,42,0,5,5,81,71,76,53,57,44,Moderately Ready
80,72,1,5,56,76,62,76,75,74,85,Moderately Ready
27,19,18,12,75,13,8,19,55,29,33,Not Ready Yet
44,39,0,0,52,27,58,33,39,50,29,Needs Improvement
69,57,10,11,46,54,43,64,92,79,41,Moderately Ready
33,37,10,11,82,36,44,35,65,62,40,Needs Improvement
67,64,8,0,15,92,78,77,81,87,59,Highly Ready
50,40,0,5,47,81,62,80,50,100,88,Moderately Ready
48,15,0,3,11,58,72,54,73,48,77,Moderately Ready
97,79,15,0,50,63,81,67,76,62,96,Highly Ready
43,64,14,6,25,49,29,56,67,48,48,Needs Improvement
25,53,0,0,69,66,50,63,37,67,31,Needs Improvement
68,39,14,12,79,63,28,46,49,38,48,Needs Improvement
100,89,6,12,0,95,58,100,63,77,88,Highly Ready
23,46,18,12,0,57,25,17,59,25,51,Needs Improvement
68,39,12,12,15,52,60,14,81,58,80,Moderately Ready
27,17,20,5,36,26,45,17,10,33,43,Not Ready Yet
56,22,15,12,27,45,24,18,75,47,57,Needs Improvement
82,96,8,0,78,49,57,36,66,48,76,Moderately Ready
67,57,13,0,3,77,100,62,91,77,84,Highly Ready
60,36,0,0,21,27,63,41,65,62,34,Needs Improvement
74,63,0,6,0,71,91,93,81,100,81,Highly Ready
28,48,10,5,76,37,54,46,79,42,50,Not Ready Yet
26,55,14,12,39,39,59,47,44,52,45,Needs Improvement
27,32,20,12,26,29,31,54,33,54,42,Needs Improvement
74,94,0,12,64,82,66,48,58,96,83,Moderately Ready
64,89,2,0,66,82,88,57,100,80,100,Highly Ready
39,73,6,2,47,57,91,81,78,76,88,Moderately Ready
59,63,5,12,89,40,30,31,63,34,45,Needs Improvement
26,4,8,5,17,16,36,0,52,17,53,Not Ready Yet
37,46,20,4,84,41,19,18,45,69,52,Needs Improvement
73,73,5,0,33,70,79,37,74,62,84,Highly Ready
36,50,14,0,97,28,61,52,85,57,50,Needs Improvement
77,100,2,3,67,72,63,79,87,84,75,Highly Ready
58,57,20,0,44,51,27,67,53,75,57,Highly Ready
10,14,4,12,32,17,37,51,19,23,38,Not Ready Yet
96,86,0,0,93,54,26,24,75,49,80,Moderately Ready
46,37,16,12,33,31,19,10,37,31,32,Not Ready Yet
49,10,12,11,37,0,8,0,48,16,50,Not Ready Yet
59,30,15,0,50,63,42,50,64,58,82,Highly Ready
20,10,20,12,0,26,27,13,9,30,38,Not Ready Yet
73,80,0,0,69,85,42,72,72,68,72,Moderately Ready
49,45,9,8,80,77,39,51,78,30,64,Not Ready Yet
51,57,8,2,100,81,74,50,72,46,69,Moderately Ready
1,23,20,12,100,19,27,19,18,22,13,Not Ready Yet
62,56,20,9,73,36,41,24,41,37,36,Needs Improvement
89,83,5,8,37,55,51,71,100,86,68,Moderately Ready
49,27,8,0,21,66,39,19,40,59,51,Needs Improvement
52,54,4,6,0,81,80,19,62,70,57,Moderately Ready
30,57,9,0,46,45,29,50,60,75,61,Needs Improvement
100,100,11,0,26,81,51,58,68,98,74,Highly Ready
40,68,19,0,61,47,68,15,36,31,25,Needs Improvement
67,53,0,0,16,56,39,40,60,55,47,Needs Improvement
42,76,20,1,43,68,31,59,53,83,40,Moderately Ready
3,30,12,5,32,19,15,7,17,30,37,Not Ready Yet
72,72,18,12,9,55,47,71,60,53,51,Moderately Ready
79,72,0,2,94,90,84,56,75,91,87,Highly Ready
60,68,0,12,79,47,48,35,85,84,53,Moderately Ready
80,66,0,5,4,87,77,53,85,76,54,Moderately Ready
17,24,20,0,80,34,43,0,22,8,34,Not Ready Yet
88,97,0,0,47,72,48,75,79,86,69,Highly Ready
97,100,12,12,70,78,51,39,60,73,61,Highly Ready
71,82,6,12,98,84,71,89,100,58,65,Moderately Ready
43,29,7,0,59,37,21,43,46,53,50,Needs Improvement
30,13,9,9,7,44,8,39,40,43,50,Not Ready Yet
44,21,5,0,72,34,24,35,47,34,24,Not Ready Yet
45,22,20,12,34,51,54,33,79,40,59,Moderately Ready
50,49,7,8,10,80,48,65,51,65,58,Moderately Ready
82,75,18,0,3,80,57,31,85,57,88,Moderately Ready
11,11,20,12,10,22,0,33,40,47,8,Not Ready Yet
79,58,17,0,57,93,100,90,77,61,85,Highly Ready
7,23,2,0,80,29,12,43,50,58,42,Not Ready Yet
39,72,10,0,67,27,57,45,46,49,43,Needs Improvement
45,42,18,0,9,74,70,34,52,56,29,Needs Improvement
60,56,20,12,96,50,38,18,35,28,33,Needs Improvement
37,47,0,0,43,40,65,52,83,37,47,Needs Improvement
52,31,12,9,59,49,37,32,32,24,53,Needs Improvement
62,75,15,8,76,63,57,50,61,89,62,Highly Ready
37,0,3,12,61,35,49,41,33,12,22,Not Ready Yet
25,53,14,5,90,29,41,20,63,54,17,Needs Improvement
80,74,3,12,39,89,100,73,73,76,81,Highly Ready
91,59,9,3,90,71,27,51,88,37,58,Moderately Ready
90,75,3,10,30,80,74,86,85,85,61,Highly Ready
64,29,6,12,13,41,66,14,51,55,57,Needs Improvement
53,73,20,0,60,48,53,19,46,26,56,Moderately Ready
8,35,20,12,72,3,30,22,60,0,17,Not Ready Yet
47,57,10,4,87,38,48,26,43,48,31,Needs Improvement
75,54,11,5,37,60,59,44,49,74,78,Moderately Ready
96,86,11,0,91,62,95,62,71,97,100,Highly Ready
71,81,0,0,21,76,68,86,64,88,74,Moderately Ready
55,52,0,12,39,63,36,49,51,65,47,Needs Improvement
56,58,0,0,35,80,79,62,96,41,80,Moderately Ready
91,75,16,3,62,67,79,83,83,60,70,Highly Ready
80,59,6,1,12,70,70,69,66,54,66,Moderately Ready
17,0,18,7,99,40,20,10,15,24,37,Not Ready Yet
69,81,0,0,2,54,57,100,91,86,90,Highly Ready
12,26,15,12,52,50,0,0,15,44,55,Not Ready Yet
31,38,1,12,83,53,27,30,35,23,62,Moderately Ready
79,45,6,12,86,51,88,39,85,57,66,Moderately Ready
66,45,2,0,21,48,42,53,66,67,54,Needs Improvement
21,30,13,0,78,34,18,12,22,44,26,Not Ready Yet
46,10,3,0,90,49,32,59,67,53,24,Needs Improvement
53,86,0,0,17,81,73,49,72,63,76,Moderately Ready
41,45,14,9,66,65,32,26,42,65,30,Needs Improvement
15,7,17,0,88,22,26,3,39,25,35,Not Ready Yet
10,26,14,9,75,5,0,21,41,27,16,Not Ready Yet
64,80,16,4,56,64,72,23,58,71,69,Moderately Ready
10,18,20,0,45,11,30,10,33,36,16,Not Ready Yet
68,73,3,10,15,78,74,80,82,89,46,Moderately Ready
56,37,0,0,0,58,67,50,42,70,87,Moderately Ready
78,55,9,4,43,90,98,52,85,81,78,Highly Ready
78,49,3,2,26,84,88,100,100,71,86,Highly Ready
52,16,0,10,56,50,35,28,40,61,46,Needs Improvement
82,65,0,7,49,63,72,96,88,100,100,Highly Ready
74,57,12,10,82,62,67,52,73,50,84,Moderately Ready
43,73,7,1,100,74,44,51,44,64,87,Moderately Ready
41,76,20,11,21,63,37,45,33,87,73,Moderately Ready
68,76,14,12,87,66,67,65,80,94,100,Highly Ready
25,8,11,8,70,36,42,0,29,28,54,Not Ready Yet
57,81,17,0,12,51,67,82,82,83,48,Moderately Ready
73,67,0,0,0,85,93,54,90,100,78,Highly Ready
71,39,12,9,32,42,48,39,68,44,51,Needs Improvement
66,68,16,0,20,55,76,37,92,58,56,Moderately Ready
28,34,20,0,89,26,9,33,52,36,13,Not Ready Yet
10,17,10,8,54,11,13,6,36,29,36,Not Ready Yet
74,51,17,10,90,55,51,35,50,39,70,Needs Improvement
74,76,4,6,84,78,88,33,86,62,67,Moderately Ready
71,82,0,6,76,80,76,78,100,74,51,Moderately Ready
95,81,7,8,55,88,95,50,80,61,63,Highly Ready
35,39,19,8,13,22,53,49,43,67,54,Needs Improvement
59,64,16,4,94,74,73,37,85,76,53,Moderately Ready
52,56,4,0,80,77,36,67,60,44,61,Moderately Ready
82,73,0,12,16,100,78,84,56,71,85,Highly Ready
15,63,0,12,87,16,49,21,68,28,34,Not Ready Yet
85,73,0,0,2,95,55,100,91,93,95,Highly Ready
91,81,0,0,95,98,63,53,88,75,90,Moderately Ready
24,33,13,10,0,17,33,24,41,15,46,Not Ready Yet
39,46,5,4,90,37,31,66,65,38,34,Needs Improvement
45,36,10,8,77,78,58,88,55,83,66,Moderately Ready
79,71,16,0,86,90,88,64,68,98,90,Highly Ready
66,68,6,12,49,60,61,56,42,52,41,Needs Improvement
54,39,1,12,49,66,18,17,43,24,51,Needs Improvement
91,64,6,0,43,82,32,74,90,82,62,Moderately Ready
61,57,20,1,60,79,24,52,68,78,44,Moderately Ready
85,89,4,12,34,74,69,100,92,100,79,Highly Ready
39,69,0,0,42,75,39,23,25,55,64,Moderately Ready
